path,label_name,label,split
/content/drive/MyDrive/MaizeData/GOOD_SEED/IMG_20260706_112607.jpg,GOOD_SEED,1,train
/content/drive/MyDrive/MaizeData/BAD_SEED/IMG_20260707_085445.jpg,BAD_SEED,0,train
/content/drive/MyDrive/MaizeData/GOOD_SEED/IMG_20260706_075638.jpg,GOOD_SEED,1,train
/content/drive/MyDrive/MaizeData/GOOD_SEED/IMG_20260706_080915.jpg,GOOD_SEED,1,train
/content/drive/MyDrive/MaizeData/BAD_SEED/IMG_20260707_100339.jpg,BAD_SEED,0,train
/content/drive/MyDrive/MaizeData/BAD_SEED/IMG_20260709_180018.jpg,BAD_SEED,0,train
/content/drive/MyDrive/MaizeData/GOOD_SEED/IMG_20260706_100434.jpg,GOOD_SEED,1,train
/content/drive/MyDrive/MaizeData/BAD_SEED/IMG_20260707_092037.jpg,BAD_SEED,0,train
/content/drive/MyDrive/MaizeData/BAD_SEED/IMG_20260709_094600_1.jpg,BAD_SEED,0,train
/content/drive/MyDrive/MaizeData/GOOD_SEED/IMG_20260706_112501.jpg,GOOD_SEED,1,train
/content/drive/MyDrive/MaizeData/GOOD_SEED/IMG_20260706_084208.jpg,GOOD_SEED,1,train
/content/drive/MyDrive/MaizeData/BAD_SEED/IMG_20260709_090613.jpg,BAD_SEED,0,train
/content/drive/MyDrive/MaizeData/BAD_SEED/IMG_20260707_100202.jpg,BAD_SEED,0,train
/content/drive/MyDrive/MaizeData/BAD_SEED/IMG_20260709_091825.jpg,BAD_SEED,0,train
/content/drive/MyDrive/MaizeData/BAD_SEED/IMG_20260707_091234.jpg,BAD_SEED,0,train
/content/drive/MyDrive/MaizeData/NO_MAIZE/IMG_5563.jpg,NO_MAIZE,2,train
/content/drive/MyDrive/MaizeData/BAD_SEED/IMG_20260709_090842.jpg,BAD_SEED,0,train
/content/drive/MyDrive/MaizeData/GOOD_SEED/IMG_20260706_090958.jpg,GOOD_SEED,1,train
/content/drive/MyDrive/MaizeData/BAD_SEED/IMG_20260707_094034.jpg,BAD_SEED,0,train
/content/drive/MyDrive/MaizeData/GOOD_SEED/IMG_20260706_101927.jpg,GOOD_SEED,1,train
/content/drive/MyDrive/MaizeData/BAD_SEED/IMG_20260707_084017.jpg,BAD_SEED,0,train
/content/drive/MyDrive/MaizeData/BAD_SEED/IMG_20260709_174745.jpg,BAD_SEED,0,train
/content/drive/MyDrive/MaizeData/BAD_SEED/IMG_20260707_093418_1.jpg,BAD_SEED,0,train
/content/drive/MyDrive/MaizeData/BAD_SEED/IMG_20260709_173646_1.jpg,BAD_SEED,0,train
/content/drive/MyDrive/MaizeData/BAD_SEED/IMG_20260709_095258.jpg,BAD_SEED,0,train
/content/drive/MyDrive/MaizeData/GOOD_SEED/IMG_20260706_113521_1.jpg,GOOD_SEED,1,train
/content/drive/MyDrive/MaizeData/BAD_SEED/IMG_20260707_085310.jpg,BAD_SEED,0,train
/content/drive/MyDrive/MaizeData/GOOD_SEED/IMG_20260706_101527_1.jpg,GOOD_SEED,1,train
/content/drive/MyDrive/MaizeData/BAD_SEED/IMG_20260707_093335.jpg,BAD_SEED,0,train
/content/drive/MyDrive/MaizeData/GOOD_SEED/IMG_20260706_113847.jpg,GOOD_SEED,1,train
/content/drive/MyDrive/MaizeData/BAD_SEED/IMG_20260707_094508.jpg,BAD_SEED,0,train
/content/drive/MyDrive/MaizeData/BAD_SEED/IMG_20260709_094809.jpg,BAD_SEED,0,train
/content/drive/MyDrive/MaizeData/BAD_SEED/IMG_20260707_084541.jpg,BAD_SEED,0,train
/content/drive/MyDrive/MaizeData/BAD_SEED/IMG_20260709_174909.jpg,BAD_SEED,0,train
/content/drive/MyDrive/MaizeData/BAD_SEED/IMG_20260707_091810_1.jpg,BAD_SEED,0,train
/content/drive/MyDrive/MaizeData/GOOD_SEED/IMG_20260706_074654.jpg,GOOD_SEED,1,train
/content/drive/MyDrive/MaizeData/BAD_SEED/IMG_20260707_091911_1.jpg,BAD_SEED,0,train
/content/drive/MyDrive/MaizeData/GOOD_SEED/IMG_20260706_102533.jpg,GOOD_SEED,1,train
/content/drive/MyDrive/MaizeData/GOOD_SEED/IMG_20260706_083704.jpg,GOOD_SEED,1,train
/content/drive/MyDrive/MaizeData/BAD_SEED/IMG_20260709_094312.jpg,BAD_SEED,0,train
/content/drive/MyDrive/MaizeData/BAD_SEED/IMG_20260707_100729.jpg,BAD_SEED,0,train
/content/drive/MyDrive/MaizeData/BAD_SEED/IMG_20260707_092840_1.jpg,BAD_SEED,0,train
/content/drive/MyDrive/MaizeData/BAD_SEED/IMG_20260709_185245.jpg,BAD_SEED,0,train
/content/drive/MyDrive/MaizeData/GOOD_SEED/IMG_20260706_113749.jpg,GOOD_SEED,1,train
/content/drive/MyDrive/MaizeData/BAD_SEED/IMG_20260707_085424.jpg,BAD_SEED,0,train
/content/drive/MyDrive/MaizeData/BAD_SEED/IMG_20260707_091126.jpg,BAD_SEED,0,train
/content/drive/MyDrive/MaizeData/GOOD_SEED/IMG_20260706_090858.jpg,GOOD_SEED,1,train
/content/drive/MyDrive/MaizeData/GOOD_SEED/IMG_20260706_095251.jpg,GOOD_SEED,1,train
/content/drive/MyDrive/MaizeData/BAD_SEED/IMG_20260707_102032.jpg,BAD_SEED,0,train
/content/drive/MyDrive/MaizeData/GOOD_SEED/IMG_20260706_103534_1.jpg,GOOD_SEED,1,train
/content/drive/MyDrive/MaizeData/BAD_SEED/IMG_20260709_180442_1.jpg,BAD_SEED,0,train
/content/drive/MyDrive/MaizeData/GOOD_SEED/IMG_20260706_113715.jpg,GOOD_SEED,1,train
/content/drive/MyDrive/MaizeData/BAD_SEED/IMG_20260707_084900.jpg,BAD_SEED,0,train
/content/drive/MyDrive/MaizeData/GOOD_SEED/IMG_20260706_090547_1.jpg,GOOD_SEED,1,train
/content/drive/MyDrive/MaizeData/BAD_SEED/IMG_20260707_085019.jpg,BAD_SEED,0,train
/content/drive/MyDrive/MaizeData/GOOD_SEED/IMG_20260706_082320.jpg,GOOD_SEED,1,train
/content/drive/MyDrive/MaizeData/BAD_SEED/IMG_20260709_094305.jpg,BAD_SEED,0,train
/content/drive/MyDrive/MaizeData/BAD_SEED/IMG_20260707_085145_1.jpg,BAD_SEED,0,train
/content/drive/MyDrive/MaizeData/BAD_SEED/IMG_20260707_084045.jpg,BAD_SEED,0,train
/content/drive/MyDrive/MaizeData/BAD_SEED/IMG_20260707_085153.jpg,BAD_SEED,0,train
/content/drive/MyDrive/MaizeData/BAD_SEED/IMG_20260709_092943.jpg,BAD_SEED,0,train
/content/drive/MyDrive/MaizeData/BAD_SEED/IMG_20260707_100448.jpg,BAD_SEED,0,train
/content/drive/MyDrive/MaizeData/GOOD_SEED/IMG_20260706_074612.jpg,GOOD_SEED,1,train
/content/drive/MyDrive/MaizeData/BAD_SEED/IMG_20260707_090632.jpg,BAD_SEED,0,train
/content/drive/MyDrive/MaizeData/BAD_SEED/IMG_20260709_175400.jpg,BAD_SEED,0,train
/content/drive/MyDrive/MaizeData/GOOD_SEED/IMG_20260706_113741.jpg,GOOD_SEED,1,train
/content/drive/MyDrive/MaizeData/BAD_SEED/IMG_20260707_090158.jpg,BAD_SEED,0,train
/content/drive/MyDrive/MaizeData/BAD_SEED/IMG_20260709_094626.jpg,BAD_SEED,0,train
/content/drive/MyDrive/MaizeData/GOOD_SEED/IMG_20260706_103622.jpg,GOOD_SEED,1,train
/content/drive/MyDrive/MaizeData/BAD_SEED/IMG_20260707_084259.jpg,BAD_SEED,0,train
/content/drive/MyDrive/MaizeData/BAD_SEED/IMG_20260707_101348.jpg,BAD_SEED,0,train
/content/drive/MyDrive/MaizeData/BAD_SEED/IMG_20260707_090107.jpg,BAD_SEED,0,train
/content/drive/MyDrive/MaizeData/BAD_SEED/IMG_20260709_174007.jpg,BAD_SEED,0,train
/content/drive/MyDrive/MaizeData/GOOD_SEED/IMG_20260706_082501.jpg,GOOD_SEED,1,train
/content/drive/MyDrive/MaizeData/GOOD_SEED/IMG_20260706_074212.jpg,GOOD_SEED,1,train
/content/drive/MyDrive/MaizeData/GOOD_SEED/IMG_20260706_083630_1.jpg,GOOD_SEED,1,train
/content/drive/MyDrive/MaizeData/GOOD_SEED/IMG_20260706_103038_1.jpg,GOOD_SEED,1,train
/content/drive/MyDrive/MaizeData/GOOD_SEED/IMG_20260706_113122.jpg,GOOD_SEED,1,train
/content/drive/MyDrive/MaizeData/NO_MAIZE/IMG_5564.jpg,NO_MAIZE,2,train
/content/drive/MyDrive/MaizeData/NO_MAIZE/IMG_5536.jpg,NO_MAIZE,2,train
/content/drive/MyDrive/MaizeData/GOOD_SEED/IMG_20260706_080143.jpg,GOOD_SEED,1,train
/content/drive/MyDrive/MaizeData/BAD_SEED/IMG_20260707_084001_1.jpg,BAD_SEED,0,train
/content/drive/MyDrive/MaizeData/BAD_SEED/IMG_20260709_094432.jpg,BAD_SEED,0,train
/content/drive/MyDrive/MaizeData/BAD_SEED/IMG_20260709_094015.jpg,BAD_SEED,0,train
/content/drive/MyDrive/MaizeData/GOOD_SEED/IMG_20260706_103803.jpg,GOOD_SEED,1,train
/content/drive/MyDrive/MaizeData/BAD_SEED/IMG_20260709_175232.jpg,BAD_SEED,0,train
/content/drive/MyDrive/MaizeData/GOOD_SEED/IMG_20260706_101352.jpg,GOOD_SEED,1,train
/content/drive/MyDrive/MaizeData/BAD_SEED/IMG_20260707_102209.jpg,BAD_SEED,0,train
/content/drive/MyDrive/MaizeData/GOOD_SEED/IMG_20260706_112249.jpg,GOOD_SEED,1,train
/content/drive/MyDrive/MaizeData/GOOD_SEED/IMG_20260706_100938.jpg,GOOD_SEED,1,train
/content/drive/MyDrive/MaizeData/BAD_SEED/IMG_20260709_183810.jpg,BAD_SEED,0,train
/content/drive/MyDrive/MaizeData/GOOD_SEED/IMG_20260706_090503.jpg,GOOD_SEED,1,train
/content/drive/MyDrive/MaizeData/NO_MAIZE/IMG_5625.jpg,NO_MAIZE,2,train
/content/drive/MyDrive/MaizeData/BAD_SEED/IMG_20260709_174106.jpg,BAD_SEED,0,train
/content/drive/MyDrive/MaizeData/GOOD_SEED/IMG_20260706_075609.jpg,GOOD_SEED,1,train
/content/drive/MyDrive/MaizeData/GOOD_SEED/IMG_20260706_102702.jpg,GOOD_SEED,1,train
/content/drive/MyDrive/MaizeData/BAD_SEED/IMG_20260709_175606.jpg,BAD_SEED,0,train
/content/drive/MyDrive/MaizeData/GOOD_SEED/IMG_20260706_074324_1.jpg,GOOD_SEED,1,train
/content/drive/MyDrive/MaizeData/GOOD_SEED/IMG_20260706_112432.jpg,GOOD_SEED,1,train
/content/drive/MyDrive/MaizeData/GOOD_SEED/IMG_20260706_082127.jpg,GOOD_SEED,1,train
/content/drive/MyDrive/MaizeData/GOOD_SEED/IMG_20260706_075133.jpg,GOOD_SEED,1,train
/content/drive/MyDrive/MaizeData/BAD_SEED/IMG_20260709_183113.jpg,BAD_SEED,0,train
/content/drive/MyDrive/MaizeData/GOOD_SEED/IMG_20260706_091034.jpg,GOOD_SEED,1,train
/content/drive/MyDrive/MaizeData/BAD_SEED/IMG_20260709_175815.jpg,BAD_SEED,0,train
/content/drive/MyDrive/MaizeData/GOOD_SEED/IMG_20260706_073147.jpg,GOOD_SEED,1,train
/content/drive/MyDrive/MaizeData/BAD_SEED/IMG_20260707_091637.jpg,BAD_SEED,0,train
/content/drive/MyDrive/MaizeData/GOOD_SEED/IMG_20260706_073725_1.jpg,GOOD_SEED,1,train
/content/drive/MyDrive/MaizeData/GOOD_SEED/IMG_20260706_095410.jpg,GOOD_SEED,1,train
/content/drive/MyDrive/MaizeData/NO_MAIZE/IMG_5602.jpg,NO_MAIZE,2,train
/content/drive/MyDrive/MaizeData/BAD_SEED/IMG_20260709_184407.jpg,BAD_SEED,0,train
/content/drive/MyDrive/MaizeData/GOOD_SEED/IMG_20260706_085429.jpg,GOOD_SEED,1,train
/content/drive/MyDrive/MaizeData/GOOD_SEED/IMG_20260706_102348.jpg,GOOD_SEED,1,train
/content/drive/MyDrive/MaizeData/BAD_SEED/IMG_20260707_093843.jpg,BAD_SEED,0,train
/content/drive/MyDrive/MaizeData/GOOD_SEED/IMG_20260706_083929_1.jpg,GOOD_SEED,1,train
/content/drive/MyDrive/MaizeData/BAD_SEED/IMG_20260709_174919.jpg,BAD_SEED,0,train
/content/drive/MyDrive/MaizeData/NO_MAIZE/IMG_5544.jpg,NO_MAIZE,2,train
/content/drive/MyDrive/MaizeData/GOOD_SEED/IMG_20260706_102304.jpg,GOOD_SEED,1,train
/content/drive/MyDrive/MaizeData/GOOD_SEED/IMG_20260706_112640.jpg,GOOD_SEED,1,train
/content/drive/MyDrive/MaizeData/GOOD_SEED/IMG_20260706_051534.jpg,GOOD_SEED,1,train
/content/drive/MyDrive/MaizeData/GOOD_SEED/IMG_20260706_112213.jpg,GOOD_SEED,1,train
/content/drive/MyDrive/MaizeData/NO_MAIZE/IMG_5530.jpg,NO_MAIZE,2,train
/content/drive/MyDrive/MaizeData/BAD_SEED/IMG_20260707_100439.jpg,BAD_SEED,0,train
/content/drive/MyDrive/MaizeData/GOOD_SEED/IMG_20260706_084302_1.jpg,GOOD_SEED,1,train
/content/drive/MyDrive/MaizeData/BAD_SEED/IMG_20260709_090827.jpg,BAD_SEED,0,train
/content/drive/MyDrive/MaizeData/GOOD_SEED/IMG_20260706_103015.jpg,GOOD_SEED,1,train
/content/drive/MyDrive/MaizeData/BAD_SEED/IMG_20260707_100428.jpg,BAD_SEED,0,train
/content/drive/MyDrive/MaizeData/BAD_SEED/IMG_20260707_095320.jpg,BAD_SEED,0,train
/content/drive/MyDrive/MaizeData/NO_MAIZE/IMG_5609.jpg,NO_MAIZE,2,train
/content/drive/MyDrive/MaizeData/BAD_SEED/IMG_20260707_102140.jpg,BAD_SEED,0,train
/content/drive/MyDrive/MaizeData/BAD_SEED/IMG_20260709_095240.jpg,BAD_SEED,0,train
/content/drive/MyDrive/MaizeData/BAD_SEED/IMG_20260709_174838.jpg,BAD_SEED,0,train
/content/drive/MyDrive/MaizeData/GOOD_SEED/IMG_20260706_095958.jpg,GOOD_SEED,1,train
/content/drive/MyDrive/MaizeData/BAD_SEED/IMG_20260709_093818.jpg,BAD_SEED,0,train
/content/drive/MyDrive/MaizeData/BAD_SEED/IMG_20260707_084141.jpg,BAD_SEED,0,train
/content/drive/MyDrive/MaizeData/GOOD_SEED/IMG_20260706_100900.jpg,GOOD_SEED,1,train
/content/drive/MyDrive/MaizeData/BAD_SEED/IMG_20260709_183512.jpg,BAD_SEED,0,train
/content/drive/MyDrive/MaizeData/NO_MAIZE/IMG_5568.jpg,NO_MAIZE,2,train
/content/drive/MyDrive/MaizeData/BAD_SEED/IMG_20260707_093016.jpg,BAD_SEED,0,train
/content/drive/MyDrive/MaizeData/BAD_SEED/IMG_20260707_090032_1.jpg,BAD_SEED,0,train
/content/drive/MyDrive/MaizeData/BAD_SEED/IMG_20260709_095416_1.jpg,BAD_SEED,0,train
/content/drive/MyDrive/MaizeData/GOOD_SEED/IMG_20260706_084352.jpg,GOOD_SEED,1,train
/content/drive/MyDrive/MaizeData/BAD_SEED/IMG_20260709_091811.jpg,BAD_SEED,0,train
/content/drive/MyDrive/MaizeData/GOOD_SEED/IMG_20260706_112550.jpg,GOOD_SEED,1,train
/content/drive/MyDrive/MaizeData/GOOD_SEED/IMG_20260706_091114_1.jpg,GOOD_SEED,1,train
/content/drive/MyDrive/MaizeData/BAD_SEED/IMG_20260709_185224.jpg,BAD_SEED,0,train
/content/drive/MyDrive/MaizeData/BAD_SEED/IMG_20260707_090116.jpg,BAD_SEED,0,train
/content/drive/MyDrive/MaizeData/BAD_SEED/IMG_20260707_085130.jpg,BAD_SEED,0,train
/content/drive/MyDrive/MaizeData/GOOD_SEED/IMG_20260706_075933.jpg,GOOD_SEED,1,train
/content/drive/MyDrive/MaizeData/BAD_SEED/IMG_20260709_094121.jpg,BAD_SEED,0,train
/content/drive/MyDrive/MaizeData/BAD_SEED/IMG_20260709_185712.jpg,BAD_SEED,0,train
/content/drive/MyDrive/MaizeData/BAD_SEED/IMG_20260709_183158.jpg,BAD_SEED,0,train
/content/drive/MyDrive/MaizeData/BAD_SEED/IMG_20260709_180320.jpg,BAD_SEED,0,train
/content/drive/MyDrive/MaizeData/BAD_SEED/IMG_20260707_094344_1.jpg,BAD_SEED,0,train
/content/drive/MyDrive/MaizeData/BAD_SEED/IMG_20260709_185255.jpg,BAD_SEED,0,train
/content/drive/MyDrive/MaizeData/NO_MAIZE/IMG_5562.jpg,NO_MAIZE,2,train
/content/drive/MyDrive/MaizeData/GOOD_SEED/IMG_20260706_091022.jpg,GOOD_SEED,1,train
/content/drive/MyDrive/MaizeData/BAD_SEED/IMG_20260707_091759.jpg,BAD_SEED,0,train
/content/drive/MyDrive/MaizeData/BAD_SEED/IMG_20260709_183012_1.jpg,BAD_SEED,0,train
/content/drive/MyDrive/MaizeData/NO_MAIZE/IMG_5541.jpg,NO_MAIZE,2,train
/content/drive/MyDrive/MaizeData/BAD_SEED/IMG_20260707_091328.jpg,BAD_SEED,0,train
/content/drive/MyDrive/MaizeData/BAD_SEED/IMG_20260707_100401_1.jpg,BAD_SEED,0,train
/content/drive/MyDrive/MaizeData/BAD_SEED/IMG_20260709_092734.jpg,BAD_SEED,0,train
/content/drive/MyDrive/MaizeData/BAD_SEED/IMG_20260709_093916_1.jpg,BAD_SEED,0,train
/content/drive/MyDrive/MaizeData/BAD_SEED/IMG_20260709_091016.jpg,BAD_SEED,0,train
/content/drive/MyDrive/MaizeData/BAD_SEED/IMG_20260709_093646.jpg,BAD_SEED,0,train
/content/drive/MyDrive/MaizeData/BAD_SEED/IMG_20260709_174736.jpg,BAD_SEED,0,train
/content/drive/MyDrive/MaizeData/BAD_SEED/IMG_20260709_094636.jpg,BAD_SEED,0,train
/content/drive/MyDrive/MaizeData/GOOD_SEED/IMG_20260706_081320.jpg,GOOD_SEED,1,train
/content/drive/MyDrive/MaizeData/GOOD_SEED/IMG_20260706_075557_1.jpg,GOOD_SEED,1,train
/content/drive/MyDrive/MaizeData/NO_MAIZE/IMG_5603.jpg,NO_MAIZE,2,train
/content/drive/MyDrive/MaizeData/GOOD_SEED/IMG_20260706_101107.jpg,GOOD_SEED,1,train
/content/drive/MyDrive/MaizeData/GOOD_SEED/IMG_20260706_072640.jpg,GOOD_SEED,1,train
/content/drive/MyDrive/MaizeData/GOOD_SEED/IMG_20260706_113512.jpg,GOOD_SEED,1,train
/content/drive/MyDrive/MaizeData/BAD_SEED/IMG_20260707_084757.jpg,BAD_SEED,0,train
/content/drive/MyDrive/MaizeData/BAD_SEED/IMG_20260709_093724.jpg,BAD_SEED,0,train
/content/drive/MyDrive/MaizeData/BAD_SEED/IMG_20260709_174425.jpg,BAD_SEED,0,train
/content/drive/MyDrive/MaizeData/BAD_SEED/IMG_20260709_090604.jpg,BAD_SEED,0,train
/content/drive/MyDrive/MaizeData/GOOD_SEED/IMG_20260706_095536.jpg,GOOD_SEED,1,train
/content/drive/MyDrive/MaizeData/GOOD_SEED/IMG_20260706_094838.jpg,GOOD_SEED,1,train
/content/drive/MyDrive/MaizeData/GOOD_SEED/IMG_20260706_072914.jpg,GOOD_SEED,1,train
/content/drive/MyDrive/MaizeData/GOOD_SEED/IMG_20260706_073833.jpg,GOOD_SEED,1,train
/content/drive/MyDrive/MaizeData/BAD_SEED/IMG_20260709_185808.jpg,BAD_SEED,0,train
/content/drive/MyDrive/MaizeData/NO_MAIZE/IMG_5545.jpg,NO_MAIZE,2,train
/content/drive/MyDrive/MaizeData/BAD_SEED/IMG_20260709_184357.jpg,BAD_SEED,0,train
/content/drive/MyDrive/MaizeData/BAD_SEED/IMG_20260709_175223.jpg,BAD_SEED,0,train
/content/drive/MyDrive/MaizeData/GOOD_SEED/IMG_20260706_113323.jpg,GOOD_SEED,1,train
/content/drive/MyDrive/MaizeData/NO_MAIZE/IMG_5559.jpg,NO_MAIZE,2,train
/content/drive/MyDrive/MaizeData/GOOD_SEED/IMG_20260706_082710_1.jpg,GOOD_SEED,1,train
/content/drive/MyDrive/MaizeData/GOOD_SEED/IMG_20260706_090708_1.jpg,GOOD_SEED,1,train
/content/drive/MyDrive/MaizeData/GOOD_SEED/IMG_20260706_113457.jpg,GOOD_SEED,1,train
/content/drive/MyDrive/MaizeData/BAD_SEED/IMG_20260709_090640.jpg,BAD_SEED,0,train
/content/drive/MyDrive/MaizeData/GOOD_SEED/IMG_20260706_084246.jpg,GOOD_SEED,1,train
/content/drive/MyDrive/MaizeData/BAD_SEED/IMG_20260707_092856.jpg,BAD_SEED,0,train
/content/drive/MyDrive/MaizeData/BAD_SEED/IMG_20260709_185236.jpg,BAD_SEED,0,train
/content/drive/MyDrive/MaizeData/BAD_SEED/IMG_20260709_094211.jpg,BAD_SEED,0,train
/content/drive/MyDrive/MaizeData/BAD_SEED/IMG_20260707_102044_1.jpg,BAD_SEED,0,train
/content/drive/MyDrive/MaizeData/GOOD_SEED/IMG_20260706_090310.jpg,GOOD_SEED,1,train
/content/drive/MyDrive/MaizeData/GOOD_SEED/IMG_20260706_102523.jpg,GOOD_SEED,1,train
/content/drive/MyDrive/MaizeData/BAD_SEED/IMG_20260707_091209.jpg,BAD_SEED,0,train
/content/drive/MyDrive/MaizeData/NO_MAIZE/IMG_5605.jpg,NO_MAIZE,2,train
/content/drive/MyDrive/MaizeData/GOOD_SEED/IMG_20260706_090452.jpg,GOOD_SEED,1,train
/content/drive/MyDrive/MaizeData/BAD_SEED/IMG_20260709_094339_1.jpg,BAD_SEED,0,train
/content/drive/MyDrive/MaizeData/BAD_SEED/IMG_20260707_084034.jpg,BAD_SEED,0,train
/content/drive/MyDrive/MaizeData/BAD_SEED/IMG_20260707_091337.jpg,BAD_SEED,0,train
/content/drive/MyDrive/MaizeData/BAD_SEED/IMG_20260709_175859.jpg,BAD_SEED,0,train
/content/drive/MyDrive/MaizeData/BAD_SEED/IMG_20260709_175418.jpg,BAD_SEED,0,train
/content/drive/MyDrive/MaizeData/GOOD_SEED/IMG_20260706_075026.jpg,GOOD_SEED,1,train
/content/drive/MyDrive/MaizeData/GOOD_SEED/IMG_20260706_083901.jpg,GOOD_SEED,1,train
/content/drive/MyDrive/MaizeData/NO_MAIZE/IMG_5532.jpg,NO_MAIZE,2,train
/content/drive/MyDrive/MaizeData/GOOD_SEED/IMG_20260706_113840.jpg,GOOD_SEED,1,train
/content/drive/MyDrive/MaizeData/BAD_SEED/IMG_20260707_084615_1.jpg,BAD_SEED,0,train
/content/drive/MyDrive/MaizeData/BAD_SEED/IMG_20260709_175154.jpg,BAD_SEED,0,train
/content/drive/MyDrive/MaizeData/GOOD_SEED/IMG_20260706_072247.jpg,GOOD_SEED,1,train
/content/drive/MyDrive/MaizeData/BAD_SEED/IMG_20260709_091530.jpg,BAD_SEED,0,train
/content/drive/MyDrive/MaizeData/BAD_SEED/IMG_20260707_091145.jpg,BAD_SEED,0,train
/content/drive/MyDrive/MaizeData/BAD_SEED/IMG_20260709_093900.jpg,BAD_SEED,0,train
/content/drive/MyDrive/MaizeData/GOOD_SEED/IMG_20260706_081631_1.jpg,GOOD_SEED,1,train
/content/drive/MyDrive/MaizeData/GOOD_SEED/IMG_20260706_113056.jpg,GOOD_SEED,1,train
/content/drive/MyDrive/MaizeData/GOOD_SEED/IMG_20260706_072947.jpg,GOOD_SEED,1,train
/content/drive/MyDrive/MaizeData/BAD_SEED/IMG_20260707_093516.jpg,BAD_SEED,0,train
/content/drive/MyDrive/MaizeData/GOOD_SEED/IMG_20260706_103650.jpg,GOOD_SEED,1,train
/content/drive/MyDrive/MaizeData/BAD_SEED/IMG_20260707_085932.jpg,BAD_SEED,0,train
/content/drive/MyDrive/MaizeData/GOOD_SEED/IMG_20260706_101935.jpg,GOOD_SEED,1,train
/content/drive/MyDrive/MaizeData/GOOD_SEED/IMG_20260706_100354.jpg,GOOD_SEED,1,train
/content/drive/MyDrive/MaizeData/BAD_SEED/IMG_20260709_174511.jpg,BAD_SEED,0,train
/content/drive/MyDrive/MaizeData/BAD_SEED/IMG_20260707_101326.jpg,BAD_SEED,0,train
/content/drive/MyDrive/MaizeData/GOOD_SEED/IMG_20260706_102614.jpg,GOOD_SEED,1,train
/content/drive/MyDrive/MaizeData/NO_MAIZE/IMG_5526.jpg,NO_MAIZE,2,train
/content/drive/MyDrive/MaizeData/NO_MAIZE/IMG_5577.jpg,NO_MAIZE,2,train
/content/drive/MyDrive/MaizeData/GOOD_SEED/IMG_20260706_090409.jpg,GOOD_SEED,1,train
/content/drive/MyDrive/MaizeData/GOOD_SEED/IMG_20260706_095242.jpg,GOOD_SEED,1,train
/content/drive/MyDrive/MaizeData/BAD_SEED/IMG_20260709_173806.jpg,BAD_SEED,0,train
/content/drive/MyDrive/MaizeData/GOOD_SEED/IMG_20260706_100048.jpg,GOOD_SEED,1,train
/content/drive/MyDrive/MaizeData/BAD_SEED/IMG_20260709_091957.jpg,BAD_SEED,0,train
/content/drive/MyDrive/MaizeData/GOOD_SEED/IMG_20260706_090849_1.jpg,GOOD_SEED,1,train
/content/drive/MyDrive/MaizeData/GOOD_SEED/IMG_20260706_094703.jpg,GOOD_SEED,1,train
/content/drive/MyDrive/MaizeData/BAD_SEED/IMG_20260707_085321_1.jpg,BAD_SEED,0,train
/content/drive/MyDrive/MaizeData/GOOD_SEED/IMG_20260706_082556.jpg,GOOD_SEED,1,train
/content/drive/MyDrive/MaizeData/GOOD_SEED/IMG_20260706_102418.jpg,GOOD_SEED,1,train
/content/drive/MyDrive/MaizeData/BAD_SEED/IMG_20260709_091109.jpg,BAD_SEED,0,train
/content/drive/MyDrive/MaizeData/GOOD_SEED/IMG_20260706_104052_1.jpg,GOOD_SEED,1,train
/content/drive/MyDrive/MaizeData/BAD_SEED/IMG_20260709_094250.jpg,BAD_SEED,0,train
/content/drive/MyDrive/MaizeData/BAD_SEED/IMG_20260707_091828_1.jpg,BAD_SEED,0,train
/content/drive/MyDrive/MaizeData/GOOD_SEED/IMG_20260706_074127.jpg,GOOD_SEED,1,train
/content/drive/MyDrive/MaizeData/GOOD_SEED/IMG_20260706_095427.jpg,GOOD_SEED,1,train
/content/drive/MyDrive/MaizeData/GOOD_SEED/IMG_20260706_113721_1.jpg,GOOD_SEED,1,train
/content/drive/MyDrive/MaizeData/NO_MAIZE/IMG_5528.jpg,NO_MAIZE,2,train
/content/drive/MyDrive/MaizeData/BAD_SEED/IMG_20260709_094223.jpg,BAD_SEED,0,train
/content/drive/MyDrive/MaizeData/BAD_SEED/IMG_20260709_183231.jpg,BAD_SEED,0,train
/content/drive/MyDrive/MaizeData/GOOD_SEED/IMG_20260706_080022.jpg,GOOD_SEED,1,train
/content/drive/MyDrive/MaizeData/BAD_SEED/IMG_20260709_175741.jpg,BAD_SEED,0,train
/content/drive/MyDrive/MaizeData/BAD_SEED/IMG_20260709_095334.jpg,BAD_SEED,0,train
/content/drive/MyDrive/MaizeData/NO_MAIZE/IMG_5534.jpg,NO_MAIZE,2,train
/content/drive/MyDrive/MaizeData/BAD_SEED/IMG_20260707_100331.jpg,BAD_SEED,0,train
/content/drive/MyDrive/MaizeData/BAD_SEED/IMG_20260707_094138_1.jpg,BAD_SEED,0,train
/content/drive/MyDrive/MaizeData/GOOD_SEED/IMG_20260706_090214.jpg,GOOD_SEED,1,train
/content/drive/MyDrive/MaizeData/BAD_SEED/IMG_20260709_173959_1.jpg,BAD_SEED,0,train
/content/drive/MyDrive/MaizeData/GOOD_SEED/IMG_20260706_080032.jpg,GOOD_SEED,1,train
/content/drive/MyDrive/MaizeData/BAD_SEED/IMG_20260709_091542_1.jpg,BAD_SEED,0,train
/content/drive/MyDrive/MaizeData/BAD_SEED/IMG_20260707_094303_1.jpg,BAD_SEED,0,train
/content/drive/MyDrive/MaizeData/BAD_SEED/IMG_20260709_091915.jpg,BAD_SEED,0,train
/content/drive/MyDrive/MaizeData/GOOD_SEED/IMG_20260706_113254_1.jpg,GOOD_SEED,1,train
/content/drive/MyDrive/MaizeData/GOOD_SEED/IMG_20260706_073936.jpg,GOOD_SEED,1,train
/content/drive/MyDrive/MaizeData/GOOD_SEED/IMG_20260706_082754.jpg,GOOD_SEED,1,train
/content/drive/MyDrive/MaizeData/BAD_SEED/IMG_20260709_183032.jpg,BAD_SEED,0,train
/content/drive/MyDrive/MaizeData/GOOD_SEED/IMG_20260706_100451.jpg,GOOD_SEED,1,train
/content/drive/MyDrive/MaizeData/BAD_SEED/IMG_20260709_173729_1.jpg,BAD_SEED,0,train
/content/drive/MyDrive/MaizeData/GOOD_SEED/IMG_20260706_103609.jpg,GOOD_SEED,1,train
/content/drive/MyDrive/MaizeData/BAD_SEED/IMG_20260709_183745.jpg,BAD_SEED,0,train
/content/drive/MyDrive/MaizeData/BAD_SEED/IMG_20260707_093900.jpg,BAD_SEED,0,train
/content/drive/MyDrive/MaizeData/BAD_SEED/IMG_20260707_092820.jpg,BAD_SEED,0,train
/content/drive/MyDrive/MaizeData/GOOD_SEED/IMG_20260706_113505.jpg,GOOD_SEED,1,train
/content/drive/MyDrive/MaizeData/GOOD_SEED/IMG_20260706_102446.jpg,GOOD_SEED,1,train
/content/drive/MyDrive/MaizeData/GOOD_SEED/IMG_20260706_102121.jpg,GOOD_SEED,1,train
/content/drive/MyDrive/MaizeData/BAD_SEED/IMG_20260707_101936.jpg,BAD_SEED,0,train
/content/drive/MyDrive/MaizeData/BAD_SEED/IMG_20260709_091033.jpg,BAD_SEED,0,train
/content/drive/MyDrive/MaizeData/NO_MAIZE/IMG_5618.jpg,NO_MAIZE,2,train
/content/drive/MyDrive/MaizeData/BAD_SEED/IMG_20260707_095234.jpg,BAD_SEED,0,train
/content/drive/MyDrive/MaizeData/GOOD_SEED/IMG_20260706_102959.jpg,GOOD_SEED,1,train
/content/drive/MyDrive/MaizeData/BAD_SEED/IMG_20260707_102310.jpg,BAD_SEED,0,train
/content/drive/MyDrive/MaizeData/BAD_SEED/IMG_20260709_183413.jpg,BAD_SEED,0,train
/content/drive/MyDrive/MaizeData/BAD_SEED/IMG_20260709_094324.jpg,BAD_SEED,0,train
/content/drive/MyDrive/MaizeData/GOOD_SEED/IMG_20260706_090633.jpg,GOOD_SEED,1,train
/content/drive/MyDrive/MaizeData/GOOD_SEED/IMG_20260706_113702.jpg,GOOD_SEED,1,train
/content/drive/MyDrive/MaizeData/GOOD_SEED/IMG_20260706_101213.jpg,GOOD_SEED,1,train
/content/drive/MyDrive/MaizeData/GOOD_SEED/IMG_20260706_085718.jpg,GOOD_SEED,1,train
/content/drive/MyDrive/MaizeData/BAD_SEED/IMG_20260709_183129.jpg,BAD_SEED,0,train
/content/drive/MyDrive/MaizeData/GOOD_SEED/IMG_20260706_095038.jpg,GOOD_SEED,1,train
/content/drive/MyDrive/MaizeData/GOOD_SEED/IMG_20260706_082221.jpg,GOOD_SEED,1,train
/content/drive/MyDrive/MaizeData/BAD_SEED/IMG_20260707_094215.jpg,BAD_SEED,0,train
/content/drive/MyDrive/MaizeData/BAD_SEED/IMG_20260709_092302.jpg,BAD_SEED,0,train
/content/drive/MyDrive/MaizeData/GOOD_SEED/IMG_20260706_080957.jpg,GOOD_SEED,1,train
/content/drive/MyDrive/MaizeData/BAD_SEED/IMG_20260709_175105.jpg,BAD_SEED,0,train
/content/drive/MyDrive/MaizeData/BAD_SEED/IMG_20260707_101915.jpg,BAD_SEED,0,train
/content/drive/MyDrive/MaizeData/GOOD_SEED/IMG_20260706_075243.jpg,GOOD_SEED,1,train
/content/drive/MyDrive/MaizeData/BAD_SEED/IMG_20260707_085531.jpg,BAD_SEED,0,train
/content/drive/MyDrive/MaizeData/BAD_SEED/IMG_20260707_101954.jpg,BAD_SEED,0,train
/content/drive/MyDrive/MaizeData/GOOD_SEED/IMG_20260706_113943.jpg,GOOD_SEED,1,train
/content/drive/MyDrive/MaizeData/BAD_SEED/IMG_20260707_090222.jpg,BAD_SEED,0,train
/content/drive/MyDrive/MaizeData/BAD_SEED/IMG_20260709_185627.jpg,BAD_SEED,0,train
/content/drive/MyDrive/MaizeData/GOOD_SEED/IMG_20260706_085418.jpg,GOOD_SEED,1,train
/content/drive/MyDrive/MaizeData/GOOD_SEED/IMG_20260706_081059.jpg,GOOD_SEED,1,train
/content/drive/MyDrive/MaizeData/BAD_SEED/IMG_20260707_093951_1.jpg,BAD_SEED,0,train
/content/drive/MyDrive/MaizeData/GOOD_SEED/IMG_20260706_094525.jpg,GOOD_SEED,1,train
/content/drive/MyDrive/MaizeData/GOOD_SEED/IMG_20260706_082640.jpg,GOOD_SEED,1,train
/content/drive/MyDrive/MaizeData/BAD_SEED/IMG_20260709_175307.jpg,BAD_SEED,0,train
/content/drive/MyDrive/MaizeData/GOOD_SEED/IMG_20260706_090342.jpg,GOOD_SEED,1,train
/content/drive/MyDrive/MaizeData/GOOD_SEED/IMG_20260706_075535_1.jpg,GOOD_SEED,1,train
/content/drive/MyDrive/MaizeData/BAD_SEED/IMG_20260707_100324_1.jpg,BAD_SEED,0,train
/content/drive/MyDrive/MaizeData/BAD_SEED/IMG_20260709_185616.jpg,BAD_SEED,0,train
/content/drive/MyDrive/MaizeData/GOOD_SEED/IMG_20260706_091309_1.jpg,GOOD_SEED,1,train
/content/drive/MyDrive/MaizeData/BAD_SEED/IMG_20260709_094833.jpg,BAD_SEED,0,train
/content/drive/MyDrive/MaizeData/GOOD_SEED/IMG_20260706_102316.jpg,GOOD_SEED,1,train
/content/drive/MyDrive/MaizeData/GOOD_SEED/IMG_20260706_081446.jpg,GOOD_SEED,1,train
/content/drive/MyDrive/MaizeData/GOOD_SEED/IMG_20260706_104132.jpg,GOOD_SEED,1,train
/content/drive/MyDrive/MaizeData/BAD_SEED/IMG_20260709_085946.jpg,BAD_SEED,0,train
/content/drive/MyDrive/MaizeData/GOOD_SEED/IMG_20260706_094259.jpg,GOOD_SEED,1,train
/content/drive/MyDrive/MaizeData/BAD_SEED/IMG_20260709_093616.jpg,BAD_SEED,0,train
/content/drive/MyDrive/MaizeData/BAD_SEED/IMG_20260709_183540.jpg,BAD_SEED,0,train
/content/drive/MyDrive/MaizeData/BAD_SEED/IMG_20260707_094425.jpg,BAD_SEED,0,train
/content/drive/MyDrive/MaizeData/GOOD_SEED/IMG_20260706_094202.jpg,GOOD_SEED,1,train
/content/drive/MyDrive/MaizeData/NO_MAIZE/IMG_5598.jpg,NO_MAIZE,2,train
/content/drive/MyDrive/MaizeData/GOOD_SEED/IMG_20260706_103114.jpg,GOOD_SEED,1,train
/content/drive/MyDrive/MaizeData/BAD_SEED/IMG_20260707_085415.jpg,BAD_SEED,0,train
/content/drive/MyDrive/MaizeData/GOOD_SEED/IMG_20260706_073616.jpg,GOOD_SEED,1,train
/content/drive/MyDrive/MaizeData/GOOD_SEED/IMG_20260706_103547.jpg,GOOD_SEED,1,train
/content/drive/MyDrive/MaizeData/BAD_SEED/IMG_20260709_183310.jpg,BAD_SEED,0,train
/content/drive/MyDrive/MaizeData/GOOD_SEED/IMG_20260706_074426_1.jpg,GOOD_SEED,1,train
/content/drive/MyDrive/MaizeData/GOOD_SEED/IMG_20260706_080250.jpg,GOOD_SEED,1,train
/content/drive/MyDrive/MaizeData/BAD_SEED/IMG_20260707_093025_1.jpg,BAD_SEED,0,train
/content/drive/MyDrive/MaizeData/BAD_SEED/IMG_20260709_185500.jpg,BAD_SEED,0,train
/content/drive/MyDrive/MaizeData/GOOD_SEED/IMG_20260706_074953.jpg,GOOD_SEED,1,train
/content/drive/MyDrive/MaizeData/BAD_SEED/IMG_20260707_083909.jpg,BAD_SEED,0,train
/content/drive/MyDrive/MaizeData/GOOD_SEED/IMG_20260706_090230_1.jpg,GOOD_SEED,1,train
/content/drive/MyDrive/MaizeData/BAD_SEED/IMG_20260707_102104.jpg,BAD_SEED,0,train
/content/drive/MyDrive/MaizeData/GOOD_SEED/IMG_20260706_082543.jpg,GOOD_SEED,1,train
/content/drive/MyDrive/MaizeData/BAD_SEED/IMG_20260709_094404.jpg,BAD_SEED,0,train
/content/drive/MyDrive/MaizeData/BAD_SEED/IMG_20260707_092012_1.jpg,BAD_SEED,0,train
/content/drive/MyDrive/MaizeData/BAD_SEED/IMG_20260709_091836.jpg,BAD_SEED,0,train
/content/drive/MyDrive/MaizeData/GOOD_SEED/IMG_20260706_102022.jpg,GOOD_SEED,1,train
/content/drive/MyDrive/MaizeData/BAD_SEED/IMG_20260709_175845.jpg,BAD_SEED,0,train
/content/drive/MyDrive/MaizeData/GOOD_SEED/IMG_20260706_085440_1.jpg,GOOD_SEED,1,train
/content/drive/MyDrive/MaizeData/BAD_SEED/IMG_20260709_175723.jpg,BAD_SEED,0,train
/content/drive/MyDrive/MaizeData/GOOD_SEED/IMG_20260706_075308.jpg,GOOD_SEED,1,train
/content/drive/MyDrive/MaizeData/GOOD_SEED/IMG_20260706_103749.jpg,GOOD_SEED,1,train
/content/drive/MyDrive/MaizeData/BAD_SEED/IMG_20260707_100456_1.jpg,BAD_SEED,0,train
/content/drive/MyDrive/MaizeData/GOOD_SEED/IMG_20260706_100339_1.jpg,GOOD_SEED,1,train
/content/drive/MyDrive/MaizeData/BAD_SEED/IMG_20260709_090854.jpg,BAD_SEED,0,train
/content/drive/MyDrive/MaizeData/BAD_SEED/IMG_20260709_095056_1.jpg,BAD_SEED,0,train
/content/drive/MyDrive/MaizeData/NO_MAIZE/IMG_5617.jpg,NO_MAIZE,2,train
/content/drive/MyDrive/MaizeData/BAD_SEED/IMG_20260707_085206_1.jpg,BAD_SEED,0,train
/content/drive/MyDrive/MaizeData/BAD_SEED/IMG_20260707_093405.jpg,BAD_SEED,0,train
/content/drive/MyDrive/MaizeData/BAD_SEED/IMG_20260709_091758.jpg,BAD_SEED,0,train
/content/drive/MyDrive/MaizeData/GOOD_SEED/IMG_20260706_085652.jpg,GOOD_SEED,1,train
/content/drive/MyDrive/MaizeData/GOOD_SEED/IMG_20260706_083424.jpg,GOOD_SEED,1,train
/content/drive/MyDrive/MaizeData/NO_MAIZE/IMG_5555.jpg,NO_MAIZE,2,train
/content/drive/MyDrive/MaizeData/NO_MAIZE/IMG_5616.jpg,NO_MAIZE,2,train
/content/drive/MyDrive/MaizeData/BAD_SEED/IMG_20260707_084959_1.jpg,BAD_SEED,0,train
/content/drive/MyDrive/MaizeData/BAD_SEED/IMG_20260707_100409.jpg,BAD_SEED,0,train
/content/drive/MyDrive/MaizeData/GOOD_SEED/IMG_20260706_081349_1.jpg,GOOD_SEED,1,train
/content/drive/MyDrive/MaizeData/GOOD_SEED/IMG_20260706_073649.jpg,GOOD_SEED,1,train
/content/drive/MyDrive/MaizeData/BAD_SEED/IMG_20260707_093036_1.jpg,BAD_SEED,0,train
/content/drive/MyDrive/MaizeData/BAD_SEED/IMG_20260709_174248_1.jpg,BAD_SEED,0,train
/content/drive/MyDrive/MaizeData/GOOD_SEED/IMG_20260706_094624.jpg,GOOD_SEED,1,train
/content/drive/MyDrive/MaizeData/GOOD_SEED/IMG_20260706_083134.jpg,GOOD_SEED,1,train
/content/drive/MyDrive/MaizeData/BAD_SEED/IMG_20260709_093810.jpg,BAD_SEED,0,train
/content/drive/MyDrive/MaizeData/BAD_SEED/IMG_20260709_174130.jpg,BAD_SEED,0,train
/content/drive/MyDrive/MaizeData/BAD_SEED/IMG_20260707_085333.jpg,BAD_SEED,0,train
/content/drive/MyDrive/MaizeData/GOOD_SEED/IMG_20260706_083349.jpg,GOOD_SEED,1,train
/content/drive/MyDrive/MaizeData/BAD_SEED/IMG_20260709_185139.jpg,BAD_SEED,0,train
/content/drive/MyDrive/MaizeData/NO_MAIZE/IMG_5525.jpg,NO_MAIZE,2,train
/content/drive/MyDrive/MaizeData/BAD_SEED/IMG_20260707_093816.jpg,BAD_SEED,0,train
/content/drive/MyDrive/MaizeData/BAD_SEED/IMG_20260709_183846.jpg,BAD_SEED,0,train
/content/drive/MyDrive/MaizeData/GOOD_SEED/IMG_20260706_094918.jpg,GOOD_SEED,1,train
/content/drive/MyDrive/MaizeData/BAD_SEED/IMG_20260707_084550_1.jpg,BAD_SEED,0,train
/content/drive/MyDrive/MaizeData/GOOD_SEED/IMG_20260706_074248.jpg,GOOD_SEED,1,train
/content/drive/MyDrive/MaizeData/BAD_SEED/IMG_20260707_091013.jpg,BAD_SEED,0,train
/content/drive/MyDrive/MaizeData/BAD_SEED/IMG_20260709_185528.jpg,BAD_SEED,0,train
/content/drive/MyDrive/MaizeData/BAD_SEED/IMG_20260709_180309.jpg,BAD_SEED,0,train
/content/drive/MyDrive/MaizeData/GOOD_SEED/IMG_20260706_074033.jpg,GOOD_SEED,1,train
/content/drive/MyDrive/MaizeData/GOOD_SEED/IMG_20260706_081114.jpg,GOOD_SEED,1,train
/content/drive/MyDrive/MaizeData/BAD_SEED/IMG_20260709_175710.jpg,BAD_SEED,0,train
/content/drive/MyDrive/MaizeData/BAD_SEED/IMG_20260707_093930.jpg,BAD_SEED,0,train
/content/drive/MyDrive/MaizeData/GOOD_SEED/IMG_20260706_082354.jpg,GOOD_SEED,1,train
/content/drive/MyDrive/MaizeData/BAD_SEED/IMG_20260707_084248.jpg,BAD_SEED,0,train
/content/drive/MyDrive/MaizeData/BAD_SEED/IMG_20260709_183022.jpg,BAD_SEED,0,train
/content/drive/MyDrive/MaizeData/BAD_SEED/IMG_20260709_091225.jpg,BAD_SEED,0,train
/content/drive/MyDrive/MaizeData/GOOD_SEED/IMG_20260706_112206.jpg,GOOD_SEED,1,train
/content/drive/MyDrive/MaizeData/GOOD_SEED/IMG_20260706_082106.jpg,GOOD_SEED,1,train
/content/drive/MyDrive/MaizeData/GOOD_SEED/IMG_20260706_090245.jpg,GOOD_SEED,1,train
/content/drive/MyDrive/MaizeData/BAD_SEED/IMG_20260707_090338.jpg,BAD_SEED,0,train
/content/drive/MyDrive/MaizeData/BAD_SEED/IMG_20260709_183722.jpg,BAD_SEED,0,train
/content/drive/MyDrive/MaizeData/GOOD_SEED/IMG_20260706_085312.jpg,GOOD_SEED,1,train
/content/drive/MyDrive/MaizeData/GOOD_SEED/IMG_20260706_103455.jpg,GOOD_SEED,1,train
/content/drive/MyDrive/MaizeData/BAD_SEED/IMG_20260707_093456.jpg,BAD_SEED,0,train
/content/drive/MyDrive/MaizeData/NO_MAIZE/IMG_5589.jpg,NO_MAIZE,2,train
/content/drive/MyDrive/MaizeData/GOOD_SEED/IMG_20260706_082916.jpg,GOOD_SEED,1,train
/content/drive/MyDrive/MaizeData/GOOD_SEED/IMG_20260706_085555.jpg,GOOD_SEED,1,train
/content/drive/MyDrive/MaizeData/GOOD_SEED/IMG_20260706_085737_1.jpg,GOOD_SEED,1,train
/content/drive/MyDrive/MaizeData/BAD_SEED/IMG_20260707_085519.jpg,BAD_SEED,0,train
/content/drive/MyDrive/MaizeData/GOOD_SEED/IMG_20260706_113407.jpg,GOOD_SEED,1,train
/content/drive/MyDrive/MaizeData/BAD_SEED/IMG_20260707_084945_1.jpg,BAD_SEED,0,train
/content/drive/MyDrive/MaizeData/GOOD_SEED/IMG_20260706_112946.jpg,GOOD_SEED,1,train
/content/drive/MyDrive/MaizeData/GOOD_SEED/IMG_20260706_103819.jpg,GOOD_SEED,1,train
/content/drive/MyDrive/MaizeData/GOOD_SEED/IMG_20260706_094733.jpg,GOOD_SEED,1,train
/content/drive/MyDrive/MaizeData/GOOD_SEED/IMG_20260706_101013.jpg,GOOD_SEED,1,train
/content/drive/MyDrive/MaizeData/GOOD_SEED/IMG_20260706_095135.jpg,GOOD_SEED,1,train
/content/drive/MyDrive/MaizeData/GOOD_SEED/IMG_20260706_104112_1.jpg,GOOD_SEED,1,train
/content/drive/MyDrive/MaizeData/GOOD_SEED/IMG_20260706_100027.jpg,GOOD_SEED,1,train
/content/drive/MyDrive/MaizeData/GOOD_SEED/IMG_20260706_113312_1.jpg,GOOD_SEED,1,train
/content/drive/MyDrive/MaizeData/GOOD_SEED/IMG_20260706_085239_1.jpg,GOOD_SEED,1,train
/content/drive/MyDrive/MaizeData/GOOD_SEED/IMG_20260706_090746.jpg,GOOD_SEED,1,train
/content/drive/MyDrive/MaizeData/NO_MAIZE/IMG_5584.jpg,NO_MAIZE,2,train
/content/drive/MyDrive/MaizeData/GOOD_SEED/IMG_20260706_074403.jpg,GOOD_SEED,1,train
/content/drive/MyDrive/MaizeData/NO_MAIZE/IMG_5569.jpg,NO_MAIZE,2,train
/content/drive/MyDrive/MaizeData/BAD_SEED/IMG_20260709_174412.jpg,BAD_SEED,0,train
/content/drive/MyDrive/MaizeData/BAD_SEED/IMG_20260709_094239_1.jpg,BAD_SEED,0,train
/content/drive/MyDrive/MaizeData/GOOD_SEED/IMG_20260706_084156_1.jpg,GOOD_SEED,1,train
/content/drive/MyDrive/MaizeData/BAD_SEED/IMG_20260707_084056.jpg,BAD_SEED,0,train
/content/drive/MyDrive/MaizeData/GOOD_SEED/IMG_20260706_100124.jpg,GOOD_SEED,1,train
/content/drive/MyDrive/MaizeData/GOOD_SEED/IMG_20260706_094225.jpg,GOOD_SEED,1,train
/content/drive/MyDrive/MaizeData/BAD_SEED/IMG_20260707_094044_1.jpg,BAD_SEED,0,train
/content/drive/MyDrive/MaizeData/BAD_SEED/IMG_20260709_091740.jpg,BAD_SEED,0,train
/content/drive/MyDrive/MaizeData/BAD_SEED/IMG_20260709_183207.jpg,BAD_SEED,0,train
/content/drive/MyDrive/MaizeData/BAD_SEED/IMG_20260709_094654.jpg,BAD_SEED,0,train
/content/drive/MyDrive/MaizeData/GOOD_SEED/IMG_20260706_083520.jpg,GOOD_SEED,1,train
/content/drive/MyDrive/MaizeData/BAD_SEED/IMG_20260707_091031.jpg,BAD_SEED,0,train
/content/drive/MyDrive/MaizeData/BAD_SEED/IMG_20260709_174708.jpg,BAD_SEED,0,train
/content/drive/MyDrive/MaizeData/BAD_SEED/IMG_20260709_174121_1.jpg,BAD_SEED,0,train
/content/drive/MyDrive/MaizeData/GOOD_SEED/IMG_20260706_082237.jpg,GOOD_SEED,1,train
/content/drive/MyDrive/MaizeData/BAD_SEED/IMG_20260709_183434.jpg,BAD_SEED,0,train
/content/drive/MyDrive/MaizeData/BAD_SEED/IMG_20260707_102017.jpg,BAD_SEED,0,train
/content/drive/MyDrive/MaizeData/NO_MAIZE/IMG_5613.jpg,NO_MAIZE,2,train
/content/drive/MyDrive/MaizeData/GOOD_SEED/IMG_20260706_091102.jpg,GOOD_SEED,1,train
/content/drive/MyDrive/MaizeData/BAD_SEED/IMG_20260707_091305.jpg,BAD_SEED,0,train
/content/drive/MyDrive/MaizeData/GOOD_SEED/IMG_20260706_085506.jpg,GOOD_SEED,1,train
/content/drive/MyDrive/MaizeData/GOOD_SEED/IMG_20260706_081756.jpg,GOOD_SEED,1,train
/content/drive/MyDrive/MaizeData/BAD_SEED/IMG_20260709_094544.jpg,BAD_SEED,0,train
/content/drive/MyDrive/MaizeData/BAD_SEED/IMG_20260709_184339.jpg,BAD_SEED,0,train
/content/drive/MyDrive/MaizeData/GOOD_SEED/IMG_20260706_083451.jpg,GOOD_SEED,1,train
/content/drive/MyDrive/MaizeData/NO_MAIZE/IMG_5595.jpg,NO_MAIZE,2,train
/content/drive/MyDrive/MaizeData/NO_MAIZE/IMG_5522.jpg,NO_MAIZE,2,train
/content/drive/MyDrive/MaizeData/BAD_SEED/IMG_20260707_085837.jpg,BAD_SEED,0,train
/content/drive/MyDrive/MaizeData/GOOD_SEED/IMG_20260706_100408.jpg,GOOD_SEED,1,train
/content/drive/MyDrive/MaizeData/BAD_SEED/IMG_20260709_091201_1.jpg,BAD_SEED,0,train
/content/drive/MyDrive/MaizeData/GOOD_SEED/IMG_20260706_081716_1.jpg,GOOD_SEED,1,train
/content/drive/MyDrive/MaizeData/BAD_SEED/IMG_20260709_180044.jpg,BAD_SEED,0,train
/content/drive/MyDrive/MaizeData/NO_MAIZE/IMG_5594.jpg,NO_MAIZE,2,train
/content/drive/MyDrive/MaizeData/BAD_SEED/IMG_20260707_100513.jpg,BAD_SEED,0,train
/content/drive/MyDrive/MaizeData/GOOD_SEED/IMG_20260706_090912.jpg,GOOD_SEED,1,train
/content/drive/MyDrive/MaizeData/BAD_SEED/IMG_20260707_093115.jpg,BAD_SEED,0,train
/content/drive/MyDrive/MaizeData/GOOD_SEED/IMG_20260706_083007_1.jpg,GOOD_SEED,1,train
/content/drive/MyDrive/MaizeData/BAD_SEED/IMG_20260707_094234.jpg,BAD_SEED,0,train
/content/drive/MyDrive/MaizeData/GOOD_SEED/IMG_20260706_085844.jpg,GOOD_SEED,1,train
/content/drive/MyDrive/MaizeData/BAD_SEED/IMG_20260709_094202.jpg,BAD_SEED,0,train
/content/drive/MyDrive/MaizeData/BAD_SEED/IMG_20260709_092016.jpg,BAD_SEED,0,train
/content/drive/MyDrive/MaizeData/GOOD_SEED/IMG_20260706_091250.jpg,GOOD_SEED,1,train
/content/drive/MyDrive/MaizeData/BAD_SEED/IMG_20260707_100211.jpg,BAD_SEED,0,train
/content/drive/MyDrive/MaizeData/GOOD_SEED/IMG_20260706_085454.jpg,GOOD_SEED,1,train
/content/drive/MyDrive/MaizeData/GOOD_SEED/IMG_20260706_083507.jpg,GOOD_SEED,1,train
/content/drive/MyDrive/MaizeData/BAD_SEED/IMG_20260709_173831.jpg,BAD_SEED,0,train
/content/drive/MyDrive/MaizeData/GOOD_SEED/IMG_20260706_100100_1.jpg,GOOD_SEED,1,train
/content/drive/MyDrive/MaizeData/BAD_SEED/IMG_20260707_101355.jpg,BAD_SEED,0,train
/content/drive/MyDrive/MaizeData/GOOD_SEED/IMG_20260706_083620.jpg,GOOD_SEED,1,train
/content/drive/MyDrive/MaizeData/GOOD_SEED/IMG_20260706_112801_1.jpg,GOOD_SEED,1,train
/content/drive/MyDrive/MaizeData/BAD_SEED/IMG_20260709_094105.jpg,BAD_SEED,0,train
/content/drive/MyDrive/MaizeData/GOOD_SEED/IMG_20260706_081028.jpg,GOOD_SEED,1,train
/content/drive/MyDrive/MaizeData/GOOD_SEED/IMG_20260706_095627.jpg,GOOD_SEED,1,train
/content/drive/MyDrive/MaizeData/BAD_SEED/IMG_20260707_084415.jpg,BAD_SEED,0,train
/content/drive/MyDrive/MaizeData/GOOD_SEED/IMG_20260706_075733.jpg,GOOD_SEED,1,train
/content/drive/MyDrive/MaizeData/GOOD_SEED/IMG_20260706_103027.jpg,GOOD_SEED,1,train
/content/drive/MyDrive/MaizeData/GOOD_SEED/IMG_20260706_075222.jpg,GOOD_SEED,1,train
/content/drive/MyDrive/MaizeData/GOOD_SEED/IMG_20260706_074049.jpg,GOOD_SEED,1,train
/content/drive/MyDrive/MaizeData/GOOD_SEED/IMG_20260706_081407.jpg,GOOD_SEED,1,train
/content/drive/MyDrive/MaizeData/BAD_SEED/IMG_20260707_091959.jpg,BAD_SEED,0,train
/content/drive/MyDrive/MaizeData/GOOD_SEED/IMG_20260706_100422.jpg,GOOD_SEED,1,train
/content/drive/MyDrive/MaizeData/BAD_SEED/IMG_20260709_174236.jpg,BAD_SEED,0,train
/content/drive/MyDrive/MaizeData/GOOD_SEED/IMG_20260706_085534.jpg,GOOD_SEED,1,train
/content/drive/MyDrive/MaizeData/BAD_SEED/IMG_20260709_085902.jpg,BAD_SEED,0,train
/content/drive/MyDrive/MaizeData/GOOD_SEED/IMG_20260706_085404.jpg,GOOD_SEED,1,train
/content/drive/MyDrive/MaizeData/BAD_SEED/IMG_20260707_091512.jpg,BAD_SEED,0,train
/content/drive/MyDrive/MaizeData/GOOD_SEED/IMG_20260706_094357.jpg,GOOD_SEED,1,train
/content/drive/MyDrive/MaizeData/GOOD_SEED/IMG_20260706_073115_1.jpg,GOOD_SEED,1,train
/content/drive/MyDrive/MaizeData/BAD_SEED/IMG_20260707_090543.jpg,BAD_SEED,0,train
/content/drive/MyDrive/MaizeData/GOOD_SEED/IMG_20260706_101021.jpg,GOOD_SEED,1,train
/content/drive/MyDrive/MaizeData/BAD_SEED/IMG_20260709_094138_1.jpg,BAD_SEED,0,train
/content/drive/MyDrive/MaizeData/BAD_SEED/IMG_20260709_183903.jpg,BAD_SEED,0,train
/content/drive/MyDrive/MaizeData/BAD_SEED/IMG_20260709_173747.jpg,BAD_SEED,0,train
/content/drive/MyDrive/MaizeData/BAD_SEED/IMG_20260709_092811.jpg,BAD_SEED,0,train
/content/drive/MyDrive/MaizeData/BAD_SEED/IMG_20260707_091859.jpg,BAD_SEED,0,train
/content/drive/MyDrive/MaizeData/BAD_SEED/IMG_20260707_090434.jpg,BAD_SEED,0,train
/content/drive/MyDrive/MaizeData/GOOD_SEED/IMG_20260706_103150.jpg,GOOD_SEED,1,train
/content/drive/MyDrive/MaizeData/GOOD_SEED/IMG_20260706_075233_1.jpg,GOOD_SEED,1,train
/content/drive/MyDrive/MaizeData/GOOD_SEED/IMG_20260706_101508.jpg,GOOD_SEED,1,train
/content/drive/MyDrive/MaizeData/GOOD_SEED/IMG_20260706_100307_1.jpg,GOOD_SEED,1,train
/content/drive/MyDrive/MaizeData/BAD_SEED/IMG_20260707_085255.jpg,BAD_SEED,0,train
/content/drive/MyDrive/MaizeData/BAD_SEED/IMG_20260707_090124.jpg,BAD_SEED,0,train
/content/drive/MyDrive/MaizeData/NO_MAIZE/IMG_5524.jpg,NO_MAIZE,2,train
/content/drive/MyDrive/MaizeData/BAD_SEED/IMG_20260707_091456.jpg,BAD_SEED,0,train
/content/drive/MyDrive/MaizeData/BAD_SEED/IMG_20260709_092915.jpg,BAD_SEED,0,train
/content/drive/MyDrive/MaizeData/BAD_SEED/IMG_20260707_090424.jpg,BAD_SEED,0,train
/content/drive/MyDrive/MaizeData/BAD_SEED/IMG_20260709_174436_1.jpg,BAD_SEED,0,train
/content/drive/MyDrive/MaizeData/BAD_SEED/IMG_20260709_183343.jpg,BAD_SEED,0,train
/content/drive/MyDrive/MaizeData/GOOD_SEED/IMG_20260706_083822.jpg,GOOD_SEED,1,train
/content/drive/MyDrive/MaizeData/GOOD_SEED/IMG_20260706_082626_1.jpg,GOOD_SEED,1,train
/content/drive/MyDrive/MaizeData/GOOD_SEED/IMG_20260706_100538.jpg,GOOD_SEED,1,train
/content/drive/MyDrive/MaizeData/GOOD_SEED/IMG_20260706_113553_1.jpg,GOOD_SEED,1,train
/content/drive/MyDrive/MaizeData/GOOD_SEED/IMG_20260706_104041.jpg,GOOD_SEED,1,train
/content/drive/MyDrive/MaizeData/BAD_SEED/IMG_20260709_183735.jpg,BAD_SEED,0,train
/content/drive/MyDrive/MaizeData/GOOD_SEED/IMG_20260706_112653.jpg,GOOD_SEED,1,train
/content/drive/MyDrive/MaizeData/BAD_SEED/IMG_20260707_085958_1.jpg,BAD_SEED,0,train
/content/drive/MyDrive/MaizeData/BAD_SEED/IMG_20260707_095345_1.jpg,BAD_SEED,0,train
/content/drive/MyDrive/MaizeData/GOOD_SEED/IMG_20260706_083113.jpg,GOOD_SEED,1,train
/content/drive/MyDrive/MaizeData/GOOD_SEED/IMG_20260706_073243.jpg,GOOD_SEED,1,train
/content/drive/MyDrive/MaizeData/NO_MAIZE/IMG_5576.jpg,NO_MAIZE,2,train
/content/drive/MyDrive/MaizeData/BAD_SEED/IMG_20260707_095210.jpg,BAD_SEED,0,train
/content/drive/MyDrive/MaizeData/NO_MAIZE/IMG_5571.jpg,NO_MAIZE,2,train
/content/drive/MyDrive/MaizeData/GOOD_SEED/IMG_20260706_082141.jpg,GOOD_SEED,1,train
/content/drive/MyDrive/MaizeData/NO_MAIZE/IMG_5581.jpg,NO_MAIZE,2,train
/content/drive/MyDrive/MaizeData/GOOD_SEED/IMG_20260706_104219_1.jpg,GOOD_SEED,1,train
/content/drive/MyDrive/MaizeData/BAD_SEED/IMG_20260709_180132.jpg,BAD_SEED,0,train
/content/drive/MyDrive/MaizeData/BAD_SEED/IMG_20260707_091042.jpg,BAD_SEED,0,train
/content/drive/MyDrive/MaizeData/NO_MAIZE/IMG_5611.jpg,NO_MAIZE,2,train
/content/drive/MyDrive/MaizeData/GOOD_SEED/IMG_20260706_081617_1.jpg,GOOD_SEED,1,train
/content/drive/MyDrive/MaizeData/GOOD_SEED/IMG_20260706_081149_1.jpg,GOOD_SEED,1,train
/content/drive/MyDrive/MaizeData/BAD_SEED/IMG_20260709_093854.jpg,BAD_SEED,0,train
/content/drive/MyDrive/MaizeData/BAD_SEED/IMG_20260707_085504_1.jpg,BAD_SEED,0,train
/content/drive/MyDrive/MaizeData/BAD_SEED/IMG_20260707_100303.jpg,BAD_SEED,0,train
/content/drive/MyDrive/MaizeData/BAD_SEED/IMG_20260707_090024_1.jpg,BAD_SEED,0,train
/content/drive/MyDrive/MaizeData/BAD_SEED/IMG_20260709_094751.jpg,BAD_SEED,0,train
/content/drive/MyDrive/MaizeData/BAD_SEED/IMG_20260709_091100.jpg,BAD_SEED,0,train
/content/drive/MyDrive/MaizeData/BAD_SEED/IMG_20260709_183404.jpg,BAD_SEED,0,train
/content/drive/MyDrive/MaizeData/BAD_SEED/IMG_20260709_180228_1.jpg,BAD_SEED,0,train
/content/drive/MyDrive/MaizeData/NO_MAIZE/IMG_5542.jpg,NO_MAIZE,2,train
/content/drive/MyDrive/MaizeData/GOOD_SEED/IMG_20260706_075346.jpg,GOOD_SEED,1,train
/content/drive/MyDrive/MaizeData/GOOD_SEED/IMG_20260706_094333.jpg,GOOD_SEED,1,train
/content/drive/MyDrive/MaizeData/GOOD_SEED/IMG_20260706_075832.jpg,GOOD_SEED,1,train
/content/drive/MyDrive/MaizeData/GOOD_SEED/IMG_20260706_022329.jpg,GOOD_SEED,1,train
/content/drive/MyDrive/MaizeData/GOOD_SEED/IMG_20260706_073231.jpg,GOOD_SEED,1,train
/content/drive/MyDrive/MaizeData/GOOD_SEED/IMG_20260706_101433.jpg,GOOD_SEED,1,train
/content/drive/MyDrive/MaizeData/GOOD_SEED/IMG_20260706_085546.jpg,GOOD_SEED,1,train
/content/drive/MyDrive/MaizeData/GOOD_SEED/IMG_20260706_102012_1.jpg,GOOD_SEED,1,train
/content/drive/MyDrive/MaizeData/BAD_SEED/IMG_20260707_093446.jpg,BAD_SEED,0,train
/content/drive/MyDrive/MaizeData/BAD_SEED/IMG_20260709_094229.jpg,BAD_SEED,0,train
/content/drive/MyDrive/MaizeData/BAD_SEED/IMG_20260707_090257.jpg,BAD_SEED,0,train
/content/drive/MyDrive/MaizeData/BAD_SEED/IMG_20260709_085844.jpg,BAD_SEED,0,train
/content/drive/MyDrive/MaizeData/GOOD_SEED/IMG_20260706_085813_1.jpg,GOOD_SEED,1,train
/content/drive/MyDrive/MaizeData/BAD_SEED/IMG_20260707_102243.jpg,BAD_SEED,0,train
/content/drive/MyDrive/MaizeData/GOOD_SEED/IMG_20260706_075446.jpg,GOOD_SEED,1,train
/content/drive/MyDrive/MaizeData/BAD_SEED/IMG_20260707_091840.jpg,BAD_SEED,0,train
/content/drive/MyDrive/MaizeData/BAD_SEED/IMG_20260707_095418_1.jpg,BAD_SEED,0,train
/content/drive/MyDrive/MaizeData/GOOD_SEED/IMG_20260706_114040.jpg,GOOD_SEED,1,train
/content/drive/MyDrive/MaizeData/GOOD_SEED/IMG_20260706_113707.jpg,GOOD_SEED,1,train
/content/drive/MyDrive/MaizeData/GOOD_SEED/IMG_20260706_113656.jpg,GOOD_SEED,1,train
/content/drive/MyDrive/MaizeData/GOOD_SEED/IMG_20260706_094433.jpg,GOOD_SEED,1,train
/content/drive/MyDrive/MaizeData/BAD_SEED/IMG_20260709_174955_1.jpg,BAD_SEED,0,train
/content/drive/MyDrive/MaizeData/GOOD_SEED/IMG_20260706_095352.jpg,GOOD_SEED,1,train
/content/drive/MyDrive/MaizeData/BAD_SEED/IMG_20260709_091659_1.jpg,BAD_SEED,0,train
/content/drive/MyDrive/MaizeData/GOOD_SEED/IMG_20260706_081426.jpg,GOOD_SEED,1,train
/content/drive/MyDrive/MaizeData/GOOD_SEED/IMG_20260706_112338.jpg,GOOD_SEED,1,train
/content/drive/MyDrive/MaizeData/GOOD_SEED/IMG_20260706_112120_1.jpg,GOOD_SEED,1,train
/content/drive/MyDrive/MaizeData/BAD_SEED/IMG_20260707_095406_1.jpg,BAD_SEED,0,train
/content/drive/MyDrive/MaizeData/BAD_SEED/IMG_20260709_185205.jpg,BAD_SEED,0,train
/content/drive/MyDrive/MaizeData/NO_MAIZE/IMG_5543.jpg,NO_MAIZE,2,train
/content/drive/MyDrive/MaizeData/NO_MAIZE/IMG_5588.jpg,NO_MAIZE,2,train
/content/drive/MyDrive/MaizeData/GOOD_SEED/IMG_20260706_101958_1.jpg,GOOD_SEED,1,train
/content/drive/MyDrive/MaizeData/GOOD_SEED/IMG_20260706_103124.jpg,GOOD_SEED,1,train
/content/drive/MyDrive/MaizeData/BAD_SEED/IMG_20260707_090012_1.jpg,BAD_SEED,0,train
/content/drive/MyDrive/MaizeData/BAD_SEED/IMG_20260707_091718.jpg,BAD_SEED,0,train
/content/drive/MyDrive/MaizeData/BAD_SEED/IMG_20260707_084342.jpg,BAD_SEED,0,train
/content/drive/MyDrive/MaizeData/BAD_SEED/IMG_20260707_091441_1.jpg,BAD_SEED,0,train
/content/drive/MyDrive/MaizeData/BAD_SEED/IMG_20260707_091246_1.jpg,BAD_SEED,0,train
/content/drive/MyDrive/MaizeData/BAD_SEED/IMG_20260709_180214.jpg,BAD_SEED,0,train
/content/drive/MyDrive/MaizeData/BAD_SEED/IMG_20260707_084324.jpg,BAD_SEED,0,train
/content/drive/MyDrive/MaizeData/BAD_SEED/IMG_20260707_095356.jpg,BAD_SEED,0,train
/content/drive/MyDrive/MaizeData/BAD_SEED/IMG_20260709_175349.jpg,BAD_SEED,0,train
/content/drive/MyDrive/MaizeData/GOOD_SEED/IMG_20260706_112315.jpg,GOOD_SEED,1,train
/content/drive/MyDrive/MaizeData/BAD_SEED/IMG_20260707_085924.jpg,BAD_SEED,0,train
/content/drive/MyDrive/MaizeData/BAD_SEED/IMG_20260709_174827.jpg,BAD_SEED,0,train
/content/drive/MyDrive/MaizeData/BAD_SEED/IMG_20260709_183530.jpg,BAD_SEED,0,train
/content/drive/MyDrive/MaizeData/BAD_SEED/IMG_20260709_091232_1.jpg,BAD_SEED,0,train
/content/drive/MyDrive/MaizeData/BAD_SEED/IMG_20260709_175119.jpg,BAD_SEED,0,train
/content/drive/MyDrive/MaizeData/GOOD_SEED/IMG_20260706_085634.jpg,GOOD_SEED,1,train
/content/drive/MyDrive/MaizeData/GOOD_SEED/IMG_20260706_080302_1.jpg,GOOD_SEED,1,train
/content/drive/MyDrive/MaizeData/NO_MAIZE/IMG_5601.jpg,NO_MAIZE,2,train
/content/drive/MyDrive/MaizeData/GOOD_SEED/IMG_20260706_084232.jpg,GOOD_SEED,1,train
/content/drive/MyDrive/MaizeData/GOOD_SEED/IMG_20260706_114142.jpg,GOOD_SEED,1,train
/content/drive/MyDrive/MaizeData/GOOD_SEED/IMG_20260706_111911.jpg,GOOD_SEED,1,train
/content/drive/MyDrive/MaizeData/GOOD_SEED/IMG_20260706_102553.jpg,GOOD_SEED,1,train
/content/drive/MyDrive/MaizeData/GOOD_SEED/IMG_20260706_085804.jpg,GOOD_SEED,1,train
/content/drive/MyDrive/MaizeData/GOOD_SEED/IMG_20260706_102603.jpg,GOOD_SEED,1,train
/content/drive/MyDrive/MaizeData/BAD_SEED/IMG_20260707_093345.jpg,BAD_SEED,0,train
/content/drive/MyDrive/MaizeData/BAD_SEED/IMG_20260709_094740.jpg,BAD_SEED,0,train
/content/drive/MyDrive/MaizeData/BAD_SEED/IMG_20260709_092726.jpg,BAD_SEED,0,train
/content/drive/MyDrive/MaizeData/BAD_SEED/IMG_20260709_095555.jpg,BAD_SEED,0,train
/content/drive/MyDrive/MaizeData/BAD_SEED/IMG_20260707_090549_1.jpg,BAD_SEED,0,train
/content/drive/MyDrive/MaizeData/GOOD_SEED/IMG_20260706_080058.jpg,GOOD_SEED,1,train
/content/drive/MyDrive/MaizeData/GOOD_SEED/IMG_20260706_074310.jpg,GOOD_SEED,1,train
/content/drive/MyDrive/MaizeData/GOOD_SEED/IMG_20260706_073014_1.jpg,GOOD_SEED,1,train
/content/drive/MyDrive/MaizeData/BAD_SEED/IMG_20260707_094517.jpg,BAD_SEED,0,train
/content/drive/MyDrive/MaizeData/GOOD_SEED/IMG_20260706_113824.jpg,GOOD_SEED,1,train
/content/drive/MyDrive/MaizeData/GOOD_SEED/IMG_20260706_100114.jpg,GOOD_SEED,1,train
/content/drive/MyDrive/MaizeData/BAD_SEED/IMG_20260709_174926_1.jpg,BAD_SEED,0,train
/content/drive/MyDrive/MaizeData/BAD_SEED/IMG_20260709_085737.jpg,BAD_SEED,0,train
/content/drive/MyDrive/MaizeData/NO_MAIZE/IMG_5626.jpg,NO_MAIZE,2,train
/content/drive/MyDrive/MaizeData/BAD_SEED/IMG_20260707_091348.jpg,BAD_SEED,0,train
/content/drive/MyDrive/MaizeData/BAD_SEED/IMG_20260707_100219.jpg,BAD_SEED,0,train
/content/drive/MyDrive/MaizeData/GOOD_SEED/IMG_20260706_095552.jpg,GOOD_SEED,1,train
/content/drive/MyDrive/MaizeData/GOOD_SEED/IMG_20260706_114049_1.jpg,GOOD_SEED,1,train
/content/drive/MyDrive/MaizeData/GOOD_SEED/IMG_20260706_082656.jpg,GOOD_SEED,1,train
/content/drive/MyDrive/MaizeData/BAD_SEED/IMG_20260709_091906_1.jpg,BAD_SEED,0,train
/content/drive/MyDrive/MaizeData/BAD_SEED/IMG_20260707_100537.jpg,BAD_SEED,0,train
/content/drive/MyDrive/MaizeData/GOOD_SEED/IMG_20260706_081238.jpg,GOOD_SEED,1,train
/content/drive/MyDrive/MaizeData/NO_MAIZE/IMG_5560.jpg,NO_MAIZE,2,train
/content/drive/MyDrive/MaizeData/BAD_SEED/IMG_20260709_090752.jpg,BAD_SEED,0,train
/content/drive/MyDrive/MaizeData/NO_MAIZE/IMG_5604.jpg,NO_MAIZE,2,train
/content/drive/MyDrive/MaizeData/GOOD_SEED/IMG_20260706_075545.jpg,GOOD_SEED,1,train
/content/drive/MyDrive/MaizeData/BAD_SEED/IMG_20260709_180119.jpg,BAD_SEED,0,train
/content/drive/MyDrive/MaizeData/GOOD_SEED/IMG_20260706_091553.jpg,GOOD_SEED,1,train
/content/drive/MyDrive/MaizeData/GOOD_SEED/IMG_20260706_113109.jpg,GOOD_SEED,1,train
/content/drive/MyDrive/MaizeData/GOOD_SEED/IMG_20260706_083253.jpg,GOOD_SEED,1,train
/content/drive/MyDrive/MaizeData/BAD_SEED/IMG_20260709_173843.jpg,BAD_SEED,0,train
/content/drive/MyDrive/MaizeData/GOOD_SEED/IMG_20260706_021706.jpg,GOOD_SEED,1,train
/content/drive/MyDrive/MaizeData/GOOD_SEED/IMG_20260706_103740.jpg,GOOD_SEED,1,train
/content/drive/MyDrive/MaizeData/GOOD_SEED/IMG_20260706_112240.jpg,GOOD_SEED,1,train
/content/drive/MyDrive/MaizeData/BAD_SEED/IMG_20260707_084117.jpg,BAD_SEED,0,train
/content/drive/MyDrive/MaizeData/GOOD_SEED/IMG_20260706_095931.jpg,GOOD_SEED,1,train
/content/drive/MyDrive/MaizeData/BAD_SEED/IMG_20260709_174657.jpg,BAD_SEED,0,train
/content/drive/MyDrive/MaizeData/GOOD_SEED/IMG_20260706_091136.jpg,GOOD_SEED,1,train
/content/drive/MyDrive/MaizeData/GOOD_SEED/IMG_20260706_053655.jpg,GOOD_SEED,1,train
/content/drive/MyDrive/MaizeData/BAD_SEED/IMG_20260709_095309.jpg,BAD_SEED,0,train
/content/drive/MyDrive/MaizeData/GOOD_SEED/IMG_20260706_072929_1.jpg,GOOD_SEED,1,train
/content/drive/MyDrive/MaizeData/GOOD_SEED/IMG_20260706_090621.jpg,GOOD_SEED,1,train
/content/drive/MyDrive/MaizeData/BAD_SEED/IMG_20260709_183605.jpg,BAD_SEED,0,train
/content/drive/MyDrive/MaizeData/GOOD_SEED/IMG_20260706_090807.jpg,GOOD_SEED,1,train
/content/drive/MyDrive/MaizeData/GOOD_SEED/IMG_20260706_074000.jpg,GOOD_SEED,1,train
/content/drive/MyDrive/MaizeData/BAD_SEED/IMG_20260707_093411.jpg,BAD_SEED,0,train
/content/drive/MyDrive/MaizeData/GOOD_SEED/IMG_20260706_074145_1.jpg,GOOD_SEED,1,train
/content/drive/MyDrive/MaizeData/GOOD_SEED/IMG_20260706_103138.jpg,GOOD_SEED,1,train
/content/drive/MyDrive/MaizeData/GOOD_SEED/IMG_20260706_112307_1.jpg,GOOD_SEED,1,train
/content/drive/MyDrive/MaizeData/BAD_SEED/IMG_20260709_091639.jpg,BAD_SEED,0,train
/content/drive/MyDrive/MaizeData/BAD_SEED/IMG_20260709_085925_1.jpg,BAD_SEED,0,train
/content/drive/MyDrive/MaizeData/NO_MAIZE/IMG_5619.jpg,NO_MAIZE,2,train
/content/drive/MyDrive/MaizeData/GOOD_SEED/IMG_20260706_074159.jpg,GOOD_SEED,1,train
/content/drive/MyDrive/MaizeData/BAD_SEED/IMG_20260709_085702.jpg,BAD_SEED,0,train
/content/drive/MyDrive/MaizeData/GOOD_SEED/IMG_20260706_090202.jpg,GOOD_SEED,1,train
/content/drive/MyDrive/MaizeData/BAD_SEED/IMG_20260707_095248_1.jpg,BAD_SEED,0,train
/content/drive/MyDrive/MaizeData/BAD_SEED/IMG_20260709_180106.jpg,BAD_SEED,0,train
/content/drive/MyDrive/MaizeData/GOOD_SEED/IMG_20260706_083150.jpg,GOOD_SEED,1,train
/content/drive/MyDrive/MaizeData/BAD_SEED/IMG_20260709_091216.jpg,BAD_SEED,0,train
/content/drive/MyDrive/MaizeData/BAD_SEED/IMG_20260707_092936.jpg,BAD_SEED,0,train
/content/drive/MyDrive/MaizeData/GOOD_SEED/IMG_20260706_090430.jpg,GOOD_SEED,1,train
/content/drive/MyDrive/MaizeData/GOOD_SEED/IMG_20260706_090259_1.jpg,GOOD_SEED,1,train
/content/drive/MyDrive/MaizeData/BAD_SEED/IMG_20260707_084517.jpg,BAD_SEED,0,train
/content/drive/MyDrive/MaizeData/GOOD_SEED/IMG_20260706_101538.jpg,GOOD_SEED,1,train
/content/drive/MyDrive/MaizeData/GOOD_SEED/IMG_20260706_112440.jpg,GOOD_SEED,1,train
/content/drive/MyDrive/MaizeData/GOOD_SEED/IMG_20260706_082948.jpg,GOOD_SEED,1,train
/content/drive/MyDrive/MaizeData/BAD_SEED/IMG_20260707_085848.jpg,BAD_SEED,0,train
/content/drive/MyDrive/MaizeData/BAD_SEED/IMG_20260707_084453_1.jpg,BAD_SEED,0,train
/content/drive/MyDrive/MaizeData/BAD_SEED/IMG_20260707_091618.jpg,BAD_SEED,0,train
/content/drive/MyDrive/MaizeData/BAD_SEED/IMG_20260709_174207_1.jpg,BAD_SEED,0,train
/content/drive/MyDrive/MaizeData/BAD_SEED/IMG_20260707_083829.jpg,BAD_SEED,0,train
/content/drive/MyDrive/MaizeData/GOOD_SEED/IMG_20260706_082516.jpg,GOOD_SEED,1,train
/content/drive/MyDrive/MaizeData/GOOD_SEED/IMG_20260706_095104.jpg,GOOD_SEED,1,train
/content/drive/MyDrive/MaizeData/NO_MAIZE/IMG_5570.jpg,NO_MAIZE,2,train
/content/drive/MyDrive/MaizeData/GOOD_SEED/IMG_20260706_081725_1.jpg,GOOD_SEED,1,train
/content/drive/MyDrive/MaizeData/NO_MAIZE/IMG_5549.jpg,NO_MAIZE,2,train
/content/drive/MyDrive/MaizeData/GOOD_SEED/IMG_20260706_083054_1.jpg,GOOD_SEED,1,train
/content/drive/MyDrive/MaizeData/BAD_SEED/IMG_20260709_184416.jpg,BAD_SEED,0,train
/content/drive/MyDrive/MaizeData/GOOD_SEED/IMG_20260706_094452_1.jpg,GOOD_SEED,1,train
/content/drive/MyDrive/MaizeData/GOOD_SEED/IMG_20260706_083123.jpg,GOOD_SEED,1,train
/content/drive/MyDrive/MaizeData/GOOD_SEED/IMG_20260706_113916_1.jpg,GOOD_SEED,1,train
/content/drive/MyDrive/MaizeData/BAD_SEED/IMG_20260707_092025.jpg,BAD_SEED,0,train
/content/drive/MyDrive/MaizeData/BAD_SEED/IMG_20260707_084603.jpg,BAD_SEED,0,train
/content/drive/MyDrive/MaizeData/GOOD_SEED/IMG_20260706_082331.jpg,GOOD_SEED,1,train
/content/drive/MyDrive/MaizeData/BAD_SEED/IMG_20260707_102203.jpg,BAD_SEED,0,train
/content/drive/MyDrive/MaizeData/GOOD_SEED/IMG_20260706_102400.jpg,GOOD_SEED,1,train
/content/drive/MyDrive/MaizeData/GOOD_SEED/IMG_20260706_101120_1.jpg,GOOD_SEED,1,train
/content/drive/MyDrive/MaizeData/BAD_SEED/IMG_20260709_094356_1.jpg,BAD_SEED,0,train
/content/drive/MyDrive/MaizeData/BAD_SEED/IMG_20260707_094538_1.jpg,BAD_SEED,0,train
/content/drive/MyDrive/MaizeData/BAD_SEED/IMG_20260707_084648.jpg,BAD_SEED,0,train
/content/drive/MyDrive/MaizeData/GOOD_SEED/IMG_20260706_073432_1.jpg,GOOD_SEED,1,train
/content/drive/MyDrive/MaizeData/BAD_SEED/IMG_20260709_183217.jpg,BAD_SEED,0,train
/content/drive/MyDrive/MaizeData/BAD_SEED/IMG_20260707_095427_1.jpg,BAD_SEED,0,train
/content/drive/MyDrive/MaizeData/BAD_SEED/IMG_20260709_175054.jpg,BAD_SEED,0,train
/content/drive/MyDrive/MaizeData/BAD_SEED/IMG_20260709_094346.jpg,BAD_SEED,0,train
/content/drive/MyDrive/MaizeData/GOOD_SEED/IMG_20260706_075011.jpg,GOOD_SEED,1,train
/content/drive/MyDrive/MaizeData/BAD_SEED/IMG_20260707_091931.jpg,BAD_SEED,0,train
/content/drive/MyDrive/MaizeData/BAD_SEED/IMG_20260709_183919.jpg,BAD_SEED,0,train
/content/drive/MyDrive/MaizeData/NO_MAIZE/IMG_5624.jpg,NO_MAIZE,2,train
/content/drive/MyDrive/MaizeData/GOOD_SEED/IMG_20260706_091602_1.jpg,GOOD_SEED,1,train
/content/drive/MyDrive/MaizeData/GOOD_SEED/IMG_20260706_080131.jpg,GOOD_SEED,1,train
/content/drive/MyDrive/MaizeData/BAD_SEED/IMG_20260707_085014.jpg,BAD_SEED,0,train
/content/drive/MyDrive/MaizeData/GOOD_SEED/IMG_20260706_103245_1.jpg,GOOD_SEED,1,train
/content/drive/MyDrive/MaizeData/BAD_SEED/IMG_20260707_094130_1.jpg,BAD_SEED,0,train
/content/drive/MyDrive/MaizeData/GOOD_SEED/IMG_20260706_095945.jpg,GOOD_SEED,1,train
/content/drive/MyDrive/MaizeData/BAD_SEED/IMG_20260709_183521.jpg,BAD_SEED,0,train
/content/drive/MyDrive/MaizeData/BAD_SEED/IMG_20260707_102133_1.jpg,BAD_SEED,0,train
/content/drive/MyDrive/MaizeData/GOOD_SEED/IMG_20260706_090421.jpg,GOOD_SEED,1,train
/content/drive/MyDrive/MaizeData/BAD_SEED/IMG_20260709_180426.jpg,BAD_SEED,0,train
/content/drive/MyDrive/MaizeData/NO_MAIZE/IMG_5587.jpg,NO_MAIZE,2,train
/content/drive/MyDrive/MaizeData/GOOD_SEED/IMG_20260706_113602.jpg,GOOD_SEED,1,train
/content/drive/MyDrive/MaizeData/BAD_SEED/IMG_20260709_095227.jpg,BAD_SEED,0,train
/content/drive/MyDrive/MaizeData/GOOD_SEED/IMG_20260706_100751.jpg,GOOD_SEED,1,train
/content/drive/MyDrive/MaizeData/NO_MAIZE/IMG_5540.jpg,NO_MAIZE,2,train
/content/drive/MyDrive/MaizeData/GOOD_SEED/IMG_20260706_101458.jpg,GOOD_SEED,1,train
/content/drive/MyDrive/MaizeData/BAD_SEED/IMG_20260707_100418.jpg,BAD_SEED,0,train
/content/drive/MyDrive/MaizeData/NO_MAIZE/IMG_5565.jpg,NO_MAIZE,2,train
/content/drive/MyDrive/MaizeData/BAD_SEED/IMG_20260707_091521.jpg,BAD_SEED,0,train
/content/drive/MyDrive/MaizeData/BAD_SEED/IMG_20260707_093248.jpg,BAD_SEED,0,train
/content/drive/MyDrive/MaizeData/GOOD_SEED/IMG_20260706_113228.jpg,GOOD_SEED,1,train
/content/drive/MyDrive/MaizeData/BAD_SEED/IMG_20260709_093450.jpg,BAD_SEED,0,train
/content/drive/MyDrive/MaizeData/BAD_SEED/IMG_20260709_174603.jpg,BAD_SEED,0,train
/content/drive/MyDrive/MaizeData/GOOD_SEED/IMG_20260706_081250_1.jpg,GOOD_SEED,1,train
/content/drive/MyDrive/MaizeData/NO_MAIZE/IMG_5622.jpg,NO_MAIZE,2,train
/content/drive/MyDrive/MaizeData/BAD_SEED/IMG_20260709_095607.jpg,BAD_SEED,0,train
/content/drive/MyDrive/MaizeData/BAD_SEED/IMG_20260707_101258.jpg,BAD_SEED,0,train
/content/drive/MyDrive/MaizeData/BAD_SEED/IMG_20260707_094448.jpg,BAD_SEED,0,train
/content/drive/MyDrive/MaizeData/BAD_SEED/IMG_20260709_091520_1.jpg,BAD_SEED,0,train
/content/drive/MyDrive/MaizeData/GOOD_SEED/IMG_20260706_112706.jpg,GOOD_SEED,1,train
/content/drive/MyDrive/MaizeData/BAD_SEED/IMG_20260707_100229.jpg,BAD_SEED,0,train
/content/drive/MyDrive/MaizeData/GOOD_SEED/IMG_20260706_073905.jpg,GOOD_SEED,1,train
/content/drive/MyDrive/MaizeData/GOOD_SEED/IMG_20260706_075112_1.jpg,GOOD_SEED,1,train
/content/drive/MyDrive/MaizeData/BAD_SEED/IMG_20260709_094801_1.jpg,BAD_SEED,0,train
/content/drive/MyDrive/MaizeData/GOOD_SEED/IMG_20260706_081602.jpg,GOOD_SEED,1,train
/content/drive/MyDrive/MaizeData/GOOD_SEED/IMG_20260706_075752.jpg,GOOD_SEED,1,train
/content/drive/MyDrive/MaizeData/GOOD_SEED/IMG_20260706_091303.jpg,GOOD_SEED,1,train
/content/drive/MyDrive/MaizeData/BAD_SEED/IMG_20260707_092831.jpg,BAD_SEED,0,train
/content/drive/MyDrive/MaizeData/GOOD_SEED/IMG_20260706_104203.jpg,GOOD_SEED,1,train
/content/drive/MyDrive/MaizeData/BAD_SEED/IMG_20260709_183121.jpg,BAD_SEED,0,train
/content/drive/MyDrive/MaizeData/GOOD_SEED/IMG_20260706_100209.jpg,GOOD_SEED,1,train
/content/drive/MyDrive/MaizeData/GOOD_SEED/IMG_20260706_112030.jpg,GOOD_SEED,1,train
/content/drive/MyDrive/MaizeData/BAD_SEED/IMG_20260709_094715.jpg,BAD_SEED,0,train
/content/drive/MyDrive/MaizeData/GOOD_SEED/IMG_20260706_112617.jpg,GOOD_SEED,1,train
/content/drive/MyDrive/MaizeData/GOOD_SEED/IMG_20260706_103717.jpg,GOOD_SEED,1,train
/content/drive/MyDrive/MaizeData/BAD_SEED/IMG_20260707_093358.jpg,BAD_SEED,0,train
/content/drive/MyDrive/MaizeData/NO_MAIZE/IMG_5580.jpg,NO_MAIZE,2,train
/content/drive/MyDrive/MaizeData/GOOD_SEED/IMG_20260706_095318.jpg,GOOD_SEED,1,train
/content/drive/MyDrive/MaizeData/BAD_SEED/IMG_20260707_102149.jpg,BAD_SEED,0,train
/content/drive/MyDrive/MaizeData/GOOD_SEED/IMG_20260706_101142_1.jpg,GOOD_SEED,1,train
/content/drive/MyDrive/MaizeData/BAD_SEED/IMG_20260707_101215.jpg,BAD_SEED,0,train
/content/drive/MyDrive/MaizeData/BAD_SEED/IMG_20260707_093921.jpg,BAD_SEED,0,train
/content/drive/MyDrive/MaizeData/GOOD_SEED/IMG_20260706_081015_1.jpg,GOOD_SEED,1,train
/content/drive/MyDrive/MaizeData/BAD_SEED/IMG_20260709_175208.jpg,BAD_SEED,0,train
/content/drive/MyDrive/MaizeData/GOOD_SEED/IMG_20260706_073130_1.jpg,GOOD_SEED,1,train
/content/drive/MyDrive/MaizeData/BAD_SEED/IMG_20260709_095022.jpg,BAD_SEED,0,train
/content/drive/MyDrive/MaizeData/BAD_SEED/IMG_20260707_093437.jpg,BAD_SEED,0,train
/content/drive/MyDrive/MaizeData/GOOD_SEED/IMG_20260706_080003.jpg,GOOD_SEED,1,train
/content/drive/MyDrive/MaizeData/GOOD_SEED/IMG_20260706_085900.jpg,GOOD_SEED,1,train
/content/drive/MyDrive/MaizeData/BAD_SEED/IMG_20260707_084309.jpg,BAD_SEED,0,train
/content/drive/MyDrive/MaizeData/GOOD_SEED/IMG_20260706_113611.jpg,GOOD_SEED,1,train
/content/drive/MyDrive/MaizeData/BAD_SEED/IMG_20260707_083954.jpg,BAD_SEED,0,train
/content/drive/MyDrive/MaizeData/GOOD_SEED/IMG_20260706_081701.jpg,GOOD_SEED,1,train
/content/drive/MyDrive/MaizeData/GOOD_SEED/IMG_20260706_100948.jpg,GOOD_SEED,1,train
/content/drive/MyDrive/MaizeData/GOOD_SEED/IMG_20260706_081124.jpg,GOOD_SEED,1,train
/content/drive/MyDrive/MaizeData/BAD_SEED/IMG_20260709_180458.jpg,BAD_SEED,0,train
/content/drive/MyDrive/MaizeData/BAD_SEED/IMG_20260709_174857.jpg,BAD_SEED,0,train
/content/drive/MyDrive/MaizeData/BAD_SEED/IMG_20260709_183629.jpg,BAD_SEED,0,train
/content/drive/MyDrive/MaizeData/BAD_SEED/IMG_20260707_101921.jpg,BAD_SEED,0,train
/content/drive/MyDrive/MaizeData/BAD_SEED/IMG_20260707_094254.jpg,BAD_SEED,0,train
/content/drive/MyDrive/MaizeData/GOOD_SEED/IMG_20260706_073005.jpg,GOOD_SEED,1,train
/content/drive/MyDrive/MaizeData/BAD_SEED/IMG_20260709_092232.jpg,BAD_SEED,0,train
/content/drive/MyDrive/MaizeData/BAD_SEED/IMG_20260707_085044.jpg,BAD_SEED,0,train
/content/drive/MyDrive/MaizeData/GOOD_SEED/IMG_20260706_104149.jpg,GOOD_SEED,1,train
/content/drive/MyDrive/MaizeData/GOOD_SEED/IMG_20260706_084125.jpg,GOOD_SEED,1,train
/content/drive/MyDrive/MaizeData/GOOD_SEED/IMG_20260706_090223.jpg,GOOD_SEED,1,train
/content/drive/MyDrive/MaizeData/GOOD_SEED/IMG_20260706_113217.jpg,GOOD_SEED,1,train
/content/drive/MyDrive/MaizeData/GOOD_SEED/IMG_20260706_082054.jpg,GOOD_SEED,1,train
/content/drive/MyDrive/MaizeData/GOOD_SEED/IMG_20260706_114003.jpg,GOOD_SEED,1,train
/content/drive/MyDrive/MaizeData/BAD_SEED/IMG_20260709_091551_1.jpg,BAD_SEED,0,train
/content/drive/MyDrive/MaizeData/NO_MAIZE/IMG_5610.jpg,NO_MAIZE,2,train
/content/drive/MyDrive/MaizeData/GOOD_SEED/IMG_20260706_073550.jpg,GOOD_SEED,1,train
/content/drive/MyDrive/MaizeData/BAD_SEED/IMG_20260707_091733_1.jpg,BAD_SEED,0,train
/content/drive/MyDrive/MaizeData/BAD_SEED/IMG_20260709_183959.jpg,BAD_SEED,0,train
/content/drive/MyDrive/MaizeData/GOOD_SEED/IMG_20260706_101131.jpg,GOOD_SEED,1,train
/content/drive/MyDrive/MaizeData/BAD_SEED/IMG_20260707_102000.jpg,BAD_SEED,0,train
/content/drive/MyDrive/MaizeData/GOOD_SEED/IMG_20260706_083941.jpg,GOOD_SEED,1,train
/content/drive/MyDrive/MaizeData/NO_MAIZE/IMG_5590.jpg,NO_MAIZE,2,train
/content/drive/MyDrive/MaizeData/BAD_SEED/IMG_20260709_093731.jpg,BAD_SEED,0,train
/content/drive/MyDrive/MaizeData/BAD_SEED/IMG_20260709_174816.jpg,BAD_SEED,0,train
/content/drive/MyDrive/MaizeData/BAD_SEED/IMG_20260709_095614.jpg,BAD_SEED,0,train
/content/drive/MyDrive/MaizeData/GOOD_SEED/IMG_20260706_082829.jpg,GOOD_SEED,1,train
/content/drive/MyDrive/MaizeData/BAD_SEED/IMG_20260707_090643.jpg,BAD_SEED,0,train
/content/drive/MyDrive/MaizeData/NO_MAIZE/IMG_5591.jpg,NO_MAIZE,2,train
/content/drive/MyDrive/MaizeData/BAD_SEED/IMG_20260709_093633.jpg,BAD_SEED,0,train
/content/drive/MyDrive/MaizeData/BAD_SEED/IMG_20260709_180204.jpg,BAD_SEED,0,train
/content/drive/MyDrive/MaizeData/BAD_SEED/IMG_20260709_180511.jpg,BAD_SEED,0,train
/content/drive/MyDrive/MaizeData/GOOD_SEED/IMG_20260706_112851.jpg,GOOD_SEED,1,train
/content/drive/MyDrive/MaizeData/BAD_SEED/IMG_20260709_175955.jpg,BAD_SEED,0,train
/content/drive/MyDrive/MaizeData/BAD_SEED/IMG_20260707_085539_1.jpg,BAD_SEED,0,train
/content/drive/MyDrive/MaizeData/GOOD_SEED/IMG_20260706_090122.jpg,GOOD_SEED,1,train
/content/drive/MyDrive/MaizeData/BAD_SEED/IMG_20260707_085911.jpg,BAD_SEED,0,train
/content/drive/MyDrive/MaizeData/BAD_SEED/IMG_20260709_180250.jpg,BAD_SEED,0,train
/content/drive/MyDrive/MaizeData/GOOD_SEED/IMG_20260706_091048_1.jpg,GOOD_SEED,1,train
/content/drive/MyDrive/MaizeData/NO_MAIZE/IMG_5539.jpg,NO_MAIZE,2,train
/content/drive/MyDrive/MaizeData/BAD_SEED/IMG_20260707_100658.jpg,BAD_SEED,0,train
/content/drive/MyDrive/MaizeData/GOOD_SEED/IMG_20260706_085259_1.jpg,GOOD_SEED,1,train
/content/drive/MyDrive/MaizeData/BAD_SEED/IMG_20260707_093108.jpg,BAD_SEED,0,train
/content/drive/MyDrive/MaizeData/GOOD_SEED/IMG_20260706_100016_1.jpg,GOOD_SEED,1,train
/content/drive/MyDrive/MaizeData/GOOD_SEED/IMG_20260706_112111.jpg,GOOD_SEED,1,train
/content/drive/MyDrive/MaizeData/GOOD_SEED/IMG_20260706_080110_1.jpg,GOOD_SEED,1,train
/content/drive/MyDrive/MaizeData/BAD_SEED/IMG_20260707_102156.jpg,BAD_SEED,0,train
/content/drive/MyDrive/MaizeData/GOOD_SEED/IMG_20260706_094247_1.jpg,GOOD_SEED,1,train
/content/drive/MyDrive/MaizeData/BAD_SEED/IMG_20260707_091316.jpg,BAD_SEED,0,train
/content/drive/MyDrive/MaizeData/GOOD_SEED/IMG_20260706_112529.jpg,GOOD_SEED,1,train
/content/drive/MyDrive/MaizeData/BAD_SEED/IMG_20260707_102122.jpg,BAD_SEED,0,train
/content/drive/MyDrive/MaizeData/GOOD_SEED/IMG_20260706_100327.jpg,GOOD_SEED,1,train
/content/drive/MyDrive/MaizeData/BAD_SEED/IMG_20260707_100144.jpg,BAD_SEED,0,train
/content/drive/MyDrive/MaizeData/BAD_SEED/IMG_20260709_183300.jpg,BAD_SEED,0,train
/content/drive/MyDrive/MaizeData/BAD_SEED/IMG_20260709_174727.jpg,BAD_SEED,0,train
/content/drive/MyDrive/MaizeData/NO_MAIZE/IMG_5600.jpg,NO_MAIZE,2,train
/content/drive/MyDrive/MaizeData/NO_MAIZE/IMG_5582.jpg,NO_MAIZE,2,train
/content/drive/MyDrive/MaizeData/BAD_SEED/IMG_20260709_183618.jpg,BAD_SEED,0,train
/content/drive/MyDrive/MaizeData/GOOD_SEED/IMG_20260706_075357.jpg,GOOD_SEED,1,train
/content/drive/MyDrive/MaizeData/BAD_SEED/IMG_20260707_084440.jpg,BAD_SEED,0,train
/content/drive/MyDrive/MaizeData/BAD_SEED/IMG_20260709_094154.jpg,BAD_SEED,0,train
/content/drive/MyDrive/MaizeData/GOOD_SEED/IMG_20260706_075503.jpg,GOOD_SEED,1,train
/content/drive/MyDrive/MaizeData/GOOD_SEED/IMG_20260706_103416.jpg,GOOD_SEED,1,train
/content/drive/MyDrive/MaizeData/BAD_SEED/IMG_20260709_183930.jpg,BAD_SEED,0,train
/content/drive/MyDrive/MaizeData/NO_MAIZE/IMG_5596.jpg,NO_MAIZE,2,train
/content/drive/MyDrive/MaizeData/GOOD_SEED/IMG_20260706_073845_1.jpg,GOOD_SEED,1,train
/content/drive/MyDrive/MaizeData/GOOD_SEED/IMG_20260706_112754.jpg,GOOD_SEED,1,train
/content/drive/MyDrive/MaizeData/BAD_SEED/IMG_20260707_090057.jpg,BAD_SEED,0,train
/content/drive/MyDrive/MaizeData/BAD_SEED/IMG_20260709_091024.jpg,BAD_SEED,0,train
/content/drive/MyDrive/MaizeData/GOOD_SEED/IMG_20260706_075953.jpg,GOOD_SEED,1,train
/content/drive/MyDrive/MaizeData/NO_MAIZE/IMG_5554.jpg,NO_MAIZE,2,train
/content/drive/MyDrive/MaizeData/NO_MAIZE/IMG_5556.jpg,NO_MAIZE,2,train
/content/drive/MyDrive/MaizeData/NO_MAIZE/IMG_5550.jpg,NO_MAIZE,2,train
/content/drive/MyDrive/MaizeData/BAD_SEED/IMG_20260707_102113.jpg,BAD_SEED,0,train
/content/drive/MyDrive/MaizeData/GOOD_SEED/IMG_20260706_083223.jpg,GOOD_SEED,1,train
/content/drive/MyDrive/MaizeData/GOOD_SEED/IMG_20260706_103631_1.jpg,GOOD_SEED,1,train
/content/drive/MyDrive/MaizeData/GOOD_SEED/IMG_20260706_090322.jpg,GOOD_SEED,1,train
/content/drive/MyDrive/MaizeData/BAD_SEED/IMG_20260707_085944.jpg,BAD_SEED,0,train
/content/drive/MyDrive/MaizeData/GOOD_SEED/IMG_20260706_101203.jpg,GOOD_SEED,1,train
/content/drive/MyDrive/MaizeData/GOOD_SEED/IMG_20260706_090152_1.jpg,GOOD_SEED,1,train
/content/drive/MyDrive/MaizeData/BAD_SEED/IMG_20260709_174018_1.jpg,BAD_SEED,0,train
/content/drive/MyDrive/MaizeData/GOOD_SEED/IMG_20260706_113436_1.jpg,GOOD_SEED,1,train
/content/drive/MyDrive/MaizeData/GOOD_SEED/IMG_20260706_102907.jpg,GOOD_SEED,1,train
/content/drive/MyDrive/MaizeData/BAD_SEED/IMG_20260707_100352.jpg,BAD_SEED,0,train
/content/drive/MyDrive/MaizeData/BAD_SEED/IMG_20260707_102052.jpg,BAD_SEED,0,train
/content/drive/MyDrive/MaizeData/BAD_SEED/IMG_20260709_174548.jpg,BAD_SEED,0,train
/content/drive/MyDrive/MaizeData/NO_MAIZE/IMG_5553.jpg,NO_MAIZE,2,train
/content/drive/MyDrive/MaizeData/BAD_SEED/IMG_20260707_094000.jpg,BAD_SEED,0,train
/content/drive/MyDrive/MaizeData/BAD_SEED/IMG_20260709_094726.jpg,BAD_SEED,0,train
/content/drive/MyDrive/MaizeData/GOOD_SEED/IMG_20260706_081810.jpg,GOOD_SEED,1,train
/content/drive/MyDrive/MaizeData/GOOD_SEED/IMG_20260706_090834.jpg,GOOD_SEED,1,train
/content/drive/MyDrive/MaizeData/GOOD_SEED/IMG_20260706_102035.jpg,GOOD_SEED,1,train
/content/drive/MyDrive/MaizeData/GOOD_SEED/IMG_20260706_112130_1.jpg,GOOD_SEED,1,train
/content/drive/MyDrive/MaizeData/GOOD_SEED/IMG_20260706_081508.jpg,GOOD_SEED,1,train
/content/drive/MyDrive/MaizeData/GOOD_SEED/IMG_20260706_113016.jpg,GOOD_SEED,1,train
/content/drive/MyDrive/MaizeData/NO_MAIZE/IMG_5593.jpg,NO_MAIZE,2,train
/content/drive/MyDrive/MaizeData/BAD_SEED/IMG_20260709_183758.jpg,BAD_SEED,0,train
/content/drive/MyDrive/MaizeData/BAD_SEED/IMG_20260709_091708.jpg,BAD_SEED,0,train
/content/drive/MyDrive/MaizeData/GOOD_SEED/IMG_20260706_084338.jpg,GOOD_SEED,1,train
/content/drive/MyDrive/MaizeData/BAD_SEED/IMG_20260707_091604.jpg,BAD_SEED,0,train
/content/drive/MyDrive/MaizeData/BAD_SEED/IMG_20260709_175143.jpg,BAD_SEED,0,train
/content/drive/MyDrive/MaizeData/GOOD_SEED/IMG_20260706_112228.jpg,GOOD_SEED,1,train
/content/drive/MyDrive/MaizeData/BAD_SEED/IMG_20260707_093429_1.jpg,BAD_SEED,0,train
/content/drive/MyDrive/MaizeData/BAD_SEED/IMG_20260709_183150.jpg,BAD_SEED,0,train
/content/drive/MyDrive/MaizeData/GOOD_SEED/IMG_20260706_090522.jpg,GOOD_SEED,1,train
/content/drive/MyDrive/MaizeData/GOOD_SEED/IMG_20260706_073445.jpg,GOOD_SEED,1,train
/content/drive/MyDrive/MaizeData/GOOD_SEED/IMG_20260706_100136_1.jpg,GOOD_SEED,1,train
/content/drive/MyDrive/MaizeData/BAD_SEED/IMG_20260709_095105.jpg,BAD_SEED,0,train
/content/drive/MyDrive/MaizeData/BAD_SEED/IMG_20260707_093047.jpg,BAD_SEED,0,train
/content/drive/MyDrive/MaizeData/NO_MAIZE/IMG_5599.jpg,NO_MAIZE,2,train
/content/drive/MyDrive/MaizeData/BAD_SEED/IMG_20260709_091845.jpg,BAD_SEED,0,train
/content/drive/MyDrive/MaizeData/BAD_SEED/IMG_20260709_173706_1.jpg,BAD_SEED,0,train
/content/drive/MyDrive/MaizeData/BAD_SEED/IMG_20260707_101318.jpg,BAD_SEED,0,train
/content/drive/MyDrive/MaizeData/GOOD_SEED/IMG_20260706_100921_1.jpg,GOOD_SEED,1,train
/content/drive/MyDrive/MaizeData/BAD_SEED/IMG_20260709_180153.jpg,BAD_SEED,0,train
/content/drive/MyDrive/MaizeData/GOOD_SEED/IMG_20260706_112720.jpg,GOOD_SEED,1,train
/content/drive/MyDrive/MaizeData/GOOD_SEED/IMG_20260706_111933.jpg,GOOD_SEED,1,train
/content/drive/MyDrive/MaizeData/BAD_SEED/IMG_20260707_085242_1.jpg,BAD_SEED,0,train
/content/drive/MyDrive/MaizeData/GOOD_SEED/IMG_20260706_073632_1.jpg,GOOD_SEED,1,train
/content/drive/MyDrive/MaizeData/BAD_SEED/IMG_20260709_175805.jpg,BAD_SEED,0,train
/content/drive/MyDrive/MaizeData/BAD_SEED/IMG_20260709_180141.jpg,BAD_SEED,0,train
/content/drive/MyDrive/MaizeData/BAD_SEED/IMG_20260707_084505_1.jpg,BAD_SEED,0,train
/content/drive/MyDrive/MaizeData/GOOD_SEED/IMG_20260706_103838.jpg,GOOD_SEED,1,train
/content/drive/MyDrive/MaizeData/BAD_SEED/IMG_20260709_183426.jpg,BAD_SEED,0,train
/content/drive/MyDrive/MaizeData/BAD_SEED/IMG_20260707_095223.jpg,BAD_SEED,0,train
/content/drive/MyDrive/MaizeData/BAD_SEED/IMG_20260709_093846.jpg,BAD_SEED,0,train
/content/drive/MyDrive/MaizeData/BAD_SEED/IMG_20260707_094328.jpg,BAD_SEED,0,train
/content/drive/MyDrive/MaizeData/GOOD_SEED/IMG_20260706_102848.jpg,GOOD_SEED,1,train
/content/drive/MyDrive/MaizeData/GOOD_SEED/IMG_20260706_074935.jpg,GOOD_SEED,1,train
/content/drive/MyDrive/MaizeData/BAD_SEED/IMG_20260707_092929.jpg,BAD_SEED,0,train
/content/drive/MyDrive/MaizeData/BAD_SEED/IMG_20260709_091503.jpg,BAD_SEED,0,train
/content/drive/MyDrive/MaizeData/BAD_SEED/IMG_20260709_174048.jpg,BAD_SEED,0,train
/content/drive/MyDrive/MaizeData/BAD_SEED/IMG_20260709_175936.jpg,BAD_SEED,0,train
/content/drive/MyDrive/MaizeData/BAD_SEED/IMG_20260707_101340.jpg,BAD_SEED,0,train
/content/drive/MyDrive/MaizeData/BAD_SEED/IMG_20260709_173906_1.jpg,BAD_SEED,0,train
/content/drive/MyDrive/MaizeData/GOOD_SEED/IMG_20260706_083834.jpg,GOOD_SEED,1,train
/content/drive/MyDrive/MaizeData/BAD_SEED/IMG_20260709_174807.jpg,BAD_SEED,0,train
/content/drive/MyDrive/MaizeData/BAD_SEED/IMG_20260709_185514.jpg,BAD_SEED,0,train
/content/drive/MyDrive/MaizeData/GOOD_SEED/IMG_20260706_085728.jpg,GOOD_SEED,1,train
/content/drive/MyDrive/MaizeData/GOOD_SEED/IMG_20260706_100820.jpg,GOOD_SEED,1,train
/content/drive/MyDrive/MaizeData/BAD_SEED/IMG_20260709_183240.jpg,BAD_SEED,0,train
/content/drive/MyDrive/MaizeData/BAD_SEED/IMG_20260707_093327_1.jpg,BAD_SEED,0,train
/content/drive/MyDrive/MaizeData/NO_MAIZE/IMG_5573.jpg,NO_MAIZE,2,train
/content/drive/MyDrive/MaizeData/BAD_SEED/IMG_20260707_091709.jpg,BAD_SEED,0,train
/content/drive/MyDrive/MaizeData/GOOD_SEED/IMG_20260706_102543.jpg,GOOD_SEED,1,train
/content/drive/MyDrive/MaizeData/NO_MAIZE/IMG_5579.jpg,NO_MAIZE,2,train
/content/drive/MyDrive/MaizeData/GOOD_SEED/IMG_20260706_073100.jpg,GOOD_SEED,1,train
/content/drive/MyDrive/MaizeData/NO_MAIZE/IMG_5535.jpg,NO_MAIZE,2,train
/content/drive/MyDrive/MaizeData/GOOD_SEED/IMG_20260706_072858.jpg,GOOD_SEED,1,train
/content/drive/MyDrive/MaizeData/BAD_SEED/IMG_20260709_173718.jpg,BAD_SEED,0,train
/content/drive/MyDrive/MaizeData/BAD_SEED/IMG_20260709_095201_1.jpg,BAD_SEED,0,train
/content/drive/MyDrive/MaizeData/BAD_SEED/IMG_20260707_094226.jpg,BAD_SEED,0,train
/content/drive/MyDrive/MaizeData/GOOD_SEED/IMG_20260706_095611.jpg,GOOD_SEED,1,train
/content/drive/MyDrive/MaizeData/GOOD_SEED/IMG_20260706_113542.jpg,GOOD_SEED,1,train
/content/drive/MyDrive/MaizeData/BAD_SEED/IMG_20260709_183331.jpg,BAD_SEED,0,train
/content/drive/MyDrive/MaizeData/BAD_SEED/IMG_20260709_093135.jpg,BAD_SEED,0,train
/content/drive/MyDrive/MaizeData/GOOD_SEED/IMG_20260706_073304.jpg,GOOD_SEED,1,train
/content/drive/MyDrive/MaizeData/BAD_SEED/IMG_20260709_180259.jpg,BAD_SEED,0,train
/content/drive/MyDrive/MaizeData/GOOD_SEED/IMG_20260706_075148.jpg,GOOD_SEED,1,train
/content/drive/MyDrive/MaizeData/BAD_SEED/IMG_20260709_185450.jpg,BAD_SEED,0,train
/content/drive/MyDrive/MaizeData/BAD_SEED/IMG_20260707_085404.jpg,BAD_SEED,0,train
/content/drive/MyDrive/MaizeData/GOOD_SEED/IMG_20260706_074917.jpg,GOOD_SEED,1,train
/content/drive/MyDrive/MaizeData/BAD_SEED/IMG_20260709_091425.jpg,BAD_SEED,0,train
/content/drive/MyDrive/MaizeData/BAD_SEED/IMG_20260709_174614.jpg,BAD_SEED,0,train
/content/drive/MyDrive/MaizeData/GOOD_SEED/IMG_20260706_081302.jpg,GOOD_SEED,1,train
/content/drive/MyDrive/MaizeData/NO_MAIZE/IMG_5614.jpg,NO_MAIZE,2,train
/content/drive/MyDrive/MaizeData/BAD_SEED/IMG_20260707_094440.jpg,BAD_SEED,0,train
/content/drive/MyDrive/MaizeData/GOOD_SEED/IMG_20260706_102333.jpg,GOOD_SEED,1,train
/content/drive/MyDrive/MaizeData/BAD_SEED/IMG_20260707_093941.jpg,BAD_SEED,0,train
/content/drive/MyDrive/MaizeData/NO_MAIZE/IMG_5537.jpg,NO_MAIZE,2,train
/content/drive/MyDrive/MaizeData/BAD_SEED/IMG_20260709_093826.jpg,BAD_SEED,0,train
/content/drive/MyDrive/MaizeData/GOOD_SEED/IMG_20260706_073048.jpg,GOOD_SEED,1,train
/content/drive/MyDrive/MaizeData/GOOD_SEED/IMG_20260706_074753.jpg,GOOD_SEED,1,train
/content/drive/MyDrive/MaizeData/GOOD_SEED/IMG_20260706_083213.jpg,GOOD_SEED,1,train
/content/drive/MyDrive/MaizeData/GOOD_SEED/IMG_20260706_084325.jpg,GOOD_SEED,1,train
/content/drive/MyDrive/MaizeData/BAD_SEED/IMG_20260709_174534.jpg,BAD_SEED,0,train
/content/drive/MyDrive/MaizeData/BAD_SEED/IMG_20260707_085031_1.jpg,BAD_SEED,0,train
/content/drive/MyDrive/MaizeData/BAD_SEED/IMG_20260707_090235_1.jpg,BAD_SEED,0,train
/content/drive/MyDrive/MaizeData/BAD_SEED/IMG_20260709_180346.jpg,BAD_SEED,0,train
/content/drive/MyDrive/MaizeData/GOOD_SEED/IMG_20260706_080213.jpg,GOOD_SEED,1,train
/content/drive/MyDrive/MaizeData/BAD_SEED/IMG_20260709_185154.jpg,BAD_SEED,0,train
/content/drive/MyDrive/MaizeData/BAD_SEED/IMG_20260707_084917.jpg,BAD_SEED,0,train
/content/drive/MyDrive/MaizeData/GOOD_SEED/IMG_20260706_080226.jpg,GOOD_SEED,1,train
/content/drive/MyDrive/MaizeData/BAD_SEED/IMG_20260709_091652.jpg,BAD_SEED,0,train
/content/drive/MyDrive/MaizeData/GOOD_SEED/IMG_20260706_114113_1.jpg,GOOD_SEED,1,train
/content/drive/MyDrive/MaizeData/BAD_SEED/IMG_20260707_095530.jpg,BAD_SEED,0,train
/content/drive/MyDrive/MaizeData/BAD_SEED/IMG_20260709_091040.jpg,BAD_SEED,0,train
/content/drive/MyDrive/MaizeData/GOOD_SEED/IMG_20260706_103515_1.jpg,GOOD_SEED,1,train
/content/drive/MyDrive/MaizeData/BAD_SEED/IMG_20260707_101245_1.jpg,BAD_SEED,0,train
/content/drive/MyDrive/MaizeData/GOOD_SEED/IMG_20260706_081736.jpg,GOOD_SEED,1,train
/content/drive/MyDrive/MaizeData/GOOD_SEED/IMG_20260706_073714.jpg,GOOD_SEED,1,train
/content/drive/MyDrive/MaizeData/BAD_SEED/IMG_20260707_084732.jpg,BAD_SEED,0,train
/content/drive/MyDrive/MaizeData/BAD_SEED/IMG_20260709_184424.jpg,BAD_SEED,0,train
/content/drive/MyDrive/MaizeData/NO_MAIZE/IMG_5551.jpg,NO_MAIZE,2,train
/content/drive/MyDrive/MaizeData/BAD_SEED/IMG_20260707_083922.jpg,BAD_SEED,0,train
/content/drive/MyDrive/MaizeData/BAD_SEED/IMG_20260709_093130.jpg,BAD_SEED,0,train
/content/drive/MyDrive/MaizeData/GOOD_SEED/IMG_20260706_090735.jpg,GOOD_SEED,1,train
/content/drive/MyDrive/MaizeData/BAD_SEED/IMG_20260709_174454_1.jpg,BAD_SEED,0,train
/content/drive/MyDrive/MaizeData/GOOD_SEED/IMG_20260706_080239.jpg,GOOD_SEED,1,train
/content/drive/MyDrive/MaizeData/GOOD_SEED/IMG_20260706_094824.jpg,GOOD_SEED,1,train
/content/drive/MyDrive/MaizeData/GOOD_SEED/IMG_20260706_074012.jpg,GOOD_SEED,1,train
/content/drive/MyDrive/MaizeData/GOOD_SEED/IMG_20260706_073419.jpg,GOOD_SEED,1,train
/content/drive/MyDrive/MaizeData/GOOD_SEED/IMG_20260706_094125.jpg,GOOD_SEED,1,train
/content/drive/MyDrive/MaizeData/GOOD_SEED/IMG_20260706_112512.jpg,GOOD_SEED,1,train
/content/drive/MyDrive/MaizeData/BAD_SEED/IMG_20260707_094316.jpg,BAD_SEED,0,train
/content/drive/MyDrive/MaizeData/GOOD_SEED/IMG_20260706_074709.jpg,GOOD_SEED,1,train
/content/drive/MyDrive/MaizeData/GOOD_SEED/IMG_20260706_074946.jpg,GOOD_SEED,1,train
/content/drive/MyDrive/MaizeData/BAD_SEED/IMG_20260709_185304.jpg,BAD_SEED,0,train
/content/drive/MyDrive/MaizeData/GOOD_SEED/IMG_20260706_073333_1.jpg,GOOD_SEED,1,train
/content/drive/MyDrive/MaizeData/BAD_SEED/IMG_20260709_184346.jpg,BAD_SEED,0,train
/content/drive/MyDrive/MaizeData/BAD_SEED/IMG_20260709_093954.jpg,BAD_SEED,0,train
/content/drive/MyDrive/MaizeData/BAD_SEED/IMG_20260709_175242.jpg,BAD_SEED,0,train
/content/drive/MyDrive/MaizeData/GOOD_SEED/IMG_20260706_074840.jpg,GOOD_SEED,1,train
/content/drive/MyDrive/MaizeData/NO_MAIZE/IMG_5529.jpg,NO_MAIZE,2,train
/content/drive/MyDrive/MaizeData/BAD_SEED/IMG_20260709_094421.jpg,BAD_SEED,0,train
/content/drive/MyDrive/MaizeData/GOOD_SEED/IMG_20260706_094508.jpg,GOOD_SEED,1,train
/content/drive/MyDrive/MaizeData/BAD_SEED/IMG_20260707_101944.jpg,BAD_SEED,0,train
/content/drive/MyDrive/MaizeData/GOOD_SEED/IMG_20260706_085609.jpg,GOOD_SEED,1,train
/content/drive/MyDrive/MaizeData/BAD_SEED/IMG_20260709_095014.jpg,BAD_SEED,0,train
/content/drive/MyDrive/MaizeData/BAD_SEED/IMG_20260709_093652.jpg,BAD_SEED,0,train
/content/drive/MyDrive/MaizeData/NO_MAIZE/IMG_5574.jpg,NO_MAIZE,2,validation
/content/drive/MyDrive/MaizeData/BAD_SEED/IMG_20260707_093909.jpg,BAD_SEED,0,validation
/content/drive/MyDrive/MaizeData/GOOD_SEED/IMG_20260706_113446.jpg,GOOD_SEED,1,validation
/content/drive/MyDrive/MaizeData/BAD_SEED/IMG_20260707_093058.jpg,BAD_SEED,0,validation
/content/drive/MyDrive/MaizeData/GOOD_SEED/IMG_20260706_084147.jpg,GOOD_SEED,1,validation
/content/drive/MyDrive/MaizeData/BAD_SEED/IMG_20260709_180053.jpg,BAD_SEED,0,validation
/content/drive/MyDrive/MaizeData/GOOD_SEED/IMG_20260706_112020.jpg,GOOD_SEED,1,validation
/content/drive/MyDrive/MaizeData/NO_MAIZE/IMG_5572.jpg,NO_MAIZE,2,validation
/content/drive/MyDrive/MaizeData/BAD_SEED/IMG_20260709_175130.jpg,BAD_SEED,0,validation
/content/drive/MyDrive/MaizeData/BAD_SEED/IMG_20260709_095248.jpg,BAD_SEED,0,validation
/content/drive/MyDrive/MaizeData/BAD_SEED/IMG_20260707_091940_1.jpg,BAD_SEED,0,validation
/content/drive/MyDrive/MaizeData/BAD_SEED/IMG_20260709_173946_1.jpg,BAD_SEED,0,validation
/content/drive/MyDrive/MaizeData/GOOD_SEED/IMG_20260706_094234_1.jpg,GOOD_SEED,1,validation
/content/drive/MyDrive/MaizeData/BAD_SEED/IMG_20260709_092751_1.jpg,BAD_SEED,0,validation
/content/drive/MyDrive/MaizeData/GOOD_SEED/IMG_20260706_075157.jpg,GOOD_SEED,1,validation
/content/drive/MyDrive/MaizeData/NO_MAIZE/IMG_5527.jpg,NO_MAIZE,2,validation
/content/drive/MyDrive/MaizeData/BAD_SEED/IMG_20260709_093909.jpg,BAD_SEED,0,validation
/content/drive/MyDrive/MaizeData/NO_MAIZE/IMG_5607.jpg,NO_MAIZE,2,validation
/content/drive/MyDrive/MaizeData/GOOD_SEED/IMG_20260706_112150.jpg,GOOD_SEED,1,validation
/content/drive/MyDrive/MaizeData/BAD_SEED/IMG_20260709_095138_1.jpg,BAD_SEED,0,validation
/content/drive/MyDrive/MaizeData/BAD_SEED/IMG_20260709_175030.jpg,BAD_SEED,0,validation
/content/drive/MyDrive/MaizeData/GOOD_SEED/IMG_20260706_080048.jpg,GOOD_SEED,1,validation
/content/drive/MyDrive/MaizeData/BAD_SEED/IMG_20260707_094400_1.jpg,BAD_SEED,0,validation
/content/drive/MyDrive/MaizeData/GOOD_SEED/IMG_20260706_081335.jpg,GOOD_SEED,1,validation
/content/drive/MyDrive/MaizeData/BAD_SEED/IMG_20260707_085453.jpg,BAD_SEED,0,validation
/content/drive/MyDrive/MaizeData/BAD_SEED/IMG_20260707_101310.jpg,BAD_SEED,0,validation
/content/drive/MyDrive/MaizeData/GOOD_SEED/IMG_20260706_084103.jpg,GOOD_SEED,1,validation
/content/drive/MyDrive/MaizeData/BAD_SEED/IMG_20260709_091515.jpg,BAD_SEED,0,validation
/content/drive/MyDrive/MaizeData/GOOD_SEED/IMG_20260706_094716.jpg,GOOD_SEED,1,validation
/content/drive/MyDrive/MaizeData/BAD_SEED/IMG_20260709_184435.jpg,BAD_SEED,0,validation
/content/drive/MyDrive/MaizeData/BAD_SEED/IMG_20260707_091531_1.jpg,BAD_SEED,0,validation
/content/drive/MyDrive/MaizeData/BAD_SEED/IMG_20260709_092419.jpg,BAD_SEED,0,validation
/content/drive/MyDrive/MaizeData/GOOD_SEED/IMG_20260706_095152.jpg,GOOD_SEED,1,validation
/content/drive/MyDrive/MaizeData/GOOD_SEED/IMG_20260706_073108.jpg,GOOD_SEED,1,validation
/content/drive/MyDrive/MaizeData/GOOD_SEED/IMG_20260706_082210.jpg,GOOD_SEED,1,validation
/content/drive/MyDrive/MaizeData/GOOD_SEED/IMG_20260706_074743.jpg,GOOD_SEED,1,validation
/content/drive/MyDrive/MaizeData/GOOD_SEED/IMG_20260706_090607.jpg,GOOD_SEED,1,validation
/content/drive/MyDrive/MaizeData/GOOD_SEED/IMG_20260706_113029.jpg,GOOD_SEED,1,validation
/content/drive/MyDrive/MaizeData/BAD_SEED/IMG_20260709_185700.jpg,BAD_SEED,0,validation
/content/drive/MyDrive/MaizeData/GOOD_SEED/IMG_20260706_083741.jpg,GOOD_SEED,1,validation
/content/drive/MyDrive/MaizeData/BAD_SEED/IMG_20260707_101226_1.jpg,BAD_SEED,0,validation
/content/drive/MyDrive/MaizeData/GOOD_SEED/IMG_20260706_113429.jpg,GOOD_SEED,1,validation
/content/drive/MyDrive/MaizeData/GOOD_SEED/IMG_20260706_083915.jpg,GOOD_SEED,1,validation
/content/drive/MyDrive/MaizeData/BAD_SEED/IMG_20260707_094010_1.jpg,BAD_SEED,0,validation
/content/drive/MyDrive/MaizeData/BAD_SEED/IMG_20260707_102024_1.jpg,BAD_SEED,0,validation
/content/drive/MyDrive/MaizeData/GOOD_SEED/IMG_20260706_052153.jpg,GOOD_SEED,1,validation
/content/drive/MyDrive/MaizeData/BAD_SEED/IMG_20260707_100523.jpg,BAD_SEED,0,validation
/content/drive/MyDrive/MaizeData/BAD_SEED/IMG_20260707_083842.jpg,BAD_SEED,0,validation
/content/drive/MyDrive/MaizeData/GOOD_SEED/IMG_20260706_113833.jpg,GOOD_SEED,1,validation
/content/drive/MyDrive/MaizeData/GOOD_SEED/IMG_20260706_074113.jpg,GOOD_SEED,1,validation
/content/drive/MyDrive/MaizeData/GOOD_SEED/IMG_20260706_082253.jpg,GOOD_SEED,1,validation
/content/drive/MyDrive/MaizeData/BAD_SEED/IMG_20260709_174058.jpg,BAD_SEED,0,validation
/content/drive/MyDrive/MaizeData/GOOD_SEED/IMG_20260706_081202.jpg,GOOD_SEED,1,validation
/content/drive/MyDrive/MaizeData/GOOD_SEED/IMG_20260706_100223.jpg,GOOD_SEED,1,validation
/content/drive/MyDrive/MaizeData/BAD_SEED/IMG_20260709_174032_1.jpg,BAD_SEED,0,validation
/content/drive/MyDrive/MaizeData/BAD_SEED/IMG_20260709_185214.jpg,BAD_SEED,0,validation
/content/drive/MyDrive/MaizeData/GOOD_SEED/IMG_20260706_081214.jpg,GOOD_SEED,1,validation
/content/drive/MyDrive/MaizeData/NO_MAIZE/IMG_5592.jpg,NO_MAIZE,2,validation
/content/drive/MyDrive/MaizeData/BAD_SEED/IMG_20260707_102011.jpg,BAD_SEED,0,validation
/content/drive/MyDrive/MaizeData/GOOD_SEED/IMG_20260706_073318.jpg,GOOD_SEED,1,validation
/content/drive/MyDrive/MaizeData/BAD_SEED/IMG_20260709_175624.jpg,BAD_SEED,0,validation
/content/drive/MyDrive/MaizeData/BAD_SEED/IMG_20260707_090501.jpg,BAD_SEED,0,validation
/content/drive/MyDrive/MaizeData/BAD_SEED/IMG_20260707_094121.jpg,BAD_SEED,0,validation
/content/drive/MyDrive/MaizeData/BAD_SEED/IMG_20260709_175408.jpg,BAD_SEED,0,validation
/content/drive/MyDrive/MaizeData/BAD_SEED/IMG_20260707_084931_1.jpg,BAD_SEED,0,validation
/content/drive/MyDrive/MaizeData/GOOD_SEED/IMG_20260706_100908_1.jpg,GOOD_SEED,1,validation
/content/drive/MyDrive/MaizeData/BAD_SEED/IMG_20260709_174846.jpg,BAD_SEED,0,validation
/content/drive/MyDrive/MaizeData/NO_MAIZE/IMG_5621.jpg,NO_MAIZE,2,validation
/content/drive/MyDrive/MaizeData/GOOD_SEED/IMG_20260706_094902_1.jpg,GOOD_SEED,1,validation
/content/drive/MyDrive/MaizeData/BAD_SEED/IMG_20260709_093200.jpg,BAD_SEED,0,validation
/content/drive/MyDrive/MaizeData/GOOD_SEED/IMG_20260706_100958_1.jpg,GOOD_SEED,1,validation
/content/drive/MyDrive/MaizeData/GOOD_SEED/IMG_20260706_083337_1.jpg,GOOD_SEED,1,validation
/content/drive/MyDrive/MaizeData/BAD_SEED/IMG_20260709_095150_1.jpg,BAD_SEED,0,validation
/content/drive/MyDrive/MaizeData/BAD_SEED/IMG_20260709_174400.jpg,BAD_SEED,0,validation
/content/drive/MyDrive/MaizeData/BAD_SEED/IMG_20260709_090706.jpg,BAD_SEED,0,validation
/content/drive/MyDrive/MaizeData/BAD_SEED/IMG_20260709_175043.jpg,BAD_SEED,0,validation
/content/drive/MyDrive/MaizeData/GOOD_SEED/IMG_20260706_090722.jpg,GOOD_SEED,1,validation
/content/drive/MyDrive/MaizeData/GOOD_SEED/IMG_20260706_114128.jpg,GOOD_SEED,1,validation
/content/drive/MyDrive/MaizeData/BAD_SEED/IMG_20260709_090734.jpg,BAD_SEED,0,validation
/content/drive/MyDrive/MaizeData/BAD_SEED/IMG_20260709_093621_1.jpg,BAD_SEED,0,validation
/content/drive/MyDrive/MaizeData/BAD_SEED/IMG_20260709_091435_1.jpg,BAD_SEED,0,validation
/content/drive/MyDrive/MaizeData/BAD_SEED/IMG_20260709_175923.jpg,BAD_SEED,0,validation
/content/drive/MyDrive/MaizeData/BAD_SEED/IMG_20260707_094158.jpg,BAD_SEED,0,validation
/content/drive/MyDrive/MaizeData/GOOD_SEED/IMG_20260706_100557.jpg,GOOD_SEED,1,validation
/content/drive/MyDrive/MaizeData/GOOD_SEED/IMG_20260706_075852.jpg,GOOD_SEED,1,validation
/content/drive/MyDrive/MaizeData/BAD_SEED/IMG_20260709_094129.jpg,BAD_SEED,0,validation
/content/drive/MyDrive/MaizeData/BAD_SEED/IMG_20260707_095452.jpg,BAD_SEED,0,validation
/content/drive/MyDrive/MaizeData/GOOD_SEED/IMG_20260706_091542.jpg,GOOD_SEED,1,validation
/content/drive/MyDrive/MaizeData/BAD_SEED/IMG_20260709_175328.jpg,BAD_SEED,0,validation
/content/drive/MyDrive/MaizeData/BAD_SEED/IMG_20260707_093319.jpg,BAD_SEED,0,validation
/content/drive/MyDrive/MaizeData/GOOD_SEED/IMG_20260706_085621.jpg,GOOD_SEED,1,validation
/content/drive/MyDrive/MaizeData/GOOD_SEED/IMG_20260706_094606.jpg,GOOD_SEED,1,validation
/content/drive/MyDrive/MaizeData/BAD_SEED/IMG_20260707_091158_1.jpg,BAD_SEED,0,validation
/content/drive/MyDrive/MaizeData/GOOD_SEED/IMG_20260706_112817_1.jpg,GOOD_SEED,1,validation
/content/drive/MyDrive/MaizeData/GOOD_SEED/IMG_20260706_075326_1.jpg,GOOD_SEED,1,validation
/content/drive/MyDrive/MaizeData/BAD_SEED/IMG_20260707_090049.jpg,BAD_SEED,0,validation
/content/drive/MyDrive/MaizeData/BAD_SEED/IMG_20260709_175910.jpg,BAD_SEED,0,validation
/content/drive/MyDrive/MaizeData/GOOD_SEED/IMG_20260706_073952.jpg,GOOD_SEED,1,validation
/content/drive/MyDrive/MaizeData/GOOD_SEED/IMG_20260706_101445.jpg,GOOD_SEED,1,validation
/content/drive/MyDrive/MaizeData/BAD_SEED/IMG_20260709_180416.jpg,BAD_SEED,0,validation
/content/drive/MyDrive/MaizeData/BAD_SEED/IMG_20260707_093506.jpg,BAD_SEED,0,validation
/content/drive/MyDrive/MaizeData/GOOD_SEED/IMG_20260706_112220.jpg,GOOD_SEED,1,validation
/content/drive/MyDrive/MaizeData/BAD_SEED/IMG_20260709_091923_1.jpg,BAD_SEED,0,validation
/content/drive/MyDrive/MaizeData/GOOD_SEED/IMG_20260706_075516.jpg,GOOD_SEED,1,validation
/content/drive/MyDrive/MaizeData/BAD_SEED/IMG_20260709_093627.jpg,BAD_SEED,0,validation
/content/drive/MyDrive/MaizeData/GOOD_SEED/IMG_20260706_094753_1.jpg,GOOD_SEED,1,validation
/content/drive/MyDrive/MaizeData/GOOD_SEED/IMG_20260706_102409.jpg,GOOD_SEED,1,validation
/content/drive/MyDrive/MaizeData/GOOD_SEED/IMG_20260706_084135_1.jpg,GOOD_SEED,1,validation
/content/drive/MyDrive/MaizeData/GOOD_SEED/IMG_20260706_083034.jpg,GOOD_SEED,1,validation
/content/drive/MyDrive/MaizeData/BAD_SEED/IMG_20260709_175653.jpg,BAD_SEED,0,validation
/content/drive/MyDrive/MaizeData/GOOD_SEED/IMG_20260706_112831_1.jpg,GOOD_SEED,1,validation
/content/drive/MyDrive/MaizeData/NO_MAIZE/IMG_5623.jpg,NO_MAIZE,2,validation
/content/drive/MyDrive/MaizeData/BAD_SEED/IMG_20260709_183547.jpg,BAD_SEED,0,validation
/content/drive/MyDrive/MaizeData/BAD_SEED/IMG_20260709_174945_1.jpg,BAD_SEED,0,validation
/content/drive/MyDrive/MaizeData/BAD_SEED/IMG_20260707_100317.jpg,BAD_SEED,0,validation
/content/drive/MyDrive/MaizeData/GOOD_SEED/IMG_20260706_084222.jpg,GOOD_SEED,1,validation
/content/drive/MyDrive/MaizeData/BAD_SEED/IMG_20260709_094053.jpg,BAD_SEED,0,validation
/content/drive/MyDrive/MaizeData/GOOD_SEED/IMG_20260706_073813.jpg,GOOD_SEED,1,validation
/content/drive/MyDrive/MaizeData/GOOD_SEED/IMG_20260706_075044.jpg,GOOD_SEED,1,validation
/content/drive/MyDrive/MaizeData/GOOD_SEED/IMG_20260706_083640.jpg,GOOD_SEED,1,validation
/content/drive/MyDrive/MaizeData/GOOD_SEED/IMG_20260706_082118.jpg,GOOD_SEED,1,validation
/content/drive/MyDrive/MaizeData/BAD_SEED/IMG_20260707_084400.jpg,BAD_SEED,0,validation
/content/drive/MyDrive/MaizeData/NO_MAIZE/IMG_5585.jpg,NO_MAIZE,2,validation
/content/drive/MyDrive/MaizeData/BAD_SEED/IMG_20260707_094352_1.jpg,BAD_SEED,0,validation
/content/drive/MyDrive/MaizeData/GOOD_SEED/IMG_20260706_102102.jpg,GOOD_SEED,1,validation
/content/drive/MyDrive/MaizeData/GOOD_SEED/IMG_20260706_082157.jpg,GOOD_SEED,1,validation
/content/drive/MyDrive/MaizeData/BAD_SEED/IMG_20260707_100505.jpg,BAD_SEED,0,validation
/content/drive/MyDrive/MaizeData/GOOD_SEED/IMG_20260706_103705.jpg,GOOD_SEED,1,validation
/content/drive/MyDrive/MaizeData/GOOD_SEED/IMG_20260706_074640.jpg,GOOD_SEED,1,validation
/content/drive/MyDrive/MaizeData/NO_MAIZE/IMG_5620.jpg,NO_MAIZE,2,validation
/content/drive/MyDrive/MaizeData/GOOD_SEED/IMG_20260706_090333.jpg,GOOD_SEED,1,validation
/content/drive/MyDrive/MaizeData/GOOD_SEED/IMG_20260706_113240.jpg,GOOD_SEED,1,validation
/content/drive/MyDrive/MaizeData/GOOD_SEED/IMG_20260706_113802.jpg,GOOD_SEED,1,validation
/content/drive/MyDrive/MaizeData/NO_MAIZE/IMG_5547.jpg,NO_MAIZE,2,validation
/content/drive/MyDrive/MaizeData/BAD_SEED/IMG_20260709_174758.jpg,BAD_SEED,0,validation
/content/drive/MyDrive/MaizeData/BAD_SEED/IMG_20260709_175642.jpg,BAD_SEED,0,validation
/content/drive/MyDrive/MaizeData/BAD_SEED/IMG_20260709_185131.jpg,BAD_SEED,0,validation
/content/drive/MyDrive/MaizeData/BAD_SEED/IMG_20260707_093007_1.jpg,BAD_SEED,0,validation
/content/drive/MyDrive/MaizeData/GOOD_SEED/IMG_20260706_075318.jpg,GOOD_SEED,1,validation
/content/drive/MyDrive/MaizeData/BAD_SEED/IMG_20260709_183138.jpg,BAD_SEED,0,validation
/content/drive/MyDrive/MaizeData/BAD_SEED/IMG_20260707_084529.jpg,BAD_SEED,0,validation
/content/drive/MyDrive/MaizeData/GOOD_SEED/IMG_20260706_075105.jpg,GOOD_SEED,1,validation
/content/drive/MyDrive/MaizeData/GOOD_SEED/IMG_20260706_095918.jpg,GOOD_SEED,1,validation
/content/drive/MyDrive/MaizeData/GOOD_SEED/IMG_20260706_072725.jpg,GOOD_SEED,1,validation
/content/drive/MyDrive/MaizeData/BAD_SEED/IMG_20260709_183822.jpg,BAD_SEED,0,validation
/content/drive/MyDrive/MaizeData/BAD_SEED/IMG_20260707_090305.jpg,BAD_SEED,0,validation
/content/drive/MyDrive/MaizeData/BAD_SEED/IMG_20260707_095522.jpg,BAD_SEED,0,validation
/content/drive/MyDrive/MaizeData/BAD_SEED/IMG_20260709_095321.jpg,BAD_SEED,0,validation
/content/drive/MyDrive/MaizeData/BAD_SEED/IMG_20260707_100345.jpg,BAD_SEED,0,validation
/content/drive/MyDrive/MaizeData/BAD_SEED/IMG_20260707_091749.jpg,BAD_SEED,0,validation
/content/drive/MyDrive/MaizeData/GOOD_SEED/IMG_20260706_072840.jpg,GOOD_SEED,1,validation
/content/drive/MyDrive/MaizeData/GOOD_SEED/IMG_20260706_094213.jpg,GOOD_SEED,1,validation
/content/drive/MyDrive/MaizeData/GOOD_SEED/IMG_20260706_113416_1.jpg,GOOD_SEED,1,validation
/content/drive/MyDrive/MaizeData/NO_MAIZE/IMG_5557.jpg,NO_MAIZE,2,validation
/content/drive/MyDrive/MaizeData/GOOD_SEED/IMG_20260706_113201.jpg,GOOD_SEED,1,validation
/content/drive/MyDrive/MaizeData/BAD_SEED/IMG_20260707_092959.jpg,BAD_SEED,0,validation
/content/drive/MyDrive/MaizeData/GOOD_SEED/IMG_20260706_103208.jpg,GOOD_SEED,1,validation
/content/drive/MyDrive/MaizeData/BAD_SEED/IMG_20260707_090213_1.jpg,BAD_SEED,0,validation
/content/drive/MyDrive/MaizeData/BAD_SEED/IMG_20260709_091748.jpg,BAD_SEED,0,validation
/content/drive/MyDrive/MaizeData/BAD_SEED/IMG_20260709_092309.jpg,BAD_SEED,0,validation
/content/drive/MyDrive/MaizeData/NO_MAIZE/IMG_5583.jpg,NO_MAIZE,2,validation
/content/drive/MyDrive/MaizeData/BAD_SEED/IMG_20260709_091416_1.jpg,BAD_SEED,0,validation
/content/drive/MyDrive/MaizeData/GOOD_SEED/IMG_20260706_082037.jpg,GOOD_SEED,1,validation
/content/drive/MyDrive/MaizeData/NO_MAIZE/IMG_5538.jpg,NO_MAIZE,2,validation
/content/drive/MyDrive/MaizeData/NO_MAIZE/IMG_5615.jpg,NO_MAIZE,2,validation
/content/drive/MyDrive/MaizeData/GOOD_SEED/IMG_20260706_112624.jpg,GOOD_SEED,1,validation
/content/drive/MyDrive/MaizeData/GOOD_SEED/IMG_20260706_090948.jpg,GOOD_SEED,1,validation
/content/drive/MyDrive/MaizeData/NO_MAIZE/IMG_5546.jpg,NO_MAIZE,2,validation
/content/drive/MyDrive/MaizeData/GOOD_SEED/IMG_20260706_100156_1.jpg,GOOD_SEED,1,validation
/content/drive/MyDrive/MaizeData/GOOD_SEED/IMG_20260706_102048.jpg,GOOD_SEED,1,validation
/content/drive/MyDrive/MaizeData/BAD_SEED/IMG_20260707_083932.jpg,BAD_SEED,0,validation
/content/drive/MyDrive/MaizeData/BAD_SEED/IMG_20260707_091552.jpg,BAD_SEED,0,validation
/content/drive/MyDrive/MaizeData/BAD_SEED/IMG_20260707_102230.jpg,BAD_SEED,0,validation
/content/drive/MyDrive/MaizeData/BAD_SEED/IMG_20260707_094336.jpg,BAD_SEED,0,validation
/content/drive/MyDrive/MaizeData/BAD_SEED/IMG_20260709_175258.jpg,BAD_SEED,0,validation
/content/drive/MyDrive/MaizeData/BAD_SEED/IMG_20260707_084630.jpg,BAD_SEED,0,validation
/content/drive/MyDrive/MaizeData/BAD_SEED/IMG_20260709_175428.jpg,BAD_SEED,0,validation
/content/drive/MyDrive/MaizeData/GOOD_SEED/IMG_20260706_100250_1.jpg,GOOD_SEED,1,validation
/content/drive/MyDrive/MaizeData/GOOD_SEED/IMG_20260706_113621.jpg,GOOD_SEED,1,validation
/content/drive/MyDrive/MaizeData/BAD_SEED/IMG_20260707_094103.jpg,BAD_SEED,0,validation
/content/drive/MyDrive/MaizeData/BAD_SEED/IMG_20260707_092951.jpg,BAD_SEED,0,validation
/content/drive/MyDrive/MaizeData/GOOD_SEED/IMG_20260706_113045_1.jpg,GOOD_SEED,1,validation
/content/drive/MyDrive/MaizeData/BAD_SEED/IMG_20260709_174636.jpg,BAD_SEED,0,validation
/content/drive/MyDrive/MaizeData/BAD_SEED/IMG_20260707_095511.jpg,BAD_SEED,0,validation
/content/drive/MyDrive/MaizeData/GOOD_SEED/IMG_20260706_074856.jpg,GOOD_SEED,1,validation
/content/drive/MyDrive/MaizeData/GOOD_SEED/IMG_20260706_073042.jpg,GOOD_SEED,1,validation
/content/drive/MyDrive/MaizeData/GOOD_SEED/IMG_20260706_085216.jpg,GOOD_SEED,1,validation
/content/drive/MyDrive/MaizeData/BAD_SEED/IMG_20260707_091543_1.jpg,BAD_SEED,0,validation
/content/drive/MyDrive/MaizeData/BAD_SEED/IMG_20260707_094432_1.jpg,BAD_SEED,0,validation
/content/drive/MyDrive/MaizeData/BAD_SEED/IMG_20260709_180006.jpg,BAD_SEED,0,validation
/content/drive/MyDrive/MaizeData/BAD_SEED/IMG_20260709_085852.jpg,BAD_SEED,0,validation
/content/drive/MyDrive/MaizeData/GOOD_SEED/IMG_20260706_075619.jpg,GOOD_SEED,1,validation
/content/drive/MyDrive/MaizeData/GOOD_SEED/IMG_20260706_081524.jpg,GOOD_SEED,1,validation
/content/drive/MyDrive/MaizeData/GOOD_SEED/IMG_20260706_103907.jpg,GOOD_SEED,1,validation
/content/drive/MyDrive/MaizeData/BAD_SEED/IMG_20260709_183459.jpg,BAD_SEED,0,validation
/content/drive/MyDrive/MaizeData/NO_MAIZE/IMG_5578.jpg,NO_MAIZE,2,validation
/content/drive/MyDrive/MaizeData/GOOD_SEED/IMG_20260706_085335.jpg,GOOD_SEED,1,validation
/content/drive/MyDrive/MaizeData/BAD_SEED/IMG_20260709_095125_1.jpg,BAD_SEED,0,validation
/content/drive/MyDrive/MaizeData/BAD_SEED/IMG_20260709_180239.jpg,BAD_SEED,0,validation
/content/drive/MyDrive/MaizeData/GOOD_SEED/IMG_20260706_102252.jpg,GOOD_SEED,1,validation
/content/drive/MyDrive/MaizeData/GOOD_SEED/IMG_20260706_090352_1.jpg,GOOD_SEED,1,validation
/content/drive/MyDrive/MaizeData/BAD_SEED/IMG_20260709_185542.jpg,BAD_SEED,0,validation
/content/drive/MyDrive/MaizeData/BAD_SEED/IMG_20260707_101332.jpg,BAD_SEED,0,validation
/content/drive/MyDrive/MaizeData/BAD_SEED/IMG_20260709_092823.jpg,BAD_SEED,0,validation
/content/drive/MyDrive/MaizeData/GOOD_SEED/IMG_20260706_090537.jpg,GOOD_SEED,1,validation
/content/drive/MyDrive/MaizeData/BAD_SEED/IMG_20260709_095045.jpg,BAD_SEED,0,validation
/content/drive/MyDrive/MaizeData/GOOD_SEED/IMG_20260706_083310.jpg,GOOD_SEED,1,validation
/content/drive/MyDrive/MaizeData/GOOD_SEED/IMG_20260706_094648.jpg,GOOD_SEED,1,validation
/content/drive/MyDrive/MaizeData/GOOD_SEED/IMG_20260706_103237.jpg,GOOD_SEED,1,validation
/content/drive/MyDrive/MaizeData/BAD_SEED/IMG_20260707_094528_1.jpg,BAD_SEED,0,test
/content/drive/MyDrive/MaizeData/BAD_SEED/IMG_20260709_095535.jpg,BAD_SEED,0,test
/content/drive/MyDrive/MaizeData/GOOD_SEED/IMG_20260706_072542.jpg,GOOD_SEED,1,test
/content/drive/MyDrive/MaizeData/GOOD_SEED/IMG_20260706_075700.jpg,GOOD_SEED,1,test
/content/drive/MyDrive/MaizeData/GOOD_SEED/IMG_20260706_102654.jpg,GOOD_SEED,1,test
/content/drive/MyDrive/MaizeData/NO_MAIZE/IMG_5566.jpg,NO_MAIZE,2,test
/content/drive/MyDrive/MaizeData/BAD_SEED/IMG_20260709_175752.jpg,BAD_SEED,0,test
/content/drive/MyDrive/MaizeData/BAD_SEED/IMG_20260709_175827.jpg,BAD_SEED,0,test
/content/drive/MyDrive/MaizeData/GOOD_SEED/IMG_20260706_100847.jpg,GOOD_SEED,1,test
/content/drive/MyDrive/MaizeData/GOOD_SEED/IMG_20260706_114103.jpg,GOOD_SEED,1,test
/content/drive/MyDrive/MaizeData/BAD_SEED/IMG_20260709_093640_1.jpg,BAD_SEED,0,test
/content/drive/MyDrive/MaizeData/GOOD_SEED/IMG_20260706_085250.jpg,GOOD_SEED,1,test
/content/drive/MyDrive/MaizeData/BAD_SEED/IMG_20260707_100153.jpg,BAD_SEED,0,test
/content/drive/MyDrive/MaizeData/GOOD_SEED/IMG_20260706_102110.jpg,GOOD_SEED,1,test
/content/drive/MyDrive/MaizeData/GOOD_SEED/IMG_20260706_090819_1.jpg,GOOD_SEED,1,test
/content/drive/MyDrive/MaizeData/GOOD_SEED/IMG_20260706_091219.jpg,GOOD_SEED,1,test
/content/drive/MyDrive/MaizeData/BAD_SEED/IMG_20260709_095031.jpg,BAD_SEED,0,test
/content/drive/MyDrive/MaizeData/GOOD_SEED/IMG_20260706_053833.jpg,GOOD_SEED,1,test
/content/drive/MyDrive/MaizeData/GOOD_SEED/IMG_20260706_075121_1.jpg,GOOD_SEED,1,test
/content/drive/MyDrive/MaizeData/BAD_SEED/IMG_20260709_091208.jpg,BAD_SEED,0,test
/content/drive/MyDrive/MaizeData/BAD_SEED/IMG_20260709_183103.jpg,BAD_SEED,0,test
/content/drive/MyDrive/MaizeData/BAD_SEED/IMG_20260707_085433.jpg,BAD_SEED,0,test
/content/drive/MyDrive/MaizeData/GOOD_SEED/IMG_20260706_085832.jpg,GOOD_SEED,1,test
/content/drive/MyDrive/MaizeData/NO_MAIZE/IMG_5558.jpg,NO_MAIZE,2,test
/content/drive/MyDrive/MaizeData/BAD_SEED/IMG_20260709_093150.jpg,BAD_SEED,0,test
/content/drive/MyDrive/MaizeData/BAD_SEED/IMG_20260709_173929_1.jpg,BAD_SEED,0,test
/content/drive/MyDrive/MaizeData/NO_MAIZE/IMG_5606.jpg,NO_MAIZE,2,test
/content/drive/MyDrive/MaizeData/BAD_SEED/IMG_20260707_091431.jpg,BAD_SEED,0,test
/content/drive/MyDrive/MaizeData/GOOD_SEED/IMG_20260706_075903.jpg,GOOD_SEED,1,test
/content/drive/MyDrive/MaizeData/GOOD_SEED/IMG_20260706_102437.jpg,GOOD_SEED,1,test
/content/drive/MyDrive/MaizeData/BAD_SEED/IMG_20260709_174224.jpg,BAD_SEED,0,test
/content/drive/MyDrive/MaizeData/BAD_SEED/IMG_20260707_084154.jpg,BAD_SEED,0,test
/content/drive/MyDrive/MaizeData/BAD_SEED/IMG_20260707_100530.jpg,BAD_SEED,0,test
/content/drive/MyDrive/MaizeData/NO_MAIZE/IMG_5561.jpg,NO_MAIZE,2,test
/content/drive/MyDrive/MaizeData/GOOD_SEED/IMG_20260706_075629.jpg,GOOD_SEED,1,test
/content/drive/MyDrive/MaizeData/GOOD_SEED/IMG_20260706_100804.jpg,GOOD_SEED,1,test
/content/drive/MyDrive/MaizeData/GOOD_SEED/IMG_20260706_083240.jpg,GOOD_SEED,1,test
/content/drive/MyDrive/MaizeData/BAD_SEED/IMG_20260707_093313.jpg,BAD_SEED,0,test
/content/drive/MyDrive/MaizeData/BAD_SEED/IMG_20260709_183041.jpg,BAD_SEED,0,test
/content/drive/MyDrive/MaizeData/BAD_SEED/IMG_20260709_175439.jpg,BAD_SEED,0,test
/content/drive/MyDrive/MaizeData/GOOD_SEED/IMG_20260706_113305.jpg,GOOD_SEED,1,test
/content/drive/MyDrive/MaizeData/GOOD_SEED/IMG_20260706_102715_1.jpg,GOOD_SEED,1,test
/content/drive/MyDrive/MaizeData/BAD_SEED/IMG_20260709_093833_1.jpg,BAD_SEED,0,test
/content/drive/MyDrive/MaizeData/BAD_SEED/IMG_20260707_091849.jpg,BAD_SEED,0,test
/content/drive/MyDrive/MaizeData/NO_MAIZE/IMG_5612.jpg,NO_MAIZE,2,test
/content/drive/MyDrive/MaizeData/NO_MAIZE/IMG_5586.jpg,NO_MAIZE,2,test
/content/drive/MyDrive/MaizeData/GOOD_SEED/IMG_20260706_021219.jpg,GOOD_SEED,1,test
/content/drive/MyDrive/MaizeData/BAD_SEED/IMG_20260709_093749_1.jpg,BAD_SEED,0,test
/content/drive/MyDrive/MaizeData/GOOD_SEED/IMG_20260706_102919.jpg,GOOD_SEED,1,test
/content/drive/MyDrive/MaizeData/BAD_SEED/IMG_20260707_084234.jpg,BAD_SEED,0,test
/content/drive/MyDrive/MaizeData/BAD_SEED/IMG_20260709_183555.jpg,BAD_SEED,0,test
/content/drive/MyDrive/MaizeData/BAD_SEED/IMG_20260709_183644.jpg,BAD_SEED,0,test
/content/drive/MyDrive/MaizeData/GOOD_SEED/IMG_20260706_091010.jpg,GOOD_SEED,1,test
/content/drive/MyDrive/MaizeData/GOOD_SEED/IMG_20260706_074259.jpg,GOOD_SEED,1,test
/content/drive/MyDrive/MaizeData/BAD_SEED/IMG_20260709_174717.jpg,BAD_SEED,0,test
/content/drive/MyDrive/MaizeData/GOOD_SEED/IMG_20260706_073757.jpg,GOOD_SEED,1,test
/content/drive/MyDrive/MaizeData/BAD_SEED/IMG_20260707_085903.jpg,BAD_SEED,0,test
/content/drive/MyDrive/MaizeData/GOOD_SEED/IMG_20260706_102429.jpg,GOOD_SEED,1,test
/content/drive/MyDrive/MaizeData/NO_MAIZE/IMG_5523.jpg,NO_MAIZE,2,test
/content/drive/MyDrive/MaizeData/BAD_SEED/IMG_20260707_084716.jpg,BAD_SEED,0,test
/content/drive/MyDrive/MaizeData/GOOD_SEED/IMG_20260706_095305.jpg,GOOD_SEED,1,test
/content/drive/MyDrive/MaizeData/GOOD_SEED/IMG_20260706_112257.jpg,GOOD_SEED,1,test
/content/drive/MyDrive/MaizeData/NO_MAIZE/IMG_5597.jpg,NO_MAIZE,2,test
/content/drive/MyDrive/MaizeData/GOOD_SEED/IMG_20260706_083104.jpg,GOOD_SEED,1,test
/content/drive/MyDrive/MaizeData/BAD_SEED/IMG_20260707_084706_1.jpg,BAD_SEED,0,test
/content/drive/MyDrive/MaizeData/BAD_SEED/IMG_20260709_185317.jpg,BAD_SEED,0,test
/content/drive/MyDrive/MaizeData/BAD_SEED/IMG_20260709_091117.jpg,BAD_SEED,0,test
/content/drive/MyDrive/MaizeData/GOOD_SEED/IMG_20260706_090130.jpg,GOOD_SEED,1,test
/content/drive/MyDrive/MaizeData/GOOD_SEED/IMG_20260706_103730.jpg,GOOD_SEED,1,test
/content/drive/MyDrive/MaizeData/BAD_SEED/IMG_20260709_094534.jpg,BAD_SEED,0,test
/content/drive/MyDrive/MaizeData/GOOD_SEED/IMG_20260706_112541.jpg,GOOD_SEED,1,test
/content/drive/MyDrive/MaizeData/GOOD_SEED/IMG_20260706_074413.jpg,GOOD_SEED,1,test
/content/drive/MyDrive/MaizeData/GOOD_SEED/IMG_20260706_073913.jpg,GOOD_SEED,1,test
/content/drive/MyDrive/MaizeData/BAD_SEED/IMG_20260709_094001.jpg,BAD_SEED,0,test
/content/drive/MyDrive/MaizeData/GOOD_SEED/IMG_20260706_085350.jpg,GOOD_SEED,1,test
/content/drive/MyDrive/MaizeData/BAD_SEED/IMG_20260709_180338.jpg,BAD_SEED,0,test
/content/drive/MyDrive/MaizeData/BAD_SEED/IMG_20260709_174322.jpg,BAD_SEED,0,test
/content/drive/MyDrive/MaizeData/GOOD_SEED/IMG_20260706_095600_1.jpg,GOOD_SEED,1,test
/content/drive/MyDrive/MaizeData/BAD_SEED/IMG_20260707_094147_1.jpg,BAD_SEED,0,test
/content/drive/MyDrive/MaizeData/BAD_SEED/IMG_20260709_093225.jpg,BAD_SEED,0,test
/content/drive/MyDrive/MaizeData/GOOD_SEED/IMG_20260706_102641.jpg,GOOD_SEED,1,test
/content/drive/MyDrive/MaizeData/BAD_SEED/IMG_20260707_095309.jpg,BAD_SEED,0,test
/content/drive/MyDrive/MaizeData/GOOD_SEED/IMG_20260706_073857_1.jpg,GOOD_SEED,1,test
/content/drive/MyDrive/MaizeData/GOOD_SEED/IMG_20260706_073707.jpg,GOOD_SEED,1,test
/content/drive/MyDrive/MaizeData/GOOD_SEED/IMG_20260706_075255.jpg,GOOD_SEED,1,test
/content/drive/MyDrive/MaizeData/BAD_SEED/IMG_20260709_175010_1.jpg,BAD_SEED,0,test
/content/drive/MyDrive/MaizeData/GOOD_SEED/IMG_20260706_081646_1.jpg,GOOD_SEED,1,test
/content/drive/MyDrive/MaizeData/BAD_SEED/IMG_20260707_090134.jpg,BAD_SEED,0,test
/content/drive/MyDrive/MaizeData/GOOD_SEED/IMG_20260706_080201.jpg,GOOD_SEED,1,test
/content/drive/MyDrive/MaizeData/GOOD_SEED/IMG_20260706_112810_1.jpg,GOOD_SEED,1,test
/content/drive/MyDrive/MaizeData/BAD_SEED/IMG_20260709_094409.jpg,BAD_SEED,0,test
/content/drive/MyDrive/MaizeData/GOOD_SEED/IMG_20260706_102510.jpg,GOOD_SEED,1,test
/content/drive/MyDrive/MaizeData/GOOD_SEED/IMG_20260706_095332.jpg,GOOD_SEED,1,test
/content/drive/MyDrive/MaizeData/BAD_SEED/IMG_20260707_095329.jpg,BAD_SEED,0,test
/content/drive/MyDrive/MaizeData/GOOD_SEED/IMG_20260706_075208_1.jpg,GOOD_SEED,1,test
/content/drive/MyDrive/MaizeData/BAD_SEED/IMG_20260709_174304.jpg,BAD_SEED,0,test
/content/drive/MyDrive/MaizeData/BAD_SEED/IMG_20260709_085755.jpg,BAD_SEED,0,test
/content/drive/MyDrive/MaizeData/GOOD_SEED/IMG_20260706_112000.jpg,GOOD_SEED,1,test
/content/drive/MyDrive/MaizeData/GOOD_SEED/IMG_20260706_113534.jpg,GOOD_SEED,1,test
/content/drive/MyDrive/MaizeData/BAD_SEED/IMG_20260707_085354.jpg,BAD_SEED,0,test
/content/drive/MyDrive/MaizeData/BAD_SEED/IMG_20260709_095407.jpg,BAD_SEED,0,test
/content/drive/MyDrive/MaizeData/GOOD_SEED/IMG_20260706_075719.jpg,GOOD_SEED,1,test
/content/drive/MyDrive/MaizeData/BAD_SEED/IMG_20260709_174215_1.jpg,BAD_SEED,0,test
/content/drive/MyDrive/MaizeData/BAD_SEED/IMG_20260707_091420.jpg,BAD_SEED,0,test
/content/drive/MyDrive/MaizeData/BAD_SEED/IMG_20260707_093823_1.jpg,BAD_SEED,0,test
/content/drive/MyDrive/MaizeData/BAD_SEED/IMG_20260709_093744.jpg,BAD_SEED,0,test
/content/drive/MyDrive/MaizeData/BAD_SEED/IMG_20260709_093709.jpg,BAD_SEED,0,test
/content/drive/MyDrive/MaizeData/GOOD_SEED/IMG_20260706_074821.jpg,GOOD_SEED,1,test
/content/drive/MyDrive/MaizeData/BAD_SEED/IMG_20260709_174627.jpg,BAD_SEED,0,test
/content/drive/MyDrive/MaizeData/BAD_SEED/IMG_20260709_085909.jpg,BAD_SEED,0,test
/content/drive/MyDrive/MaizeData/GOOD_SEED/IMG_20260706_100147.jpg,GOOD_SEED,1,test
/content/drive/MyDrive/MaizeData/BAD_SEED/IMG_20260709_173738_1.jpg,BAD_SEED,0,test
/content/drive/MyDrive/MaizeData/BAD_SEED/IMG_20260707_092920.jpg,BAD_SEED,0,test
/content/drive/MyDrive/MaizeData/GOOD_SEED/IMG_20260706_100235.jpg,GOOD_SEED,1,test
/content/drive/MyDrive/MaizeData/GOOD_SEED/IMG_20260706_073928.jpg,GOOD_SEED,1,test
/content/drive/MyDrive/MaizeData/BAD_SEED/IMG_20260709_092348.jpg,BAD_SEED,0,test
/content/drive/MyDrive/MaizeData/GOOD_SEED/IMG_20260706_112057.jpg,GOOD_SEED,1,test
/content/drive/MyDrive/MaizeData/NO_MAIZE/IMG_5548.jpg,NO_MAIZE,2,test
/content/drive/MyDrive/MaizeData/BAD_SEED/IMG_20260709_095218.jpg,BAD_SEED,0,test
/content/drive/MyDrive/MaizeData/BAD_SEED/IMG_20260709_174140.jpg,BAD_SEED,0,test
/content/drive/MyDrive/MaizeData/GOOD_SEED/IMG_20260706_074152.jpg,GOOD_SEED,1,test
/content/drive/MyDrive/MaizeData/GOOD_SEED/IMG_20260706_085228.jpg,GOOD_SEED,1,test
/content/drive/MyDrive/MaizeData/GOOD_SEED/IMG_20260706_102501.jpg,GOOD_SEED,1,test
/content/drive/MyDrive/MaizeData/BAD_SEED/IMG_20260709_183250.jpg,BAD_SEED,0,test
/content/drive/MyDrive/MaizeData/BAD_SEED/IMG_20260709_095113.jpg,BAD_SEED,0,test
/content/drive/MyDrive/MaizeData/BAD_SEED/IMG_20260709_095343_1.jpg,BAD_SEED,0,test
/content/drive/MyDrive/MaizeData/NO_MAIZE/IMG_5608.jpg,NO_MAIZE,2,test
/content/drive/MyDrive/MaizeData/BAD_SEED/IMG_20260707_090945.jpg,BAD_SEED,0,test
/content/drive/MyDrive/MaizeData/BAD_SEED/IMG_20260707_090535.jpg,BAD_SEED,0,test
/content/drive/MyDrive/MaizeData/GOOD_SEED/IMG_20260706_103525_1.jpg,GOOD_SEED,1,test
/content/drive/MyDrive/MaizeData/BAD_SEED/IMG_20260707_100252_1.jpg,BAD_SEED,0,test
/content/drive/MyDrive/MaizeData/GOOD_SEED/IMG_20260706_074138.jpg,GOOD_SEED,1,test
/content/drive/MyDrive/MaizeData/BAD_SEED/IMG_20260709_185147.jpg,BAD_SEED,0,test
/content/drive/MyDrive/MaizeData/BAD_SEED/IMG_20260709_094617.jpg,BAD_SEED,0,test
/content/drive/MyDrive/MaizeData/BAD_SEED/IMG_20260707_090604.jpg,BAD_SEED,0,test
/content/drive/MyDrive/MaizeData/BAD_SEED/IMG_20260709_092847.jpg,BAD_SEED,0,test
/content/drive/MyDrive/MaizeData/BAD_SEED/IMG_20260709_183452.jpg,BAD_SEED,0,test
/content/drive/MyDrive/MaizeData/BAD_SEED/IMG_20260707_090954.jpg,BAD_SEED,0,test
/content/drive/MyDrive/MaizeData/BAD_SEED/IMG_20260709_091509.jpg,BAD_SEED,0,test
/content/drive/MyDrive/MaizeData/BAD_SEED/IMG_20260709_093607.jpg,BAD_SEED,0,test
/content/drive/MyDrive/MaizeData/BAD_SEED/IMG_20260709_175455.jpg,BAD_SEED,0,test
/content/drive/MyDrive/MaizeData/GOOD_SEED/IMG_20260706_114201.jpg,GOOD_SEED,1,test
/content/drive/MyDrive/MaizeData/BAD_SEED/IMG_20260707_091403.jpg,BAD_SEED,0,test
/content/drive/MyDrive/MaizeData/GOOD_SEED/IMG_20260706_074340.jpg,GOOD_SEED,1,test
/content/drive/MyDrive/MaizeData/BAD_SEED/IMG_20260707_095459.jpg,BAD_SEED,0,test
/content/drive/MyDrive/MaizeData/GOOD_SEED/IMG_20260706_083531_1.jpg,GOOD_SEED,1,test
/content/drive/MyDrive/MaizeData/BAD_SEED/IMG_20260707_100236.jpg,BAD_SEED,0,test
/content/drive/MyDrive/MaizeData/NO_MAIZE/IMG_5567.jpg,NO_MAIZE,2,test
/content/drive/MyDrive/MaizeData/BAD_SEED/IMG_20260707_084351.jpg,BAD_SEED,0,test
/content/drive/MyDrive/MaizeData/GOOD_SEED/IMG_20260706_083322.jpg,GOOD_SEED,1,test
/content/drive/MyDrive/MaizeData/GOOD_SEED/IMG_20260706_073027.jpg,GOOD_SEED,1,test
/content/drive/MyDrive/MaizeData/BAD_SEED/IMG_20260709_183005_1.jpg,BAD_SEED,0,test
/content/drive/MyDrive/MaizeData/NO_MAIZE/IMG_5552.jpg,NO_MAIZE,2,test
/content/drive/MyDrive/MaizeData/BAD_SEED/IMG_20260707_091649.jpg,BAD_SEED,0,test
/content/drive/MyDrive/MaizeData/BAD_SEED/IMG_20260707_094054.jpg,BAD_SEED,0,test
/content/drive/MyDrive/MaizeData/GOOD_SEED/IMG_20260706_051456.jpg,GOOD_SEED,1,test
/content/drive/MyDrive/MaizeData/GOOD_SEED/IMG_20260706_074352.jpg,GOOD_SEED,1,test
/content/drive/MyDrive/MaizeData/GOOD_SEED/IMG_20260706_112729_1.jpg,GOOD_SEED,1,test
/content/drive/MyDrive/MaizeData/BAD_SEED/IMG_20260707_090525_1.jpg,BAD_SEED,0,test
/content/drive/MyDrive/MaizeData/BAD_SEED/IMG_20260707_095337.jpg,BAD_SEED,0,test
/content/drive/MyDrive/MaizeData/BAD_SEED/IMG_20260709_095528_1.jpg,BAD_SEED,0,test
/content/drive/MyDrive/MaizeData/BAD_SEED/IMG_20260709_095543.jpg,BAD_SEED,0,test
/content/drive/MyDrive/MaizeData/GOOD_SEED/IMG_20260706_022033.jpg,GOOD_SEED,1,test
/content/drive/MyDrive/MaizeData/BAD_SEED/IMG_20260709_184446.jpg,BAD_SEED,0,test
/content/drive/MyDrive/MaizeData/NO_MAIZE/IMG_5533.jpg,NO_MAIZE,2,test
/content/drive/MyDrive/MaizeData/BAD_SEED/IMG_20260707_085219.jpg,BAD_SEED,0,test
/content/drive/MyDrive/MaizeData/GOOD_SEED/IMG_20260706_075453.jpg,GOOD_SEED,1,test
/content/drive/MyDrive/MaizeData/BAD_SEED/IMG_20260707_100721.jpg,BAD_SEED,0,test
/content/drive/MyDrive/MaizeData/GOOD_SEED/IMG_20260706_113954.jpg,GOOD_SEED,1,test
/content/drive/MyDrive/MaizeData/GOOD_SEED/IMG_20260706_103853.jpg,GOOD_SEED,1,test
/content/drive/MyDrive/MaizeData/GOOD_SEED/IMG_20260706_052413.jpg,GOOD_SEED,1,test
/content/drive/MyDrive/MaizeData/BAD_SEED/IMG_20260707_101928.jpg,BAD_SEED,0,test
/content/drive/MyDrive/MaizeData/BAD_SEED/IMG_20260707_093833.jpg,BAD_SEED,0,test
/content/drive/MyDrive/MaizeData/BAD_SEED/IMG_20260707_093851.jpg,BAD_SEED,0,test
/content/drive/MyDrive/MaizeData/BAD_SEED/IMG_20260707_085119_1.jpg,BAD_SEED,0,test
/content/drive/MyDrive/MaizeData/GOOD_SEED/IMG_20260706_082613.jpg,GOOD_SEED,1,test
/content/drive/MyDrive/MaizeData/BAD_SEED/IMG_20260709_093802.jpg,BAD_SEED,0,test
/content/drive/MyDrive/MaizeData/GOOD_SEED/IMG_20260706_075337_1.jpg,GOOD_SEED,1,test
/content/drive/MyDrive/MaizeData/BAD_SEED/IMG_20260709_183354.jpg,BAD_SEED,0,test
/content/drive/MyDrive/MaizeData/NO_MAIZE/IMG_5627.jpg,NO_MAIZE,2,test
/content/drive/MyDrive/MaizeData/BAD_SEED/IMG_20260707_090446.jpg,BAD_SEED,0,test
/content/drive/MyDrive/MaizeData/GOOD_SEED/IMG_20260706_102139.jpg,GOOD_SEED,1,test
/content/drive/MyDrive/MaizeData/GOOD_SEED/IMG_20260706_073740.jpg,GOOD_SEED,1,test
/content/drive/MyDrive/MaizeData/BAD_SEED/IMG_20260709_180031.jpg,BAD_SEED,0,test
/content/drive/MyDrive/MaizeData/BAD_SEED/IMG_20260707_090508.jpg,BAD_SEED,0,test
/content/drive/MyDrive/MaizeData/NO_MAIZE/IMG_5575.jpg,NO_MAIZE,2,test
/content/drive/MyDrive/MaizeData/GOOD_SEED/IMG_20260706_100546.jpg,GOOD_SEED,1,test
/content/drive/MyDrive/MaizeData/GOOD_SEED/IMG_20260706_080939.jpg,GOOD_SEED,1,test
/content/drive/MyDrive/MaizeData/BAD_SEED/IMG_20260709_090713.jpg,BAD_SEED,0,test
/content/drive/MyDrive/MaizeData/GOOD_SEED/IMG_20260706_085207.jpg,GOOD_SEED,1,test
/content/drive/MyDrive/MaizeData/GOOD_SEED/IMG_20260706_102930.jpg,GOOD_SEED,1,test
/content/drive/MyDrive/MaizeData/GOOD_SEED/IMG_20260706_112323.jpg,GOOD_SEED,1,test
/content/drive/MyDrive/MaizeData/BAD_SEED/IMG_20260709_094258.jpg,BAD_SEED,0,test
/content/drive/MyDrive/MaizeData/GOOD_SEED/IMG_20260706_073122.jpg,GOOD_SEED,1,test
/content/drive/MyDrive/MaizeData/BAD_SEED/IMG_20260709_090941.jpg,BAD_SEED,0,test
/content/drive/MyDrive/MaizeData/BAD_SEED/IMG_20260707_095444.jpg,BAD_SEED,0,test
/content/drive/MyDrive/MaizeData/NO_MAIZE/IMG_5531.jpg,NO_MAIZE,2,test
/content/drive/MyDrive/MaizeData/GOOD_SEED/IMG_20260706_104155.jpg,GOOD_SEED,1,test
/content/drive/MyDrive/MaizeData/GOOD_SEED/IMG_20260706_085748_1.jpg,GOOD_SEED,1,test
/content/drive/MyDrive/MaizeData/BAD_SEED/IMG_20260709_093140.jpg,BAD_SEED,0,test
/content/drive/MyDrive/MaizeData/BAD_SEED/IMG_20260709_183319.jpg,BAD_SEED,0,test
/content/drive/MyDrive/MaizeData/GOOD_SEED/IMG_20260706_102945.jpg,GOOD_SEED,1,test
/content/drive/MyDrive/MaizeData/GOOD_SEED/IMG_20260706_080926_1.jpg,GOOD_SEED,1,test
/content/drive/MyDrive/MaizeData/GOOD_SEED/IMG_20260706_102624_1.jpg,GOOD_SEED,1,test
/content/drive/MyDrive/MaizeData/GOOD_SEED/IMG_20260706_090656.jpg,GOOD_SEED,1,test
/content/drive/MyDrive/MaizeData/BAD_SEED/IMG_20260709_173857.jpg,BAD_SEED,0,test
/content/drive/MyDrive/MaizeData/GOOD_SEED/IMG_20260706_090145.jpg,GOOD_SEED,1,test
/content/drive/MyDrive/MaizeData/GOOD_SEED/IMG_20260706_113925.jpg,GOOD_SEED,1,test
/content/drive/MyDrive/MaizeData/GOOD_SEED/IMG_20260706_112421.jpg,GOOD_SEED,1,test
