path,source_path,content_hash,label_name,label,group_id,split
/content/drive/MyDrive/MaizeData/prepared_images/rgb_bilinear_v1_224/98426ac8a8936d2bc99b6e0897be210992175a7ca44235b3ad52dfba57d9538f_224x224.png,/content/drive/MyDrive/MaizeData/GOOD_SEED/IMG_20260706_112607.jpg,98426ac8a8936d2bc99b6e0897be210992175a7ca44235b3ad52dfba57d9538f,GOOD_SEED,1,98426ac8a8936d2bc99b6e0897be210992175a7ca44235b3ad52dfba57d9538f,train
/content/drive/MyDrive/MaizeData/prepared_images/rgb_bilinear_v1_224/ea3ba4fac98b8aea9eb356dd2f702d12b4a400679abb27dbc14a684ec961c526_224x224.png,/content/drive/MyDrive/MaizeData/BAD_SEED/IMG_20260707_085445.jpg,ea3ba4fac98b8aea9eb356dd2f702d12b4a400679abb27dbc14a684ec961c526,BAD_SEED,0,ea3ba4fac98b8aea9eb356dd2f702d12b4a400679abb27dbc14a684ec961c526,train
/content/drive/MyDrive/MaizeData/prepared_images/rgb_bilinear_v1_224/f6e39d548dcb4f16ac4b6190d9d23b0f70c842f56b7c3ce1740cd89233d77f44_224x224.png,/content/drive/MyDrive/MaizeData/GOOD_SEED/IMG_20260706_075638.jpg,f6e39d548dcb4f16ac4b6190d9d23b0f70c842f56b7c3ce1740cd89233d77f44,GOOD_SEED,1,f6e39d548dcb4f16ac4b6190d9d23b0f70c842f56b7c3ce1740cd89233d77f44,train
/content/drive/MyDrive/MaizeData/prepared_images/rgb_bilinear_v1_224/e47ea834ea405284bbb30eff3396643bf2ae40fc0f59b8ade674e3d20c42900b_224x224.png,/content/drive/MyDrive/MaizeData/GOOD_SEED/IMG_20260706_080915.jpg,e47ea834ea405284bbb30eff3396643bf2ae40fc0f59b8ade674e3d20c42900b,GOOD_SEED,1,e47ea834ea405284bbb30eff3396643bf2ae40fc0f59b8ade674e3d20c42900b,train
/content/drive/MyDrive/MaizeData/prepared_images/rgb_bilinear_v1_224/68ecf68864c51146314101e9162dcf23eef4374cd099c3b95ea6d4ccba8c6942_224x224.png,/content/drive/MyDrive/MaizeData/BAD_SEED/IMG_20260707_100339.jpg,68ecf68864c51146314101e9162dcf23eef4374cd099c3b95ea6d4ccba8c6942,BAD_SEED,0,68ecf68864c51146314101e9162dcf23eef4374cd099c3b95ea6d4ccba8c6942,train
/content/drive/MyDrive/MaizeData/prepared_images/rgb_bilinear_v1_224/af336bf2adafadcedc8a3b099f687589a3b91af2114229014cefde59e6dcf876_224x224.png,/content/drive/MyDrive/MaizeData/BAD_SEED/IMG_20260709_180018.jpg,af336bf2adafadcedc8a3b099f687589a3b91af2114229014cefde59e6dcf876,BAD_SEED,0,af336bf2adafadcedc8a3b099f687589a3b91af2114229014cefde59e6dcf876,train
/content/drive/MyDrive/MaizeData/prepared_images/rgb_bilinear_v1_224/d6c2725c8fc42a1c4783318ebfbf1d6ee66646d872e0f353715dfb5bdc9544a3_224x224.png,/content/drive/MyDrive/MaizeData/GOOD_SEED/IMG_20260706_100434.jpg,d6c2725c8fc42a1c4783318ebfbf1d6ee66646d872e0f353715dfb5bdc9544a3,GOOD_SEED,1,d6c2725c8fc42a1c4783318ebfbf1d6ee66646d872e0f353715dfb5bdc9544a3,train
/content/drive/MyDrive/MaizeData/prepared_images/rgb_bilinear_v1_224/3a70940cde3e15de3cf2a839d8fa47b80b558b2d3c77559a5cb94a619578e3f8_224x224.png,/content/drive/MyDrive/MaizeData/BAD_SEED/IMG_20260707_092037.jpg,3a70940cde3e15de3cf2a839d8fa47b80b558b2d3c77559a5cb94a619578e3f8,BAD_SEED,0,3a70940cde3e15de3cf2a839d8fa47b80b558b2d3c77559a5cb94a619578e3f8,train
/content/drive/MyDrive/MaizeData/prepared_images/rgb_bilinear_v1_224/aadee2bca6a61e93a46192338ee9e48d8c07e0c82f10465d2cf162afb10a618f_224x224.png,/content/drive/MyDrive/MaizeData/BAD_SEED/IMG_20260709_094600_1.jpg,aadee2bca6a61e93a46192338ee9e48d8c07e0c82f10465d2cf162afb10a618f,BAD_SEED,0,aadee2bca6a61e93a46192338ee9e48d8c07e0c82f10465d2cf162afb10a618f,train
/content/drive/MyDrive/MaizeData/prepared_images/rgb_bilinear_v1_224/df88e41c9350bdd7bcc0f00c4061ff587936e069e2842a29e14c03d7bec24662_224x224.png,/content/drive/MyDrive/MaizeData/GOOD_SEED/IMG_20260706_112501.jpg,df88e41c9350bdd7bcc0f00c4061ff587936e069e2842a29e14c03d7bec24662,GOOD_SEED,1,df88e41c9350bdd7bcc0f00c4061ff587936e069e2842a29e14c03d7bec24662,train
/content/drive/MyDrive/MaizeData/prepared_images/rgb_bilinear_v1_224/455c2ee8c8f3faae5a894e370c74b8ca64e807fefadcffd84ed243e87e877048_224x224.png,/content/drive/MyDrive/MaizeData/GOOD_SEED/IMG_20260706_084208.jpg,455c2ee8c8f3faae5a894e370c74b8ca64e807fefadcffd84ed243e87e877048,GOOD_SEED,1,455c2ee8c8f3faae5a894e370c74b8ca64e807fefadcffd84ed243e87e877048,train
/content/drive/MyDrive/MaizeData/prepared_images/rgb_bilinear_v1_224/f45133ea93139cf29ce94734b206cebaceb08533b17b64610e7579ad4347c44e_224x224.png,/content/drive/MyDrive/MaizeData/BAD_SEED/IMG_20260709_090613.jpg,f45133ea93139cf29ce94734b206cebaceb08533b17b64610e7579ad4347c44e,BAD_SEED,0,f45133ea93139cf29ce94734b206cebaceb08533b17b64610e7579ad4347c44e,train
/content/drive/MyDrive/MaizeData/prepared_images/rgb_bilinear_v1_224/989b1f9cc58d67ef1769ac0e477b6696aea2a529e5819861c4e9f7282d7e6b03_224x224.png,/content/drive/MyDrive/MaizeData/BAD_SEED/IMG_20260707_100202.jpg,989b1f9cc58d67ef1769ac0e477b6696aea2a529e5819861c4e9f7282d7e6b03,BAD_SEED,0,989b1f9cc58d67ef1769ac0e477b6696aea2a529e5819861c4e9f7282d7e6b03,train
/content/drive/MyDrive/MaizeData/prepared_images/rgb_bilinear_v1_224/724fa35e37c1b80ae265d166038d56eb7711d22a5975687a7b966305b177db52_224x224.png,/content/drive/MyDrive/MaizeData/BAD_SEED/IMG_20260709_091825.jpg,724fa35e37c1b80ae265d166038d56eb7711d22a5975687a7b966305b177db52,BAD_SEED,0,724fa35e37c1b80ae265d166038d56eb7711d22a5975687a7b966305b177db52,train
/content/drive/MyDrive/MaizeData/prepared_images/rgb_bilinear_v1_224/c3e71c407e5f29dd4635d4a5a6409d8d680dc7b038f47c99fa2187b91a974680_224x224.png,/content/drive/MyDrive/MaizeData/BAD_SEED/IMG_20260707_091234.jpg,c3e71c407e5f29dd4635d4a5a6409d8d680dc7b038f47c99fa2187b91a974680,BAD_SEED,0,c3e71c407e5f29dd4635d4a5a6409d8d680dc7b038f47c99fa2187b91a974680,train
/content/drive/MyDrive/MaizeData/prepared_images/rgb_bilinear_v1_224/218885b43d25ff4eaea3737ef46cfd7205bdd45095a5146b1bc45ef07e0edad4_224x224.png,/content/drive/MyDrive/MaizeData/NO_MAIZE/IMG_5563.jpg,218885b43d25ff4eaea3737ef46cfd7205bdd45095a5146b1bc45ef07e0edad4,NO_MAIZE,2,218885b43d25ff4eaea3737ef46cfd7205bdd45095a5146b1bc45ef07e0edad4,train
/content/drive/MyDrive/MaizeData/prepared_images/rgb_bilinear_v1_224/b63ed96cdf0f1ed0c7e16d1021c233a7c3eb5059b5ccd9cf0457eb73c335cf77_224x224.png,/content/drive/MyDrive/MaizeData/BAD_SEED/IMG_20260709_090842.jpg,b63ed96cdf0f1ed0c7e16d1021c233a7c3eb5059b5ccd9cf0457eb73c335cf77,BAD_SEED,0,b63ed96cdf0f1ed0c7e16d1021c233a7c3eb5059b5ccd9cf0457eb73c335cf77,train
/content/drive/MyDrive/MaizeData/prepared_images/rgb_bilinear_v1_224/1dbb72d4e5a6b9f25c965f7b636c678fe62be3669979c1c502cff81483e12a94_224x224.png,/content/drive/MyDrive/MaizeData/GOOD_SEED/IMG_20260706_090958.jpg,1dbb72d4e5a6b9f25c965f7b636c678fe62be3669979c1c502cff81483e12a94,GOOD_SEED,1,1dbb72d4e5a6b9f25c965f7b636c678fe62be3669979c1c502cff81483e12a94,train
/content/drive/MyDrive/MaizeData/prepared_images/rgb_bilinear_v1_224/41c51df2cba6a9c0ebc3423cfab9281955749b457315085d75c20bb96875cc75_224x224.png,/content/drive/MyDrive/MaizeData/BAD_SEED/IMG_20260707_094034.jpg,41c51df2cba6a9c0ebc3423cfab9281955749b457315085d75c20bb96875cc75,BAD_SEED,0,41c51df2cba6a9c0ebc3423cfab9281955749b457315085d75c20bb96875cc75,train
/content/drive/MyDrive/MaizeData/prepared_images/rgb_bilinear_v1_224/07ecebeb3d587bbac1d8ce91cf0180497f0a8a70cd500070bd2464148ea66045_224x224.png,/content/drive/MyDrive/MaizeData/GOOD_SEED/IMG_20260706_101927.jpg,07ecebeb3d587bbac1d8ce91cf0180497f0a8a70cd500070bd2464148ea66045,GOOD_SEED,1,07ecebeb3d587bbac1d8ce91cf0180497f0a8a70cd500070bd2464148ea66045,train
/content/drive/MyDrive/MaizeData/prepared_images/rgb_bilinear_v1_224/b0d8fb6ea67d0158c40b432b470afeae98314738a8aa202bc85f7221b49eaa99_224x224.png,/content/drive/MyDrive/MaizeData/BAD_SEED/IMG_20260707_084017.jpg,b0d8fb6ea67d0158c40b432b470afeae98314738a8aa202bc85f7221b49eaa99,BAD_SEED,0,b0d8fb6ea67d0158c40b432b470afeae98314738a8aa202bc85f7221b49eaa99,train
/content/drive/MyDrive/MaizeData/prepared_images/rgb_bilinear_v1_224/432c8fce1cd74f24e13b0de18617e5019954845d58607e3a8ac62a42f88b6d9f_224x224.png,/content/drive/MyDrive/MaizeData/BAD_SEED/IMG_20260709_174745.jpg,432c8fce1cd74f24e13b0de18617e5019954845d58607e3a8ac62a42f88b6d9f,BAD_SEED,0,432c8fce1cd74f24e13b0de18617e5019954845d58607e3a8ac62a42f88b6d9f,train
/content/drive/MyDrive/MaizeData/prepared_images/rgb_bilinear_v1_224/8a324dd7ede979c36b25215fae22000bcf209ef81c76cdd62a040138bb494fbf_224x224.png,/content/drive/MyDrive/MaizeData/BAD_SEED/IMG_20260707_093418_1.jpg,8a324dd7ede979c36b25215fae22000bcf209ef81c76cdd62a040138bb494fbf,BAD_SEED,0,8a324dd7ede979c36b25215fae22000bcf209ef81c76cdd62a040138bb494fbf,train
/content/drive/MyDrive/MaizeData/prepared_images/rgb_bilinear_v1_224/abe6f6d670d2c73361cc3cde0f574daabc0a9ce1196930bcf2634151ebbe9935_224x224.png,/content/drive/MyDrive/MaizeData/BAD_SEED/IMG_20260709_173646_1.jpg,abe6f6d670d2c73361cc3cde0f574daabc0a9ce1196930bcf2634151ebbe9935,BAD_SEED,0,abe6f6d670d2c73361cc3cde0f574daabc0a9ce1196930bcf2634151ebbe9935,train
/content/drive/MyDrive/MaizeData/prepared_images/rgb_bilinear_v1_224/bd16f04a2c0d999443bff985572749cba73ba86115edb9465c1e8e5f365096ad_224x224.png,/content/drive/MyDrive/MaizeData/BAD_SEED/IMG_20260709_095258.jpg,bd16f04a2c0d999443bff985572749cba73ba86115edb9465c1e8e5f365096ad,BAD_SEED,0,bd16f04a2c0d999443bff985572749cba73ba86115edb9465c1e8e5f365096ad,train
/content/drive/MyDrive/MaizeData/prepared_images/rgb_bilinear_v1_224/54e797873ead28e14625210ea8991913c4fb8aac667ef49926ff97e0b3ca10d1_224x224.png,/content/drive/MyDrive/MaizeData/GOOD_SEED/IMG_20260706_113521_1.jpg,54e797873ead28e14625210ea8991913c4fb8aac667ef49926ff97e0b3ca10d1,GOOD_SEED,1,54e797873ead28e14625210ea8991913c4fb8aac667ef49926ff97e0b3ca10d1,train
/content/drive/MyDrive/MaizeData/prepared_images/rgb_bilinear_v1_224/f0fbe4edbb6707a4ee3c29b44321d4a32d959757f94392cdd1aee3656d6c8d6f_224x224.png,/content/drive/MyDrive/MaizeData/BAD_SEED/IMG_20260707_085310.jpg,f0fbe4edbb6707a4ee3c29b44321d4a32d959757f94392cdd1aee3656d6c8d6f,BAD_SEED,0,f0fbe4edbb6707a4ee3c29b44321d4a32d959757f94392cdd1aee3656d6c8d6f,train
/content/drive/MyDrive/MaizeData/prepared_images/rgb_bilinear_v1_224/6741b0dccb4c1a9f6ece440a2a70e8f952252ff27893f7bba448ef96e6b18018_224x224.png,/content/drive/MyDrive/MaizeData/GOOD_SEED/IMG_20260706_101527_1.jpg,6741b0dccb4c1a9f6ece440a2a70e8f952252ff27893f7bba448ef96e6b18018,GOOD_SEED,1,6741b0dccb4c1a9f6ece440a2a70e8f952252ff27893f7bba448ef96e6b18018,train
/content/drive/MyDrive/MaizeData/prepared_images/rgb_bilinear_v1_224/aa18e03fc7a0e9a1cd06edb258b1a8ec3de37c553670bb8d2a8bae3ae313e611_224x224.png,/content/drive/MyDrive/MaizeData/BAD_SEED/IMG_20260707_093335.jpg,aa18e03fc7a0e9a1cd06edb258b1a8ec3de37c553670bb8d2a8bae3ae313e611,BAD_SEED,0,aa18e03fc7a0e9a1cd06edb258b1a8ec3de37c553670bb8d2a8bae3ae313e611,train
/content/drive/MyDrive/MaizeData/prepared_images/rgb_bilinear_v1_224/aa0fe4f450a344b453ae9f6529d768eac010510b4b392ee7921650bad6ab23c4_224x224.png,/content/drive/MyDrive/MaizeData/GOOD_SEED/IMG_20260706_113847.jpg,aa0fe4f450a344b453ae9f6529d768eac010510b4b392ee7921650bad6ab23c4,GOOD_SEED,1,aa0fe4f450a344b453ae9f6529d768eac010510b4b392ee7921650bad6ab23c4,train
/content/drive/MyDrive/MaizeData/prepared_images/rgb_bilinear_v1_224/da80ac7973cc53dff46cce6965de88446316e5ac2fe95acba8a527c847b23c96_224x224.png,/content/drive/MyDrive/MaizeData/BAD_SEED/IMG_20260707_094508.jpg,da80ac7973cc53dff46cce6965de88446316e5ac2fe95acba8a527c847b23c96,BAD_SEED,0,da80ac7973cc53dff46cce6965de88446316e5ac2fe95acba8a527c847b23c96,train
/content/drive/MyDrive/MaizeData/prepared_images/rgb_bilinear_v1_224/1ee44e9897cbddf4d7df12d436946fc887e71830e27daa000e2a030d57b13aea_224x224.png,/content/drive/MyDrive/MaizeData/BAD_SEED/IMG_20260709_094809.jpg,1ee44e9897cbddf4d7df12d436946fc887e71830e27daa000e2a030d57b13aea,BAD_SEED,0,1ee44e9897cbddf4d7df12d436946fc887e71830e27daa000e2a030d57b13aea,train
/content/drive/MyDrive/MaizeData/prepared_images/rgb_bilinear_v1_224/c9e55fdb3e57511a2f9c309f9ed05b4675eabde16f4cd85087b7df6f30c0feac_224x224.png,/content/drive/MyDrive/MaizeData/BAD_SEED/IMG_20260707_084541.jpg,c9e55fdb3e57511a2f9c309f9ed05b4675eabde16f4cd85087b7df6f30c0feac,BAD_SEED,0,c9e55fdb3e57511a2f9c309f9ed05b4675eabde16f4cd85087b7df6f30c0feac,train
/content/drive/MyDrive/MaizeData/prepared_images/rgb_bilinear_v1_224/3a177a24848ee5fc173548e2c2aa11930a1bbe8c42d66b5da5ba959aa4546bc2_224x224.png,/content/drive/MyDrive/MaizeData/BAD_SEED/IMG_20260709_174909.jpg,3a177a24848ee5fc173548e2c2aa11930a1bbe8c42d66b5da5ba959aa4546bc2,BAD_SEED,0,3a177a24848ee5fc173548e2c2aa11930a1bbe8c42d66b5da5ba959aa4546bc2,train
/content/drive/MyDrive/MaizeData/prepared_images/rgb_bilinear_v1_224/e1e648a278fce14991e04512837910949629a72f9dd6e627184df0ba85d26184_224x224.png,/content/drive/MyDrive/MaizeData/BAD_SEED/IMG_20260707_091810_1.jpg,e1e648a278fce14991e04512837910949629a72f9dd6e627184df0ba85d26184,BAD_SEED,0,e1e648a278fce14991e04512837910949629a72f9dd6e627184df0ba85d26184,train
/content/drive/MyDrive/MaizeData/prepared_images/rgb_bilinear_v1_224/abd26bcd2e910436665af566d8c31c8fccc4a68e18b865c8febee25d5ab80a59_224x224.png,/content/drive/MyDrive/MaizeData/GOOD_SEED/IMG_20260706_074654.jpg,abd26bcd2e910436665af566d8c31c8fccc4a68e18b865c8febee25d5ab80a59,GOOD_SEED,1,abd26bcd2e910436665af566d8c31c8fccc4a68e18b865c8febee25d5ab80a59,train
/content/drive/MyDrive/MaizeData/prepared_images/rgb_bilinear_v1_224/bae1f72539129f36c414b7b52bc19f8ee5b0f8ef4165f785f11a8c760f82c7ce_224x224.png,/content/drive/MyDrive/MaizeData/BAD_SEED/IMG_20260707_091911_1.jpg,bae1f72539129f36c414b7b52bc19f8ee5b0f8ef4165f785f11a8c760f82c7ce,BAD_SEED,0,bae1f72539129f36c414b7b52bc19f8ee5b0f8ef4165f785f11a8c760f82c7ce,train
/content/drive/MyDrive/MaizeData/prepared_images/rgb_bilinear_v1_224/e7511a048291bbd9d2c2a0ef4003dc9dc3072029dcfa559eda5a23c3b8d8dfd1_224x224.png,/content/drive/MyDrive/MaizeData/GOOD_SEED/IMG_20260706_102533.jpg,e7511a048291bbd9d2c2a0ef4003dc9dc3072029dcfa559eda5a23c3b8d8dfd1,GOOD_SEED,1,e7511a048291bbd9d2c2a0ef4003dc9dc3072029dcfa559eda5a23c3b8d8dfd1,train
/content/drive/MyDrive/MaizeData/prepared_images/rgb_bilinear_v1_224/2b80d8c801439ddc5770d171da05b124d2ab7e3dcd559c6640114f46edb89520_224x224.png,/content/drive/MyDrive/MaizeData/GOOD_SEED/IMG_20260706_083704.jpg,2b80d8c801439ddc5770d171da05b124d2ab7e3dcd559c6640114f46edb89520,GOOD_SEED,1,2b80d8c801439ddc5770d171da05b124d2ab7e3dcd559c6640114f46edb89520,train
/content/drive/MyDrive/MaizeData/prepared_images/rgb_bilinear_v1_224/0087c1fd4d9546c1c97dfba1c88a74e2026a4d528a3b75458657f6b7980532b3_224x224.png,/content/drive/MyDrive/MaizeData/BAD_SEED/IMG_20260709_094312.jpg,0087c1fd4d9546c1c97dfba1c88a74e2026a4d528a3b75458657f6b7980532b3,BAD_SEED,0,0087c1fd4d9546c1c97dfba1c88a74e2026a4d528a3b75458657f6b7980532b3,train
/content/drive/MyDrive/MaizeData/prepared_images/rgb_bilinear_v1_224/ceb46a6cee5d0274c77e21b9d37dd8b9e5ec7f8e44ae4a69ef8fb7ba04a32076_224x224.png,/content/drive/MyDrive/MaizeData/BAD_SEED/IMG_20260707_100729.jpg,ceb46a6cee5d0274c77e21b9d37dd8b9e5ec7f8e44ae4a69ef8fb7ba04a32076,BAD_SEED,0,ceb46a6cee5d0274c77e21b9d37dd8b9e5ec7f8e44ae4a69ef8fb7ba04a32076,train
/content/drive/MyDrive/MaizeData/prepared_images/rgb_bilinear_v1_224/605cff568aff4e8b89446081624eaa00cb248bdd5b534b01cce953f5eedfce68_224x224.png,/content/drive/MyDrive/MaizeData/BAD_SEED/IMG_20260707_092840_1.jpg,605cff568aff4e8b89446081624eaa00cb248bdd5b534b01cce953f5eedfce68,BAD_SEED,0,605cff568aff4e8b89446081624eaa00cb248bdd5b534b01cce953f5eedfce68,train
/content/drive/MyDrive/MaizeData/prepared_images/rgb_bilinear_v1_224/5a74db244f5bb0ab87dccc0b52c2fb2e32fedfd694d42c43fcda6eeaae8bf8a9_224x224.png,/content/drive/MyDrive/MaizeData/BAD_SEED/IMG_20260709_185245.jpg,5a74db244f5bb0ab87dccc0b52c2fb2e32fedfd694d42c43fcda6eeaae8bf8a9,BAD_SEED,0,5a74db244f5bb0ab87dccc0b52c2fb2e32fedfd694d42c43fcda6eeaae8bf8a9,train
/content/drive/MyDrive/MaizeData/prepared_images/rgb_bilinear_v1_224/a77f3bc838c0655ab679ef83c6a4ddfc6ade79ee5f6b04ca37dfc50de5645676_224x224.png,/content/drive/MyDrive/MaizeData/GOOD_SEED/IMG_20260706_113749.jpg,a77f3bc838c0655ab679ef83c6a4ddfc6ade79ee5f6b04ca37dfc50de5645676,GOOD_SEED,1,a77f3bc838c0655ab679ef83c6a4ddfc6ade79ee5f6b04ca37dfc50de5645676,train
/content/drive/MyDrive/MaizeData/prepared_images/rgb_bilinear_v1_224/5bae9acbf9ff3f99b84fba8d186f3a08fac5829c40526631320d9bc216795a51_224x224.png,/content/drive/MyDrive/MaizeData/BAD_SEED/IMG_20260707_085424.jpg,5bae9acbf9ff3f99b84fba8d186f3a08fac5829c40526631320d9bc216795a51,BAD_SEED,0,5bae9acbf9ff3f99b84fba8d186f3a08fac5829c40526631320d9bc216795a51,train
/content/drive/MyDrive/MaizeData/prepared_images/rgb_bilinear_v1_224/68f1f2aab3d3fa278fa499bb94f5e1047aae058b9dae77750964bc2478135d8d_224x224.png,/content/drive/MyDrive/MaizeData/BAD_SEED/IMG_20260707_091126.jpg,68f1f2aab3d3fa278fa499bb94f5e1047aae058b9dae77750964bc2478135d8d,BAD_SEED,0,68f1f2aab3d3fa278fa499bb94f5e1047aae058b9dae77750964bc2478135d8d,train
/content/drive/MyDrive/MaizeData/prepared_images/rgb_bilinear_v1_224/86c0c700d8990f39d83bb283c645a9048a076e2af99610b2a30a672f8aaae27c_224x224.png,/content/drive/MyDrive/MaizeData/GOOD_SEED/IMG_20260706_090858.jpg,86c0c700d8990f39d83bb283c645a9048a076e2af99610b2a30a672f8aaae27c,GOOD_SEED,1,86c0c700d8990f39d83bb283c645a9048a076e2af99610b2a30a672f8aaae27c,train
/content/drive/MyDrive/MaizeData/prepared_images/rgb_bilinear_v1_224/0c915d672727c2251f1c36a74cdc1920c32db2ae197f7712fc2b4d440b1291e2_224x224.png,/content/drive/MyDrive/MaizeData/GOOD_SEED/IMG_20260706_095251.jpg,0c915d672727c2251f1c36a74cdc1920c32db2ae197f7712fc2b4d440b1291e2,GOOD_SEED,1,0c915d672727c2251f1c36a74cdc1920c32db2ae197f7712fc2b4d440b1291e2,train
/content/drive/MyDrive/MaizeData/prepared_images/rgb_bilinear_v1_224/606841e2de852064314cbba61063eb2ee948cba03ea94c041d614e44ebcae31f_224x224.png,/content/drive/MyDrive/MaizeData/BAD_SEED/IMG_20260707_102032.jpg,606841e2de852064314cbba61063eb2ee948cba03ea94c041d614e44ebcae31f,BAD_SEED,0,606841e2de852064314cbba61063eb2ee948cba03ea94c041d614e44ebcae31f,train
/content/drive/MyDrive/MaizeData/prepared_images/rgb_bilinear_v1_224/db7404b09f9bcf2bd3fe9e8a25febc85b867c0ecaee00f4df12db0405be5851e_224x224.png,/content/drive/MyDrive/MaizeData/GOOD_SEED/IMG_20260706_103534_1.jpg,db7404b09f9bcf2bd3fe9e8a25febc85b867c0ecaee00f4df12db0405be5851e,GOOD_SEED,1,db7404b09f9bcf2bd3fe9e8a25febc85b867c0ecaee00f4df12db0405be5851e,train
/content/drive/MyDrive/MaizeData/prepared_images/rgb_bilinear_v1_224/8a5738eb06c996d9e1ce7474caacec668138c3153e4a8ba2934ea7279c28149b_224x224.png,/content/drive/MyDrive/MaizeData/BAD_SEED/IMG_20260709_180442_1.jpg,8a5738eb06c996d9e1ce7474caacec668138c3153e4a8ba2934ea7279c28149b,BAD_SEED,0,8a5738eb06c996d9e1ce7474caacec668138c3153e4a8ba2934ea7279c28149b,train
/content/drive/MyDrive/MaizeData/prepared_images/rgb_bilinear_v1_224/6fc27297aad309ad62398c5d3294acbf75e82ea035368b0e83262533d6071664_224x224.png,/content/drive/MyDrive/MaizeData/GOOD_SEED/IMG_20260706_113715.jpg,6fc27297aad309ad62398c5d3294acbf75e82ea035368b0e83262533d6071664,GOOD_SEED,1,6fc27297aad309ad62398c5d3294acbf75e82ea035368b0e83262533d6071664,train
/content/drive/MyDrive/MaizeData/prepared_images/rgb_bilinear_v1_224/c23290e715c31a1b72cda1c8968220418cbaf93a876d772a52d8207d2bd96c0e_224x224.png,/content/drive/MyDrive/MaizeData/BAD_SEED/IMG_20260707_084900.jpg,c23290e715c31a1b72cda1c8968220418cbaf93a876d772a52d8207d2bd96c0e,BAD_SEED,0,c23290e715c31a1b72cda1c8968220418cbaf93a876d772a52d8207d2bd96c0e,train
/content/drive/MyDrive/MaizeData/prepared_images/rgb_bilinear_v1_224/17825379ae15c3c265630fa2a61c06892c7f9056b7325d1de4d579d91df0d95b_224x224.png,/content/drive/MyDrive/MaizeData/GOOD_SEED/IMG_20260706_090547_1.jpg,17825379ae15c3c265630fa2a61c06892c7f9056b7325d1de4d579d91df0d95b,GOOD_SEED,1,17825379ae15c3c265630fa2a61c06892c7f9056b7325d1de4d579d91df0d95b,train
/content/drive/MyDrive/MaizeData/prepared_images/rgb_bilinear_v1_224/ded7f8d2265aa12fd49ecc0adb82a93609f5317d4df686c9316f34e46180a172_224x224.png,/content/drive/MyDrive/MaizeData/BAD_SEED/IMG_20260707_085019.jpg,ded7f8d2265aa12fd49ecc0adb82a93609f5317d4df686c9316f34e46180a172,BAD_SEED,0,ded7f8d2265aa12fd49ecc0adb82a93609f5317d4df686c9316f34e46180a172,train
/content/drive/MyDrive/MaizeData/prepared_images/rgb_bilinear_v1_224/1f060217fa4e8ae7dc36c2cddb3000f96bd82b6167aae3f2f099706c48e23981_224x224.png,/content/drive/MyDrive/MaizeData/GOOD_SEED/IMG_20260706_082320.jpg,1f060217fa4e8ae7dc36c2cddb3000f96bd82b6167aae3f2f099706c48e23981,GOOD_SEED,1,1f060217fa4e8ae7dc36c2cddb3000f96bd82b6167aae3f2f099706c48e23981,train
/content/drive/MyDrive/MaizeData/prepared_images/rgb_bilinear_v1_224/76edb11d5a7abb0228fd0b26f11015942facb24d42aa1c0b5a1d558fb4a7ee86_224x224.png,/content/drive/MyDrive/MaizeData/BAD_SEED/IMG_20260709_094305.jpg,76edb11d5a7abb0228fd0b26f11015942facb24d42aa1c0b5a1d558fb4a7ee86,BAD_SEED,0,76edb11d5a7abb0228fd0b26f11015942facb24d42aa1c0b5a1d558fb4a7ee86,train
/content/drive/MyDrive/MaizeData/prepared_images/rgb_bilinear_v1_224/1a97da77ce79541c2fbd8b1d37b8189355e4eb019a764a511b5c409e867f744d_224x224.png,/content/drive/MyDrive/MaizeData/BAD_SEED/IMG_20260707_085145_1.jpg,1a97da77ce79541c2fbd8b1d37b8189355e4eb019a764a511b5c409e867f744d,BAD_SEED,0,1a97da77ce79541c2fbd8b1d37b8189355e4eb019a764a511b5c409e867f744d,train
/content/drive/MyDrive/MaizeData/prepared_images/rgb_bilinear_v1_224/db980c7a4bc7e5d60d639fb6432d1647e0f675de0736c2c08fb2c50542d174ff_224x224.png,/content/drive/MyDrive/MaizeData/BAD_SEED/IMG_20260707_084045.jpg,db980c7a4bc7e5d60d639fb6432d1647e0f675de0736c2c08fb2c50542d174ff,BAD_SEED,0,db980c7a4bc7e5d60d639fb6432d1647e0f675de0736c2c08fb2c50542d174ff,train
/content/drive/MyDrive/MaizeData/prepared_images/rgb_bilinear_v1_224/f87d1fe440c8cbbd9e948df3b518f1b5463f375512bc0e309d3848c37cc41c70_224x224.png,/content/drive/MyDrive/MaizeData/BAD_SEED/IMG_20260707_085153.jpg,f87d1fe440c8cbbd9e948df3b518f1b5463f375512bc0e309d3848c37cc41c70,BAD_SEED,0,f87d1fe440c8cbbd9e948df3b518f1b5463f375512bc0e309d3848c37cc41c70,train
/content/drive/MyDrive/MaizeData/prepared_images/rgb_bilinear_v1_224/bc9abc4f13c20dc5c11051790b2b63e9eeaa216995d1ce65e27fae4bdfceffe8_224x224.png,/content/drive/MyDrive/MaizeData/BAD_SEED/IMG_20260709_092943.jpg,bc9abc4f13c20dc5c11051790b2b63e9eeaa216995d1ce65e27fae4bdfceffe8,BAD_SEED,0,bc9abc4f13c20dc5c11051790b2b63e9eeaa216995d1ce65e27fae4bdfceffe8,train
/content/drive/MyDrive/MaizeData/prepared_images/rgb_bilinear_v1_224/b83294fe55e84b87fe892f85c0798a9ec1cb88794106bc60bb20f4ce63d3f519_224x224.png,/content/drive/MyDrive/MaizeData/BAD_SEED/IMG_20260707_100448.jpg,b83294fe55e84b87fe892f85c0798a9ec1cb88794106bc60bb20f4ce63d3f519,BAD_SEED,0,b83294fe55e84b87fe892f85c0798a9ec1cb88794106bc60bb20f4ce63d3f519,train
/content/drive/MyDrive/MaizeData/prepared_images/rgb_bilinear_v1_224/f0b8bf437e11094839f5d47d83b3bd2461cf4e0cc1df54743ece1efe7d78528a_224x224.png,/content/drive/MyDrive/MaizeData/GOOD_SEED/IMG_20260706_074612.jpg,f0b8bf437e11094839f5d47d83b3bd2461cf4e0cc1df54743ece1efe7d78528a,GOOD_SEED,1,f0b8bf437e11094839f5d47d83b3bd2461cf4e0cc1df54743ece1efe7d78528a,train
/content/drive/MyDrive/MaizeData/prepared_images/rgb_bilinear_v1_224/4fd960851a4dbd9b305bb7918bcd5ec1690f348224e3a79ed1b89ae6a583541d_224x224.png,/content/drive/MyDrive/MaizeData/BAD_SEED/IMG_20260707_090632.jpg,4fd960851a4dbd9b305bb7918bcd5ec1690f348224e3a79ed1b89ae6a583541d,BAD_SEED,0,4fd960851a4dbd9b305bb7918bcd5ec1690f348224e3a79ed1b89ae6a583541d,train
/content/drive/MyDrive/MaizeData/prepared_images/rgb_bilinear_v1_224/53a077662130603ccdef261b2c764dc1c2d4c14be7a65beccc796f2233e7c002_224x224.png,/content/drive/MyDrive/MaizeData/BAD_SEED/IMG_20260709_175400.jpg,53a077662130603ccdef261b2c764dc1c2d4c14be7a65beccc796f2233e7c002,BAD_SEED,0,53a077662130603ccdef261b2c764dc1c2d4c14be7a65beccc796f2233e7c002,train
/content/drive/MyDrive/MaizeData/prepared_images/rgb_bilinear_v1_224/9176e6ef2853ed8c3a9c99410e84937ec41d091b319e5bce19e1d99ee3fbb953_224x224.png,/content/drive/MyDrive/MaizeData/GOOD_SEED/IMG_20260706_113741.jpg,9176e6ef2853ed8c3a9c99410e84937ec41d091b319e5bce19e1d99ee3fbb953,GOOD_SEED,1,9176e6ef2853ed8c3a9c99410e84937ec41d091b319e5bce19e1d99ee3fbb953,train
/content/drive/MyDrive/MaizeData/prepared_images/rgb_bilinear_v1_224/b64e39895a6c4a8b50cb8742954a2a1eac0d8bcc2c8b1d24b36cb859379f6375_224x224.png,/content/drive/MyDrive/MaizeData/BAD_SEED/IMG_20260707_090158.jpg,b64e39895a6c4a8b50cb8742954a2a1eac0d8bcc2c8b1d24b36cb859379f6375,BAD_SEED,0,b64e39895a6c4a8b50cb8742954a2a1eac0d8bcc2c8b1d24b36cb859379f6375,train
/content/drive/MyDrive/MaizeData/prepared_images/rgb_bilinear_v1_224/5770e28bbb83d8380808bdc628d013f9407d224caed9d62f1ebbb85ada350d65_224x224.png,/content/drive/MyDrive/MaizeData/BAD_SEED/IMG_20260709_094626.jpg,5770e28bbb83d8380808bdc628d013f9407d224caed9d62f1ebbb85ada350d65,BAD_SEED,0,5770e28bbb83d8380808bdc628d013f9407d224caed9d62f1ebbb85ada350d65,train
/content/drive/MyDrive/MaizeData/prepared_images/rgb_bilinear_v1_224/2645b6c549d96da936cc382ce6d3f5afa854319367c4c5a93b1f75dbda5fa95e_224x224.png,/content/drive/MyDrive/MaizeData/GOOD_SEED/IMG_20260706_103622.jpg,2645b6c549d96da936cc382ce6d3f5afa854319367c4c5a93b1f75dbda5fa95e,GOOD_SEED,1,2645b6c549d96da936cc382ce6d3f5afa854319367c4c5a93b1f75dbda5fa95e,train
/content/drive/MyDrive/MaizeData/prepared_images/rgb_bilinear_v1_224/7245332ef79c2331af04bcd0a17b9e15b222768403223286e05f33a92013606f_224x224.png,/content/drive/MyDrive/MaizeData/BAD_SEED/IMG_20260707_084259.jpg,7245332ef79c2331af04bcd0a17b9e15b222768403223286e05f33a92013606f,BAD_SEED,0,7245332ef79c2331af04bcd0a17b9e15b222768403223286e05f33a92013606f,train
/content/drive/MyDrive/MaizeData/prepared_images/rgb_bilinear_v1_224/7ff90f6d7a16171ed297cb53c98615eb10b0eb8c506004d42c760c2b006566e5_224x224.png,/content/drive/MyDrive/MaizeData/BAD_SEED/IMG_20260707_101348.jpg,7ff90f6d7a16171ed297cb53c98615eb10b0eb8c506004d42c760c2b006566e5,BAD_SEED,0,7ff90f6d7a16171ed297cb53c98615eb10b0eb8c506004d42c760c2b006566e5,train
/content/drive/MyDrive/MaizeData/prepared_images/rgb_bilinear_v1_224/a078c43d328275ea4202122b7215a8a514fbf1566c632d11a9833a3bdd2c7c47_224x224.png,/content/drive/MyDrive/MaizeData/BAD_SEED/IMG_20260707_090107.jpg,a078c43d328275ea4202122b7215a8a514fbf1566c632d11a9833a3bdd2c7c47,BAD_SEED,0,a078c43d328275ea4202122b7215a8a514fbf1566c632d11a9833a3bdd2c7c47,train
/content/drive/MyDrive/MaizeData/prepared_images/rgb_bilinear_v1_224/e3e9e4e6fd382475dcb853eb2a478d1c54ec1abc268aea6d23c0d22f593b4ffa_224x224.png,/content/drive/MyDrive/MaizeData/BAD_SEED/IMG_20260709_174007.jpg,e3e9e4e6fd382475dcb853eb2a478d1c54ec1abc268aea6d23c0d22f593b4ffa,BAD_SEED,0,e3e9e4e6fd382475dcb853eb2a478d1c54ec1abc268aea6d23c0d22f593b4ffa,train
/content/drive/MyDrive/MaizeData/prepared_images/rgb_bilinear_v1_224/34abc74167bbbca6f2b42886ff7c794d50b7a43cdeb0b60345a237177f2a57d3_224x224.png,/content/drive/MyDrive/MaizeData/GOOD_SEED/IMG_20260706_082501.jpg,34abc74167bbbca6f2b42886ff7c794d50b7a43cdeb0b60345a237177f2a57d3,GOOD_SEED,1,34abc74167bbbca6f2b42886ff7c794d50b7a43cdeb0b60345a237177f2a57d3,train
/content/drive/MyDrive/MaizeData/prepared_images/rgb_bilinear_v1_224/1eb19cde8824d64f0c77db60b0f3dd53b0d810de095c32ede6b1c3472fc5ca85_224x224.png,/content/drive/MyDrive/MaizeData/GOOD_SEED/IMG_20260706_074212.jpg,1eb19cde8824d64f0c77db60b0f3dd53b0d810de095c32ede6b1c3472fc5ca85,GOOD_SEED,1,1eb19cde8824d64f0c77db60b0f3dd53b0d810de095c32ede6b1c3472fc5ca85,train
/content/drive/MyDrive/MaizeData/prepared_images/rgb_bilinear_v1_224/cb173f04ca83a4a68861e41302947ed3ecc1f4eb1f137c30c67e9337c99fb7d9_224x224.png,/content/drive/MyDrive/MaizeData/GOOD_SEED/IMG_20260706_083630_1.jpg,cb173f04ca83a4a68861e41302947ed3ecc1f4eb1f137c30c67e9337c99fb7d9,GOOD_SEED,1,cb173f04ca83a4a68861e41302947ed3ecc1f4eb1f137c30c67e9337c99fb7d9,train
/content/drive/MyDrive/MaizeData/prepared_images/rgb_bilinear_v1_224/10905a449ff71b2ecb18f889f9fd3e58363477f8547dfef2f224d8bd8b4c9c9e_224x224.png,/content/drive/MyDrive/MaizeData/GOOD_SEED/IMG_20260706_103038_1.jpg,10905a449ff71b2ecb18f889f9fd3e58363477f8547dfef2f224d8bd8b4c9c9e,GOOD_SEED,1,10905a449ff71b2ecb18f889f9fd3e58363477f8547dfef2f224d8bd8b4c9c9e,train
/content/drive/MyDrive/MaizeData/prepared_images/rgb_bilinear_v1_224/7d86266d46b4431d7ac38eaf01446b364ed01eecd8a469564be48a711a7b5a59_224x224.png,/content/drive/MyDrive/MaizeData/GOOD_SEED/IMG_20260706_113122.jpg,7d86266d46b4431d7ac38eaf01446b364ed01eecd8a469564be48a711a7b5a59,GOOD_SEED,1,7d86266d46b4431d7ac38eaf01446b364ed01eecd8a469564be48a711a7b5a59,train
/content/drive/MyDrive/MaizeData/prepared_images/rgb_bilinear_v1_224/eded9709fb2f40c1aa6be3749ab7a156d5764842073b9723e82706e313c7adb8_224x224.png,/content/drive/MyDrive/MaizeData/NO_MAIZE/IMG_5564.jpg,eded9709fb2f40c1aa6be3749ab7a156d5764842073b9723e82706e313c7adb8,NO_MAIZE,2,eded9709fb2f40c1aa6be3749ab7a156d5764842073b9723e82706e313c7adb8,train
/content/drive/MyDrive/MaizeData/prepared_images/rgb_bilinear_v1_224/2a75c056446db52a59fbcea19ca68c1e70d750847bbe32da75fc1517f70e0271_224x224.png,/content/drive/MyDrive/MaizeData/NO_MAIZE/IMG_5536.jpg,2a75c056446db52a59fbcea19ca68c1e70d750847bbe32da75fc1517f70e0271,NO_MAIZE,2,2a75c056446db52a59fbcea19ca68c1e70d750847bbe32da75fc1517f70e0271,train
/content/drive/MyDrive/MaizeData/prepared_images/rgb_bilinear_v1_224/6206fd4490d2b5ecb3955fe0d6d6dcfb3838493065ab9d8a979f6768c8e4d4ed_224x224.png,/content/drive/MyDrive/MaizeData/GOOD_SEED/IMG_20260706_080143.jpg,6206fd4490d2b5ecb3955fe0d6d6dcfb3838493065ab9d8a979f6768c8e4d4ed,GOOD_SEED,1,6206fd4490d2b5ecb3955fe0d6d6dcfb3838493065ab9d8a979f6768c8e4d4ed,train
/content/drive/MyDrive/MaizeData/prepared_images/rgb_bilinear_v1_224/032d5e48adfb65b77ca02fc38f5dda9c0bac366e775c4e1cf3b17f7bd9ba77c4_224x224.png,/content/drive/MyDrive/MaizeData/BAD_SEED/IMG_20260707_084001_1.jpg,032d5e48adfb65b77ca02fc38f5dda9c0bac366e775c4e1cf3b17f7bd9ba77c4,BAD_SEED,0,032d5e48adfb65b77ca02fc38f5dda9c0bac366e775c4e1cf3b17f7bd9ba77c4,train
/content/drive/MyDrive/MaizeData/prepared_images/rgb_bilinear_v1_224/f868c142ca7cf950385f6d34a208ee154389b67f545e87f49049dbb8f0a7c16a_224x224.png,/content/drive/MyDrive/MaizeData/BAD_SEED/IMG_20260709_094432.jpg,f868c142ca7cf950385f6d34a208ee154389b67f545e87f49049dbb8f0a7c16a,BAD_SEED,0,f868c142ca7cf950385f6d34a208ee154389b67f545e87f49049dbb8f0a7c16a,train
/content/drive/MyDrive/MaizeData/prepared_images/rgb_bilinear_v1_224/d0c82b11bc0b7c714bd0e2a7cafcba67308dec9e3fbc096722d66698d2a1f67f_224x224.png,/content/drive/MyDrive/MaizeData/BAD_SEED/IMG_20260709_094015.jpg,d0c82b11bc0b7c714bd0e2a7cafcba67308dec9e3fbc096722d66698d2a1f67f,BAD_SEED,0,d0c82b11bc0b7c714bd0e2a7cafcba67308dec9e3fbc096722d66698d2a1f67f,train
/content/drive/MyDrive/MaizeData/prepared_images/rgb_bilinear_v1_224/88ef58e1bf62eb00bb190750596444d0faa9700096d959d4a3be2862e22979a4_224x224.png,/content/drive/MyDrive/MaizeData/GOOD_SEED/IMG_20260706_103803.jpg,88ef58e1bf62eb00bb190750596444d0faa9700096d959d4a3be2862e22979a4,GOOD_SEED,1,88ef58e1bf62eb00bb190750596444d0faa9700096d959d4a3be2862e22979a4,train
/content/drive/MyDrive/MaizeData/prepared_images/rgb_bilinear_v1_224/c47654e8157565a357a647f184b92d47f2f359ab1bbb5e1bd946ee9eed077c27_224x224.png,/content/drive/MyDrive/MaizeData/BAD_SEED/IMG_20260709_175232.jpg,c47654e8157565a357a647f184b92d47f2f359ab1bbb5e1bd946ee9eed077c27,BAD_SEED,0,c47654e8157565a357a647f184b92d47f2f359ab1bbb5e1bd946ee9eed077c27,train
/content/drive/MyDrive/MaizeData/prepared_images/rgb_bilinear_v1_224/05d1dd82649b125b9687eb06f7146a4addd3f5b5b74d990b1069c9cc63df1875_224x224.png,/content/drive/MyDrive/MaizeData/GOOD_SEED/IMG_20260706_101352.jpg,05d1dd82649b125b9687eb06f7146a4addd3f5b5b74d990b1069c9cc63df1875,GOOD_SEED,1,05d1dd82649b125b9687eb06f7146a4addd3f5b5b74d990b1069c9cc63df1875,train
/content/drive/MyDrive/MaizeData/prepared_images/rgb_bilinear_v1_224/d37009479fd7aebf92671762eb65f213eff8c6add6bc491bf8dec6356dcc31e6_224x224.png,/content/drive/MyDrive/MaizeData/BAD_SEED/IMG_20260707_102209.jpg,d37009479fd7aebf92671762eb65f213eff8c6add6bc491bf8dec6356dcc31e6,BAD_SEED,0,d37009479fd7aebf92671762eb65f213eff8c6add6bc491bf8dec6356dcc31e6,train
/content/drive/MyDrive/MaizeData/prepared_images/rgb_bilinear_v1_224/d55e6320d90a08c6f85d4d7233fcaeca135883843281dc68e8e5b14ff3248b96_224x224.png,/content/drive/MyDrive/MaizeData/GOOD_SEED/IMG_20260706_112249.jpg,d55e6320d90a08c6f85d4d7233fcaeca135883843281dc68e8e5b14ff3248b96,GOOD_SEED,1,d55e6320d90a08c6f85d4d7233fcaeca135883843281dc68e8e5b14ff3248b96,train
/content/drive/MyDrive/MaizeData/prepared_images/rgb_bilinear_v1_224/ef772a4b00efce7b105353d43ee11f357f0bff7d4124706c60234cf71546da5c_224x224.png,/content/drive/MyDrive/MaizeData/GOOD_SEED/IMG_20260706_100938.jpg,ef772a4b00efce7b105353d43ee11f357f0bff7d4124706c60234cf71546da5c,GOOD_SEED,1,ef772a4b00efce7b105353d43ee11f357f0bff7d4124706c60234cf71546da5c,train
/content/drive/MyDrive/MaizeData/prepared_images/rgb_bilinear_v1_224/85fc10104f1d4966615ae6ebd4c670da0cd52e6527b4775178aaf7eddd07f80b_224x224.png,/content/drive/MyDrive/MaizeData/BAD_SEED/IMG_20260709_183810.jpg,85fc10104f1d4966615ae6ebd4c670da0cd52e6527b4775178aaf7eddd07f80b,BAD_SEED,0,85fc10104f1d4966615ae6ebd4c670da0cd52e6527b4775178aaf7eddd07f80b,train
/content/drive/MyDrive/MaizeData/prepared_images/rgb_bilinear_v1_224/d528952e845cc11947e01f57da3e559471a249c56170774a3b92ec45ac4a646a_224x224.png,/content/drive/MyDrive/MaizeData/GOOD_SEED/IMG_20260706_090503.jpg,d528952e845cc11947e01f57da3e559471a249c56170774a3b92ec45ac4a646a,GOOD_SEED,1,d528952e845cc11947e01f57da3e559471a249c56170774a3b92ec45ac4a646a,train
/content/drive/MyDrive/MaizeData/prepared_images/rgb_bilinear_v1_224/935dfa5d893ec240e1d4abc805a7caa4b859e9dd9ebb5f34b2cbaf495b8dee64_224x224.png,/content/drive/MyDrive/MaizeData/NO_MAIZE/IMG_5625.jpg,935dfa5d893ec240e1d4abc805a7caa4b859e9dd9ebb5f34b2cbaf495b8dee64,NO_MAIZE,2,935dfa5d893ec240e1d4abc805a7caa4b859e9dd9ebb5f34b2cbaf495b8dee64,train
/content/drive/MyDrive/MaizeData/prepared_images/rgb_bilinear_v1_224/eea18b40f336830a510532478646bf881cfd1cd8669b2f89b7b13f4a526dc86a_224x224.png,/content/drive/MyDrive/MaizeData/BAD_SEED/IMG_20260709_174106.jpg,eea18b40f336830a510532478646bf881cfd1cd8669b2f89b7b13f4a526dc86a,BAD_SEED,0,eea18b40f336830a510532478646bf881cfd1cd8669b2f89b7b13f4a526dc86a,train
/content/drive/MyDrive/MaizeData/prepared_images/rgb_bilinear_v1_224/e583bcfc1e175039ba0db4cc0359d933ce1cfe3ccde0220c04ffa66580f864bd_224x224.png,/content/drive/MyDrive/MaizeData/GOOD_SEED/IMG_20260706_075609.jpg,e583bcfc1e175039ba0db4cc0359d933ce1cfe3ccde0220c04ffa66580f864bd,GOOD_SEED,1,e583bcfc1e175039ba0db4cc0359d933ce1cfe3ccde0220c04ffa66580f864bd,train
/content/drive/MyDrive/MaizeData/prepared_images/rgb_bilinear_v1_224/fdf64402ce82b6b42bfbd88286f7acdfe663b6acdc9a02200e85e7aad75037b0_224x224.png,/content/drive/MyDrive/MaizeData/GOOD_SEED/IMG_20260706_102702.jpg,fdf64402ce82b6b42bfbd88286f7acdfe663b6acdc9a02200e85e7aad75037b0,GOOD_SEED,1,fdf64402ce82b6b42bfbd88286f7acdfe663b6acdc9a02200e85e7aad75037b0,train
/content/drive/MyDrive/MaizeData/prepared_images/rgb_bilinear_v1_224/81618176a188a17e292b79ea5e77437d2d1183f1054ffd910f68ffd90ae3241a_224x224.png,/content/drive/MyDrive/MaizeData/BAD_SEED/IMG_20260709_175606.jpg,81618176a188a17e292b79ea5e77437d2d1183f1054ffd910f68ffd90ae3241a,BAD_SEED,0,81618176a188a17e292b79ea5e77437d2d1183f1054ffd910f68ffd90ae3241a,train
/content/drive/MyDrive/MaizeData/prepared_images/rgb_bilinear_v1_224/5c0f8327d225cf213c9026f1105645170d84a2187c2028afe82dc657d3ee6e5a_224x224.png,/content/drive/MyDrive/MaizeData/GOOD_SEED/IMG_20260706_074324_1.jpg,5c0f8327d225cf213c9026f1105645170d84a2187c2028afe82dc657d3ee6e5a,GOOD_SEED,1,5c0f8327d225cf213c9026f1105645170d84a2187c2028afe82dc657d3ee6e5a,train
/content/drive/MyDrive/MaizeData/prepared_images/rgb_bilinear_v1_224/a63ba25d9129710a1434220e8e78b92b667775d92490b22ad5b4d74eec87c1ba_224x224.png,/content/drive/MyDrive/MaizeData/GOOD_SEED/IMG_20260706_112432.jpg,a63ba25d9129710a1434220e8e78b92b667775d92490b22ad5b4d74eec87c1ba,GOOD_SEED,1,a63ba25d9129710a1434220e8e78b92b667775d92490b22ad5b4d74eec87c1ba,train
/content/drive/MyDrive/MaizeData/prepared_images/rgb_bilinear_v1_224/6b4c11ccb55358cba5d680e5146db84226579d251a9ff17439e2a2a876c2f916_224x224.png,/content/drive/MyDrive/MaizeData/GOOD_SEED/IMG_20260706_082127.jpg,6b4c11ccb55358cba5d680e5146db84226579d251a9ff17439e2a2a876c2f916,GOOD_SEED,1,6b4c11ccb55358cba5d680e5146db84226579d251a9ff17439e2a2a876c2f916,train
/content/drive/MyDrive/MaizeData/prepared_images/rgb_bilinear_v1_224/13dc9c11ff8343d958eaa3891619c1ba8b8fac834efc8bac0be49530263d60b5_224x224.png,/content/drive/MyDrive/MaizeData/GOOD_SEED/IMG_20260706_075133.jpg,13dc9c11ff8343d958eaa3891619c1ba8b8fac834efc8bac0be49530263d60b5,GOOD_SEED,1,13dc9c11ff8343d958eaa3891619c1ba8b8fac834efc8bac0be49530263d60b5,train
/content/drive/MyDrive/MaizeData/prepared_images/rgb_bilinear_v1_224/4a6f7f68a13b19d031b4c58af6259f5cbe4c29fca46a12a3a8e05dfb3b43abcb_224x224.png,/content/drive/MyDrive/MaizeData/BAD_SEED/IMG_20260709_183113.jpg,4a6f7f68a13b19d031b4c58af6259f5cbe4c29fca46a12a3a8e05dfb3b43abcb,BAD_SEED,0,4a6f7f68a13b19d031b4c58af6259f5cbe4c29fca46a12a3a8e05dfb3b43abcb,train
/content/drive/MyDrive/MaizeData/prepared_images/rgb_bilinear_v1_224/2e8ea2743ec996ff2d975f69df2881bc55f09951db041390b6a40f8ac4b0d021_224x224.png,/content/drive/MyDrive/MaizeData/GOOD_SEED/IMG_20260706_091034.jpg,2e8ea2743ec996ff2d975f69df2881bc55f09951db041390b6a40f8ac4b0d021,GOOD_SEED,1,2e8ea2743ec996ff2d975f69df2881bc55f09951db041390b6a40f8ac4b0d021,train
/content/drive/MyDrive/MaizeData/prepared_images/rgb_bilinear_v1_224/5c6873742c448e9a70a13c62ef1b56d65d6cf027e6a26f9c13046cf77413408d_224x224.png,/content/drive/MyDrive/MaizeData/BAD_SEED/IMG_20260709_175815.jpg,5c6873742c448e9a70a13c62ef1b56d65d6cf027e6a26f9c13046cf77413408d,BAD_SEED,0,5c6873742c448e9a70a13c62ef1b56d65d6cf027e6a26f9c13046cf77413408d,train
/content/drive/MyDrive/MaizeData/prepared_images/rgb_bilinear_v1_224/3969d7dbcae10c679e93406b93dfefaa5dff3b31c35787ed609be5f36312cfc8_224x224.png,/content/drive/MyDrive/MaizeData/GOOD_SEED/IMG_20260706_073147.jpg,3969d7dbcae10c679e93406b93dfefaa5dff3b31c35787ed609be5f36312cfc8,GOOD_SEED,1,3969d7dbcae10c679e93406b93dfefaa5dff3b31c35787ed609be5f36312cfc8,train
/content/drive/MyDrive/MaizeData/prepared_images/rgb_bilinear_v1_224/22a96f3c182751eed8ef13a52b0521cbd050c72a885be7f3814b9658dc849fd6_224x224.png,/content/drive/MyDrive/MaizeData/BAD_SEED/IMG_20260707_091637.jpg,22a96f3c182751eed8ef13a52b0521cbd050c72a885be7f3814b9658dc849fd6,BAD_SEED,0,22a96f3c182751eed8ef13a52b0521cbd050c72a885be7f3814b9658dc849fd6,train
/content/drive/MyDrive/MaizeData/prepared_images/rgb_bilinear_v1_224/d58c113ce96dfbcdf17069b3818541645e6158976e207c42582fda931bd395ec_224x224.png,/content/drive/MyDrive/MaizeData/GOOD_SEED/IMG_20260706_073725_1.jpg,d58c113ce96dfbcdf17069b3818541645e6158976e207c42582fda931bd395ec,GOOD_SEED,1,d58c113ce96dfbcdf17069b3818541645e6158976e207c42582fda931bd395ec,train
/content/drive/MyDrive/MaizeData/prepared_images/rgb_bilinear_v1_224/d5650221760065c20923f5af3dd3d53730d1e29fc2b9df0d2ec0eee7df3a6574_224x224.png,/content/drive/MyDrive/MaizeData/GOOD_SEED/IMG_20260706_095410.jpg,d5650221760065c20923f5af3dd3d53730d1e29fc2b9df0d2ec0eee7df3a6574,GOOD_SEED,1,d5650221760065c20923f5af3dd3d53730d1e29fc2b9df0d2ec0eee7df3a6574,train
/content/drive/MyDrive/MaizeData/prepared_images/rgb_bilinear_v1_224/52752a9f69c41a3bcdc8854abc74dc9a1979893f40d5a24880fefe460e7f4885_224x224.png,/content/drive/MyDrive/MaizeData/NO_MAIZE/IMG_5602.jpg,52752a9f69c41a3bcdc8854abc74dc9a1979893f40d5a24880fefe460e7f4885,NO_MAIZE,2,52752a9f69c41a3bcdc8854abc74dc9a1979893f40d5a24880fefe460e7f4885,train
/content/drive/MyDrive/MaizeData/prepared_images/rgb_bilinear_v1_224/1f7ad8d9ee1e536cdb99fd471e54363d3c4b2e86be1ba7e3e621e789d2cbb888_224x224.png,/content/drive/MyDrive/MaizeData/BAD_SEED/IMG_20260709_184407.jpg,1f7ad8d9ee1e536cdb99fd471e54363d3c4b2e86be1ba7e3e621e789d2cbb888,BAD_SEED,0,1f7ad8d9ee1e536cdb99fd471e54363d3c4b2e86be1ba7e3e621e789d2cbb888,train
/content/drive/MyDrive/MaizeData/prepared_images/rgb_bilinear_v1_224/d4b5b8210e8b878948146bb7f1f0a03b7cd2e0414be301df98a59b58b54f358a_224x224.png,/content/drive/MyDrive/MaizeData/GOOD_SEED/IMG_20260706_085429.jpg,d4b5b8210e8b878948146bb7f1f0a03b7cd2e0414be301df98a59b58b54f358a,GOOD_SEED,1,d4b5b8210e8b878948146bb7f1f0a03b7cd2e0414be301df98a59b58b54f358a,train
/content/drive/MyDrive/MaizeData/prepared_images/rgb_bilinear_v1_224/864ffdf33c9aebb6e9f67e1e956959c62f1eb3696ca70d75adfbb63220a68846_224x224.png,/content/drive/MyDrive/MaizeData/GOOD_SEED/IMG_20260706_102348.jpg,864ffdf33c9aebb6e9f67e1e956959c62f1eb3696ca70d75adfbb63220a68846,GOOD_SEED,1,864ffdf33c9aebb6e9f67e1e956959c62f1eb3696ca70d75adfbb63220a68846,train
/content/drive/MyDrive/MaizeData/prepared_images/rgb_bilinear_v1_224/9ec214ab167df9614bd1025d466f17e2b4924ceb1dc2adddb7adb12b508d41bc_224x224.png,/content/drive/MyDrive/MaizeData/BAD_SEED/IMG_20260707_093843.jpg,9ec214ab167df9614bd1025d466f17e2b4924ceb1dc2adddb7adb12b508d41bc,BAD_SEED,0,9ec214ab167df9614bd1025d466f17e2b4924ceb1dc2adddb7adb12b508d41bc,train
/content/drive/MyDrive/MaizeData/prepared_images/rgb_bilinear_v1_224/9e24026b1bf8ee7993c72a32a84ec3e1be0ed62aa5a938d42af80af7371b37e0_224x224.png,/content/drive/MyDrive/MaizeData/GOOD_SEED/IMG_20260706_083929_1.jpg,9e24026b1bf8ee7993c72a32a84ec3e1be0ed62aa5a938d42af80af7371b37e0,GOOD_SEED,1,9e24026b1bf8ee7993c72a32a84ec3e1be0ed62aa5a938d42af80af7371b37e0,train
/content/drive/MyDrive/MaizeData/prepared_images/rgb_bilinear_v1_224/2e68081bb623f0849c811d41719fcd531f7356e845fa280e074ec0783f8d4be2_224x224.png,/content/drive/MyDrive/MaizeData/BAD_SEED/IMG_20260709_174919.jpg,2e68081bb623f0849c811d41719fcd531f7356e845fa280e074ec0783f8d4be2,BAD_SEED,0,2e68081bb623f0849c811d41719fcd531f7356e845fa280e074ec0783f8d4be2,train
/content/drive/MyDrive/MaizeData/prepared_images/rgb_bilinear_v1_224/24902afc4e5a00e76f9d4124840e2593a77dec52a13b8c35b009a29373ff0fd1_224x224.png,/content/drive/MyDrive/MaizeData/NO_MAIZE/IMG_5544.jpg,24902afc4e5a00e76f9d4124840e2593a77dec52a13b8c35b009a29373ff0fd1,NO_MAIZE,2,24902afc4e5a00e76f9d4124840e2593a77dec52a13b8c35b009a29373ff0fd1,train
/content/drive/MyDrive/MaizeData/prepared_images/rgb_bilinear_v1_224/e21dc1363709c575e57d2151b529f5f107a4600467bce7152fe8956a73c75611_224x224.png,/content/drive/MyDrive/MaizeData/GOOD_SEED/IMG_20260706_102304.jpg,e21dc1363709c575e57d2151b529f5f107a4600467bce7152fe8956a73c75611,GOOD_SEED,1,e21dc1363709c575e57d2151b529f5f107a4600467bce7152fe8956a73c75611,train
/content/drive/MyDrive/MaizeData/prepared_images/rgb_bilinear_v1_224/b5840953b3c506a193e9dae6ae7a76f886b9a7a61ea9cb42ac70d568835addeb_224x224.png,/content/drive/MyDrive/MaizeData/GOOD_SEED/IMG_20260706_112640.jpg,b5840953b3c506a193e9dae6ae7a76f886b9a7a61ea9cb42ac70d568835addeb,GOOD_SEED,1,b5840953b3c506a193e9dae6ae7a76f886b9a7a61ea9cb42ac70d568835addeb,train
/content/drive/MyDrive/MaizeData/prepared_images/rgb_bilinear_v1_224/350bb4fc4cef8b5bf10e2db49a8491056fd7a903ebbaf42b950b74635b86a881_224x224.png,/content/drive/MyDrive/MaizeData/GOOD_SEED/IMG_20260706_051534.jpg,350bb4fc4cef8b5bf10e2db49a8491056fd7a903ebbaf42b950b74635b86a881,GOOD_SEED,1,350bb4fc4cef8b5bf10e2db49a8491056fd7a903ebbaf42b950b74635b86a881,train
/content/drive/MyDrive/MaizeData/prepared_images/rgb_bilinear_v1_224/23e1c6890546051ee5509f3f592b13ddc3515eee450b7d9ade2d1d2977aca0f3_224x224.png,/content/drive/MyDrive/MaizeData/GOOD_SEED/IMG_20260706_112213.jpg,23e1c6890546051ee5509f3f592b13ddc3515eee450b7d9ade2d1d2977aca0f3,GOOD_SEED,1,23e1c6890546051ee5509f3f592b13ddc3515eee450b7d9ade2d1d2977aca0f3,train
/content/drive/MyDrive/MaizeData/prepared_images/rgb_bilinear_v1_224/06792a85ab9d4aefdbe962ddffeeb4ca5cd97c48a68749ff8d8a96bf48925e4a_224x224.png,/content/drive/MyDrive/MaizeData/NO_MAIZE/IMG_5530.jpg,06792a85ab9d4aefdbe962ddffeeb4ca5cd97c48a68749ff8d8a96bf48925e4a,NO_MAIZE,2,06792a85ab9d4aefdbe962ddffeeb4ca5cd97c48a68749ff8d8a96bf48925e4a,train
/content/drive/MyDrive/MaizeData/prepared_images/rgb_bilinear_v1_224/3c83d8bae3c43530c8700b17f95e831ccc6d2ce96f1955f1ba4e9f9d95c90820_224x224.png,/content/drive/MyDrive/MaizeData/BAD_SEED/IMG_20260707_100439.jpg,3c83d8bae3c43530c8700b17f95e831ccc6d2ce96f1955f1ba4e9f9d95c90820,BAD_SEED,0,3c83d8bae3c43530c8700b17f95e831ccc6d2ce96f1955f1ba4e9f9d95c90820,train
/content/drive/MyDrive/MaizeData/prepared_images/rgb_bilinear_v1_224/d2fa00db8a167cac0981fed3abc3da5f447236b337c248018891616bfe7fd024_224x224.png,/content/drive/MyDrive/MaizeData/GOOD_SEED/IMG_20260706_084302_1.jpg,d2fa00db8a167cac0981fed3abc3da5f447236b337c248018891616bfe7fd024,GOOD_SEED,1,d2fa00db8a167cac0981fed3abc3da5f447236b337c248018891616bfe7fd024,train
/content/drive/MyDrive/MaizeData/prepared_images/rgb_bilinear_v1_224/ac65f30c4380d3522afbe9b3de1f262f93c1f15ef54b1656ef0ce9f02d06dec7_224x224.png,/content/drive/MyDrive/MaizeData/BAD_SEED/IMG_20260709_090827.jpg,ac65f30c4380d3522afbe9b3de1f262f93c1f15ef54b1656ef0ce9f02d06dec7,BAD_SEED,0,ac65f30c4380d3522afbe9b3de1f262f93c1f15ef54b1656ef0ce9f02d06dec7,train
/content/drive/MyDrive/MaizeData/prepared_images/rgb_bilinear_v1_224/73fa201cb953f777306882b229918f45d17d4f78fae47b2b6f0e35da36e8b663_224x224.png,/content/drive/MyDrive/MaizeData/GOOD_SEED/IMG_20260706_103015.jpg,73fa201cb953f777306882b229918f45d17d4f78fae47b2b6f0e35da36e8b663,GOOD_SEED,1,73fa201cb953f777306882b229918f45d17d4f78fae47b2b6f0e35da36e8b663,train
/content/drive/MyDrive/MaizeData/prepared_images/rgb_bilinear_v1_224/21b28b9ea69e736f012c25eb1b84bc060fab4c622edb94a264646a31d7e8fcc9_224x224.png,/content/drive/MyDrive/MaizeData/BAD_SEED/IMG_20260707_100428.jpg,21b28b9ea69e736f012c25eb1b84bc060fab4c622edb94a264646a31d7e8fcc9,BAD_SEED,0,21b28b9ea69e736f012c25eb1b84bc060fab4c622edb94a264646a31d7e8fcc9,train
/content/drive/MyDrive/MaizeData/prepared_images/rgb_bilinear_v1_224/9a707ce2d662fdd03877161b8cf4f84c8e9d8ce70fec9907fb26ffcbee87dfd3_224x224.png,/content/drive/MyDrive/MaizeData/BAD_SEED/IMG_20260707_095320.jpg,9a707ce2d662fdd03877161b8cf4f84c8e9d8ce70fec9907fb26ffcbee87dfd3,BAD_SEED,0,9a707ce2d662fdd03877161b8cf4f84c8e9d8ce70fec9907fb26ffcbee87dfd3,train
/content/drive/MyDrive/MaizeData/prepared_images/rgb_bilinear_v1_224/a9a8d33248ba06da9d042d3f77f112bfede88773b1b7405d718d947931dc7733_224x224.png,/content/drive/MyDrive/MaizeData/NO_MAIZE/IMG_5609.jpg,a9a8d33248ba06da9d042d3f77f112bfede88773b1b7405d718d947931dc7733,NO_MAIZE,2,a9a8d33248ba06da9d042d3f77f112bfede88773b1b7405d718d947931dc7733,train
/content/drive/MyDrive/MaizeData/prepared_images/rgb_bilinear_v1_224/b473c12cec951a1bdf932862a7bfdc7a6571161ae98317d1afdc9854e0d73733_224x224.png,/content/drive/MyDrive/MaizeData/BAD_SEED/IMG_20260707_102140.jpg,b473c12cec951a1bdf932862a7bfdc7a6571161ae98317d1afdc9854e0d73733,BAD_SEED,0,b473c12cec951a1bdf932862a7bfdc7a6571161ae98317d1afdc9854e0d73733,train
/content/drive/MyDrive/MaizeData/prepared_images/rgb_bilinear_v1_224/cc262d9a244ac35dd2de2e8eb18f99bc7976009992eed5238f5e730c6ea1d6ec_224x224.png,/content/drive/MyDrive/MaizeData/BAD_SEED/IMG_20260709_095240.jpg,cc262d9a244ac35dd2de2e8eb18f99bc7976009992eed5238f5e730c6ea1d6ec,BAD_SEED,0,cc262d9a244ac35dd2de2e8eb18f99bc7976009992eed5238f5e730c6ea1d6ec,train
/content/drive/MyDrive/MaizeData/prepared_images/rgb_bilinear_v1_224/bf1770d70ec6e17ba8c991d9f25d22421475dabdbe591d104322f5f083274509_224x224.png,/content/drive/MyDrive/MaizeData/BAD_SEED/IMG_20260709_174838.jpg,bf1770d70ec6e17ba8c991d9f25d22421475dabdbe591d104322f5f083274509,BAD_SEED,0,bf1770d70ec6e17ba8c991d9f25d22421475dabdbe591d104322f5f083274509,train
/content/drive/MyDrive/MaizeData/prepared_images/rgb_bilinear_v1_224/b134eb66be92ca3e6fbc92f372ff0f4980a35ad4516a0eb09276c8b34c158ba3_224x224.png,/content/drive/MyDrive/MaizeData/GOOD_SEED/IMG_20260706_095958.jpg,b134eb66be92ca3e6fbc92f372ff0f4980a35ad4516a0eb09276c8b34c158ba3,GOOD_SEED,1,b134eb66be92ca3e6fbc92f372ff0f4980a35ad4516a0eb09276c8b34c158ba3,train
/content/drive/MyDrive/MaizeData/prepared_images/rgb_bilinear_v1_224/a1e31f9af6dde837e554d7d9cb2fa4707aed9b651e8a96045879980490b23cbb_224x224.png,/content/drive/MyDrive/MaizeData/BAD_SEED/IMG_20260709_093818.jpg,a1e31f9af6dde837e554d7d9cb2fa4707aed9b651e8a96045879980490b23cbb,BAD_SEED,0,a1e31f9af6dde837e554d7d9cb2fa4707aed9b651e8a96045879980490b23cbb,train
/content/drive/MyDrive/MaizeData/prepared_images/rgb_bilinear_v1_224/271600c9571068b3a39fc6fcf4e7cad06efaa5f66f6198589cb5ede90c0c4e79_224x224.png,/content/drive/MyDrive/MaizeData/BAD_SEED/IMG_20260707_084141.jpg,271600c9571068b3a39fc6fcf4e7cad06efaa5f66f6198589cb5ede90c0c4e79,BAD_SEED,0,271600c9571068b3a39fc6fcf4e7cad06efaa5f66f6198589cb5ede90c0c4e79,train
/content/drive/MyDrive/MaizeData/prepared_images/rgb_bilinear_v1_224/108ec5e04a1006ebca6b6aa20b74809ee451ae2551832c2e55dd1abf8a64b0e2_224x224.png,/content/drive/MyDrive/MaizeData/GOOD_SEED/IMG_20260706_100900.jpg,108ec5e04a1006ebca6b6aa20b74809ee451ae2551832c2e55dd1abf8a64b0e2,GOOD_SEED,1,108ec5e04a1006ebca6b6aa20b74809ee451ae2551832c2e55dd1abf8a64b0e2,train
/content/drive/MyDrive/MaizeData/prepared_images/rgb_bilinear_v1_224/de0af50f001545c1cf0c850adf8ebe923156298f5fa3080d2e0da0bedf79443b_224x224.png,/content/drive/MyDrive/MaizeData/BAD_SEED/IMG_20260709_183512.jpg,de0af50f001545c1cf0c850adf8ebe923156298f5fa3080d2e0da0bedf79443b,BAD_SEED,0,de0af50f001545c1cf0c850adf8ebe923156298f5fa3080d2e0da0bedf79443b,train
/content/drive/MyDrive/MaizeData/prepared_images/rgb_bilinear_v1_224/fe01664f3e57a3e158b9a8e37acf636f76c594232f9e93a9f53f0f76833d4810_224x224.png,/content/drive/MyDrive/MaizeData/NO_MAIZE/IMG_5568.jpg,fe01664f3e57a3e158b9a8e37acf636f76c594232f9e93a9f53f0f76833d4810,NO_MAIZE,2,fe01664f3e57a3e158b9a8e37acf636f76c594232f9e93a9f53f0f76833d4810,train
/content/drive/MyDrive/MaizeData/prepared_images/rgb_bilinear_v1_224/118719ceb3bacdabc0b3fe30325efe0c37cb86c3a8bf376cf9083a9fbdf90afe_224x224.png,/content/drive/MyDrive/MaizeData/BAD_SEED/IMG_20260707_093016.jpg,118719ceb3bacdabc0b3fe30325efe0c37cb86c3a8bf376cf9083a9fbdf90afe,BAD_SEED,0,118719ceb3bacdabc0b3fe30325efe0c37cb86c3a8bf376cf9083a9fbdf90afe,train
/content/drive/MyDrive/MaizeData/prepared_images/rgb_bilinear_v1_224/5ab523f0f97c2b6a9fe65bb88fb35a0ca564e3ff1ebcccc531c4c73608f5fab0_224x224.png,/content/drive/MyDrive/MaizeData/BAD_SEED/IMG_20260707_090032_1.jpg,5ab523f0f97c2b6a9fe65bb88fb35a0ca564e3ff1ebcccc531c4c73608f5fab0,BAD_SEED,0,5ab523f0f97c2b6a9fe65bb88fb35a0ca564e3ff1ebcccc531c4c73608f5fab0,train
/content/drive/MyDrive/MaizeData/prepared_images/rgb_bilinear_v1_224/ea69f470bb0953579245e987224a8f696c55461f77c603d259e29965bce158c1_224x224.png,/content/drive/MyDrive/MaizeData/BAD_SEED/IMG_20260709_095416_1.jpg,ea69f470bb0953579245e987224a8f696c55461f77c603d259e29965bce158c1,BAD_SEED,0,ea69f470bb0953579245e987224a8f696c55461f77c603d259e29965bce158c1,train
/content/drive/MyDrive/MaizeData/prepared_images/rgb_bilinear_v1_224/9ad7bb4980e16b55513cab8a01718963f7e27079ba64242a4b271eadec04e5bd_224x224.png,/content/drive/MyDrive/MaizeData/GOOD_SEED/IMG_20260706_084352.jpg,9ad7bb4980e16b55513cab8a01718963f7e27079ba64242a4b271eadec04e5bd,GOOD_SEED,1,9ad7bb4980e16b55513cab8a01718963f7e27079ba64242a4b271eadec04e5bd,train
/content/drive/MyDrive/MaizeData/prepared_images/rgb_bilinear_v1_224/1bd9f9bae648a2ab0a66d0814b5f5cb51924c1114a477ee1cdd8e67e9919a8a4_224x224.png,/content/drive/MyDrive/MaizeData/BAD_SEED/IMG_20260709_091811.jpg,1bd9f9bae648a2ab0a66d0814b5f5cb51924c1114a477ee1cdd8e67e9919a8a4,BAD_SEED,0,1bd9f9bae648a2ab0a66d0814b5f5cb51924c1114a477ee1cdd8e67e9919a8a4,train
/content/drive/MyDrive/MaizeData/prepared_images/rgb_bilinear_v1_224/82f689a3548317801ab8cab97230d84aaad37630ee9eaf30cb8433e8f2c30389_224x224.png,/content/drive/MyDrive/MaizeData/GOOD_SEED/IMG_20260706_112550.jpg,82f689a3548317801ab8cab97230d84aaad37630ee9eaf30cb8433e8f2c30389,GOOD_SEED,1,82f689a3548317801ab8cab97230d84aaad37630ee9eaf30cb8433e8f2c30389,train
/content/drive/MyDrive/MaizeData/prepared_images/rgb_bilinear_v1_224/1ae2362432e03c158cb1a1551266b4717394f7378d8b69313e71e869fbb72535_224x224.png,/content/drive/MyDrive/MaizeData/GOOD_SEED/IMG_20260706_091114_1.jpg,1ae2362432e03c158cb1a1551266b4717394f7378d8b69313e71e869fbb72535,GOOD_SEED,1,1ae2362432e03c158cb1a1551266b4717394f7378d8b69313e71e869fbb72535,train
/content/drive/MyDrive/MaizeData/prepared_images/rgb_bilinear_v1_224/616ccb9266cc8e096776fa4830fe6791f4424e340badf9d8bbe69192d756527e_224x224.png,/content/drive/MyDrive/MaizeData/BAD_SEED/IMG_20260709_185224.jpg,616ccb9266cc8e096776fa4830fe6791f4424e340badf9d8bbe69192d756527e,BAD_SEED,0,616ccb9266cc8e096776fa4830fe6791f4424e340badf9d8bbe69192d756527e,train
/content/drive/MyDrive/MaizeData/prepared_images/rgb_bilinear_v1_224/646e79108c3905c3d7c094e0dc864ad191ebc92598bdaa86462cc974291094ea_224x224.png,/content/drive/MyDrive/MaizeData/BAD_SEED/IMG_20260707_090116.jpg,646e79108c3905c3d7c094e0dc864ad191ebc92598bdaa86462cc974291094ea,BAD_SEED,0,646e79108c3905c3d7c094e0dc864ad191ebc92598bdaa86462cc974291094ea,train
/content/drive/MyDrive/MaizeData/prepared_images/rgb_bilinear_v1_224/ea794066b2aae9add9629d21700f40824216c08c4d740bf2c030b61ed1395ecc_224x224.png,/content/drive/MyDrive/MaizeData/BAD_SEED/IMG_20260707_085130.jpg,ea794066b2aae9add9629d21700f40824216c08c4d740bf2c030b61ed1395ecc,BAD_SEED,0,ea794066b2aae9add9629d21700f40824216c08c4d740bf2c030b61ed1395ecc,train
/content/drive/MyDrive/MaizeData/prepared_images/rgb_bilinear_v1_224/f8f7995f0c726c58cb5a754b7ce6ca6ae7d0831611a3c2fef48e8016d6036dba_224x224.png,/content/drive/MyDrive/MaizeData/GOOD_SEED/IMG_20260706_075933.jpg,f8f7995f0c726c58cb5a754b7ce6ca6ae7d0831611a3c2fef48e8016d6036dba,GOOD_SEED,1,f8f7995f0c726c58cb5a754b7ce6ca6ae7d0831611a3c2fef48e8016d6036dba,train
/content/drive/MyDrive/MaizeData/prepared_images/rgb_bilinear_v1_224/42b2e49dc60a58a4c5196500bee980c08ce622c90e554069b52c09119fa3f900_224x224.png,/content/drive/MyDrive/MaizeData/BAD_SEED/IMG_20260709_094121.jpg,42b2e49dc60a58a4c5196500bee980c08ce622c90e554069b52c09119fa3f900,BAD_SEED,0,42b2e49dc60a58a4c5196500bee980c08ce622c90e554069b52c09119fa3f900,train
/content/drive/MyDrive/MaizeData/prepared_images/rgb_bilinear_v1_224/2935792a031b97bc7c0e7593685d78f751cb603f846c0a24131a0466c25f6935_224x224.png,/content/drive/MyDrive/MaizeData/BAD_SEED/IMG_20260709_185712.jpg,2935792a031b97bc7c0e7593685d78f751cb603f846c0a24131a0466c25f6935,BAD_SEED,0,2935792a031b97bc7c0e7593685d78f751cb603f846c0a24131a0466c25f6935,train
/content/drive/MyDrive/MaizeData/prepared_images/rgb_bilinear_v1_224/a07b98d6587f82ce4f2d721dc9276f0c906adc9236f8eb2df8a1ed746b6f2408_224x224.png,/content/drive/MyDrive/MaizeData/BAD_SEED/IMG_20260709_183158.jpg,a07b98d6587f82ce4f2d721dc9276f0c906adc9236f8eb2df8a1ed746b6f2408,BAD_SEED,0,a07b98d6587f82ce4f2d721dc9276f0c906adc9236f8eb2df8a1ed746b6f2408,train
/content/drive/MyDrive/MaizeData/prepared_images/rgb_bilinear_v1_224/6fcb84241c5f2e4fdf7556f59500a5ba83927809f116224d146ff6daceb29295_224x224.png,/content/drive/MyDrive/MaizeData/BAD_SEED/IMG_20260709_180320.jpg,6fcb84241c5f2e4fdf7556f59500a5ba83927809f116224d146ff6daceb29295,BAD_SEED,0,6fcb84241c5f2e4fdf7556f59500a5ba83927809f116224d146ff6daceb29295,train
/content/drive/MyDrive/MaizeData/prepared_images/rgb_bilinear_v1_224/0af7598be2c311e394de63d1cdb6a2217154e9c8e7e0d27996d5e9b14643b8db_224x224.png,/content/drive/MyDrive/MaizeData/BAD_SEED/IMG_20260707_094344_1.jpg,0af7598be2c311e394de63d1cdb6a2217154e9c8e7e0d27996d5e9b14643b8db,BAD_SEED,0,0af7598be2c311e394de63d1cdb6a2217154e9c8e7e0d27996d5e9b14643b8db,train
/content/drive/MyDrive/MaizeData/prepared_images/rgb_bilinear_v1_224/cba48eee7308198ad0f8cef51533dbc5b4d9d9b5d90d731a6a4a9b22c802a68c_224x224.png,/content/drive/MyDrive/MaizeData/BAD_SEED/IMG_20260709_185255.jpg,cba48eee7308198ad0f8cef51533dbc5b4d9d9b5d90d731a6a4a9b22c802a68c,BAD_SEED,0,cba48eee7308198ad0f8cef51533dbc5b4d9d9b5d90d731a6a4a9b22c802a68c,train
/content/drive/MyDrive/MaizeData/prepared_images/rgb_bilinear_v1_224/750c697e0c8d8fe75ee7c2eb85415ad437565204f48d9975c1bc1f4b27548520_224x224.png,/content/drive/MyDrive/MaizeData/NO_MAIZE/IMG_5562.jpg,750c697e0c8d8fe75ee7c2eb85415ad437565204f48d9975c1bc1f4b27548520,NO_MAIZE,2,750c697e0c8d8fe75ee7c2eb85415ad437565204f48d9975c1bc1f4b27548520,train
/content/drive/MyDrive/MaizeData/prepared_images/rgb_bilinear_v1_224/122b345bec8f77e544483edde770528930ded14d58dec9ad8e436b1d417afb38_224x224.png,/content/drive/MyDrive/MaizeData/GOOD_SEED/IMG_20260706_091022.jpg,122b345bec8f77e544483edde770528930ded14d58dec9ad8e436b1d417afb38,GOOD_SEED,1,122b345bec8f77e544483edde770528930ded14d58dec9ad8e436b1d417afb38,train
/content/drive/MyDrive/MaizeData/prepared_images/rgb_bilinear_v1_224/60eeabd86ae03c817c31e944185ba9b3d72ea193ad36693d50b81215fb8dc1ec_224x224.png,/content/drive/MyDrive/MaizeData/BAD_SEED/IMG_20260707_091759.jpg,60eeabd86ae03c817c31e944185ba9b3d72ea193ad36693d50b81215fb8dc1ec,BAD_SEED,0,60eeabd86ae03c817c31e944185ba9b3d72ea193ad36693d50b81215fb8dc1ec,train
/content/drive/MyDrive/MaizeData/prepared_images/rgb_bilinear_v1_224/7cd1f50e4252f269120af5679b6d8961e0ef606ab8e67794eb96f369ecafa300_224x224.png,/content/drive/MyDrive/MaizeData/BAD_SEED/IMG_20260709_183012_1.jpg,7cd1f50e4252f269120af5679b6d8961e0ef606ab8e67794eb96f369ecafa300,BAD_SEED,0,7cd1f50e4252f269120af5679b6d8961e0ef606ab8e67794eb96f369ecafa300,train
/content/drive/MyDrive/MaizeData/prepared_images/rgb_bilinear_v1_224/ce809c78c672eb45a7da27b7f2c20feefa7ee028ac7a08305b300f390415003f_224x224.png,/content/drive/MyDrive/MaizeData/NO_MAIZE/IMG_5541.jpg,ce809c78c672eb45a7da27b7f2c20feefa7ee028ac7a08305b300f390415003f,NO_MAIZE,2,ce809c78c672eb45a7da27b7f2c20feefa7ee028ac7a08305b300f390415003f,train
/content/drive/MyDrive/MaizeData/prepared_images/rgb_bilinear_v1_224/0de615e9154da14ba2f10ad308d65481481a0f57c944de437523ab8019a5b579_224x224.png,/content/drive/MyDrive/MaizeData/BAD_SEED/IMG_20260707_091328.jpg,0de615e9154da14ba2f10ad308d65481481a0f57c944de437523ab8019a5b579,BAD_SEED,0,0de615e9154da14ba2f10ad308d65481481a0f57c944de437523ab8019a5b579,train
/content/drive/MyDrive/MaizeData/prepared_images/rgb_bilinear_v1_224/54e279977545673766829cf9214bf42bc1a8edcd290566fdf1090d2e86420f13_224x224.png,/content/drive/MyDrive/MaizeData/BAD_SEED/IMG_20260707_100401_1.jpg,54e279977545673766829cf9214bf42bc1a8edcd290566fdf1090d2e86420f13,BAD_SEED,0,54e279977545673766829cf9214bf42bc1a8edcd290566fdf1090d2e86420f13,train
/content/drive/MyDrive/MaizeData/prepared_images/rgb_bilinear_v1_224/f15ede35ef9739c70a6b94cdb158f54a4f4155cc6d645e470b0e328af51da08d_224x224.png,/content/drive/MyDrive/MaizeData/BAD_SEED/IMG_20260709_092734.jpg,f15ede35ef9739c70a6b94cdb158f54a4f4155cc6d645e470b0e328af51da08d,BAD_SEED,0,f15ede35ef9739c70a6b94cdb158f54a4f4155cc6d645e470b0e328af51da08d,train
/content/drive/MyDrive/MaizeData/prepared_images/rgb_bilinear_v1_224/70c2ac1bb01b8848ebca8d4991b8cf0fe84edd51c4881de34670e41c52f8a41a_224x224.png,/content/drive/MyDrive/MaizeData/BAD_SEED/IMG_20260709_093916_1.jpg,70c2ac1bb01b8848ebca8d4991b8cf0fe84edd51c4881de34670e41c52f8a41a,BAD_SEED,0,70c2ac1bb01b8848ebca8d4991b8cf0fe84edd51c4881de34670e41c52f8a41a,train
/content/drive/MyDrive/MaizeData/prepared_images/rgb_bilinear_v1_224/f4bfedb8b59504beca85f18675b8169964a8db93823feb8aea7b736b93174caf_224x224.png,/content/drive/MyDrive/MaizeData/BAD_SEED/IMG_20260709_091016.jpg,f4bfedb8b59504beca85f18675b8169964a8db93823feb8aea7b736b93174caf,BAD_SEED,0,f4bfedb8b59504beca85f18675b8169964a8db93823feb8aea7b736b93174caf,train
/content/drive/MyDrive/MaizeData/prepared_images/rgb_bilinear_v1_224/029a2f7a7a507c35575c64fcc6c567866b96959100ce5be11417f61e53722684_224x224.png,/content/drive/MyDrive/MaizeData/BAD_SEED/IMG_20260709_093646.jpg,029a2f7a7a507c35575c64fcc6c567866b96959100ce5be11417f61e53722684,BAD_SEED,0,029a2f7a7a507c35575c64fcc6c567866b96959100ce5be11417f61e53722684,train
/content/drive/MyDrive/MaizeData/prepared_images/rgb_bilinear_v1_224/c724f4ea04bbd10627da087eb3a121193868f3065e72e0a994d5e831d49edc7b_224x224.png,/content/drive/MyDrive/MaizeData/BAD_SEED/IMG_20260709_174736.jpg,c724f4ea04bbd10627da087eb3a121193868f3065e72e0a994d5e831d49edc7b,BAD_SEED,0,c724f4ea04bbd10627da087eb3a121193868f3065e72e0a994d5e831d49edc7b,train
/content/drive/MyDrive/MaizeData/prepared_images/rgb_bilinear_v1_224/15c5715cfa8eb77098672269c8668adc44c62d832b28366a0029ea6f1882fcc0_224x224.png,/content/drive/MyDrive/MaizeData/BAD_SEED/IMG_20260709_094636.jpg,15c5715cfa8eb77098672269c8668adc44c62d832b28366a0029ea6f1882fcc0,BAD_SEED,0,15c5715cfa8eb77098672269c8668adc44c62d832b28366a0029ea6f1882fcc0,train
/content/drive/MyDrive/MaizeData/prepared_images/rgb_bilinear_v1_224/a361e2084934fd9049de0d1c3ab03618e69d48bcf8a59e883e2dba7d52a8ccda_224x224.png,/content/drive/MyDrive/MaizeData/GOOD_SEED/IMG_20260706_081320.jpg,a361e2084934fd9049de0d1c3ab03618e69d48bcf8a59e883e2dba7d52a8ccda,GOOD_SEED,1,a361e2084934fd9049de0d1c3ab03618e69d48bcf8a59e883e2dba7d52a8ccda,train
/content/drive/MyDrive/MaizeData/prepared_images/rgb_bilinear_v1_224/2ce95ab24e57bb71457526bf8d9e4cbf5daf5e0f1aa9ca8c00e0c8dfa30bf1a3_224x224.png,/content/drive/MyDrive/MaizeData/GOOD_SEED/IMG_20260706_075557_1.jpg,2ce95ab24e57bb71457526bf8d9e4cbf5daf5e0f1aa9ca8c00e0c8dfa30bf1a3,GOOD_SEED,1,2ce95ab24e57bb71457526bf8d9e4cbf5daf5e0f1aa9ca8c00e0c8dfa30bf1a3,train
/content/drive/MyDrive/MaizeData/prepared_images/rgb_bilinear_v1_224/b0e09b720b8d9ebab0870b2121b78b876ec5c3cd7d0fc57f108e61c930ee4697_224x224.png,/content/drive/MyDrive/MaizeData/NO_MAIZE/IMG_5603.jpg,b0e09b720b8d9ebab0870b2121b78b876ec5c3cd7d0fc57f108e61c930ee4697,NO_MAIZE,2,b0e09b720b8d9ebab0870b2121b78b876ec5c3cd7d0fc57f108e61c930ee4697,train
/content/drive/MyDrive/MaizeData/prepared_images/rgb_bilinear_v1_224/ade6ca63138fd6d2806ff5338afa3e281994f659fd8256c8ed357773791a2cda_224x224.png,/content/drive/MyDrive/MaizeData/GOOD_SEED/IMG_20260706_101107.jpg,ade6ca63138fd6d2806ff5338afa3e281994f659fd8256c8ed357773791a2cda,GOOD_SEED,1,ade6ca63138fd6d2806ff5338afa3e281994f659fd8256c8ed357773791a2cda,train
/content/drive/MyDrive/MaizeData/prepared_images/rgb_bilinear_v1_224/f1f1fce0619aa1fcf9a95242fa60f3e8e58a5daf8203fe33e68de079e7224051_224x224.png,/content/drive/MyDrive/MaizeData/GOOD_SEED/IMG_20260706_072640.jpg,f1f1fce0619aa1fcf9a95242fa60f3e8e58a5daf8203fe33e68de079e7224051,GOOD_SEED,1,f1f1fce0619aa1fcf9a95242fa60f3e8e58a5daf8203fe33e68de079e7224051,train
/content/drive/MyDrive/MaizeData/prepared_images/rgb_bilinear_v1_224/980c871f6c4992d06095ef38af32b19859ecda4c13fc17dedd9b5804c53a2090_224x224.png,/content/drive/MyDrive/MaizeData/GOOD_SEED/IMG_20260706_113512.jpg,980c871f6c4992d06095ef38af32b19859ecda4c13fc17dedd9b5804c53a2090,GOOD_SEED,1,980c871f6c4992d06095ef38af32b19859ecda4c13fc17dedd9b5804c53a2090,train
/content/drive/MyDrive/MaizeData/prepared_images/rgb_bilinear_v1_224/ae0702bdecc6feb7565976f3bf48f7daf4219fd763e38f2c5568c9c0bcf590b4_224x224.png,/content/drive/MyDrive/MaizeData/BAD_SEED/IMG_20260707_084757.jpg,ae0702bdecc6feb7565976f3bf48f7daf4219fd763e38f2c5568c9c0bcf590b4,BAD_SEED,0,ae0702bdecc6feb7565976f3bf48f7daf4219fd763e38f2c5568c9c0bcf590b4,train
/content/drive/MyDrive/MaizeData/prepared_images/rgb_bilinear_v1_224/8c093efe27332954023626e37865e8579560c12705dc90192cae364a00de64ab_224x224.png,/content/drive/MyDrive/MaizeData/BAD_SEED/IMG_20260709_093724.jpg,8c093efe27332954023626e37865e8579560c12705dc90192cae364a00de64ab,BAD_SEED,0,8c093efe27332954023626e37865e8579560c12705dc90192cae364a00de64ab,train
/content/drive/MyDrive/MaizeData/prepared_images/rgb_bilinear_v1_224/dcb4e5fa78099076b00bb00f422e971bb3853a659925cf961b43a0133526924b_224x224.png,/content/drive/MyDrive/MaizeData/BAD_SEED/IMG_20260709_174425.jpg,dcb4e5fa78099076b00bb00f422e971bb3853a659925cf961b43a0133526924b,BAD_SEED,0,dcb4e5fa78099076b00bb00f422e971bb3853a659925cf961b43a0133526924b,train
/content/drive/MyDrive/MaizeData/prepared_images/rgb_bilinear_v1_224/59aba968743df21ddcf8e7586c6c3d6eb76a53c34411b618febdb1f78911a330_224x224.png,/content/drive/MyDrive/MaizeData/BAD_SEED/IMG_20260709_090604.jpg,59aba968743df21ddcf8e7586c6c3d6eb76a53c34411b618febdb1f78911a330,BAD_SEED,0,59aba968743df21ddcf8e7586c6c3d6eb76a53c34411b618febdb1f78911a330,train
/content/drive/MyDrive/MaizeData/prepared_images/rgb_bilinear_v1_224/91d39e3e8d27343428e91a6593b13d5904c1c7212bd3b676b78674cba8f5c0c0_224x224.png,/content/drive/MyDrive/MaizeData/GOOD_SEED/IMG_20260706_095536.jpg,91d39e3e8d27343428e91a6593b13d5904c1c7212bd3b676b78674cba8f5c0c0,GOOD_SEED,1,91d39e3e8d27343428e91a6593b13d5904c1c7212bd3b676b78674cba8f5c0c0,train
/content/drive/MyDrive/MaizeData/prepared_images/rgb_bilinear_v1_224/d61a6a9db1fbffa816830b1aae0e1503f08dff71e2cc07417c7a4089f6627594_224x224.png,/content/drive/MyDrive/MaizeData/GOOD_SEED/IMG_20260706_094838.jpg,d61a6a9db1fbffa816830b1aae0e1503f08dff71e2cc07417c7a4089f6627594,GOOD_SEED,1,d61a6a9db1fbffa816830b1aae0e1503f08dff71e2cc07417c7a4089f6627594,train
/content/drive/MyDrive/MaizeData/prepared_images/rgb_bilinear_v1_224/91d91194fc4a1bbfe47e711ab38f6506137f90da24db7daf8c00065718ca229b_224x224.png,/content/drive/MyDrive/MaizeData/GOOD_SEED/IMG_20260706_072914.jpg,91d91194fc4a1bbfe47e711ab38f6506137f90da24db7daf8c00065718ca229b,GOOD_SEED,1,91d91194fc4a1bbfe47e711ab38f6506137f90da24db7daf8c00065718ca229b,train
/content/drive/MyDrive/MaizeData/prepared_images/rgb_bilinear_v1_224/22779d09a0fdac5bb7dcf6fd86cd08ff95bdb13debf20a6f5b8368c2d29cfefe_224x224.png,/content/drive/MyDrive/MaizeData/GOOD_SEED/IMG_20260706_073833.jpg,22779d09a0fdac5bb7dcf6fd86cd08ff95bdb13debf20a6f5b8368c2d29cfefe,GOOD_SEED,1,22779d09a0fdac5bb7dcf6fd86cd08ff95bdb13debf20a6f5b8368c2d29cfefe,train
/content/drive/MyDrive/MaizeData/prepared_images/rgb_bilinear_v1_224/b90c6154a11b095c5d843562709d83c58a841ef15273639885d6490ee0d1c186_224x224.png,/content/drive/MyDrive/MaizeData/BAD_SEED/IMG_20260709_185808.jpg,b90c6154a11b095c5d843562709d83c58a841ef15273639885d6490ee0d1c186,BAD_SEED,0,b90c6154a11b095c5d843562709d83c58a841ef15273639885d6490ee0d1c186,train
/content/drive/MyDrive/MaizeData/prepared_images/rgb_bilinear_v1_224/cd8ac0e93fbbef2ffeca28f71ede67697ff68fdd9cb0a6eaa2024e7c2fe2bc77_224x224.png,/content/drive/MyDrive/MaizeData/NO_MAIZE/IMG_5545.jpg,cd8ac0e93fbbef2ffeca28f71ede67697ff68fdd9cb0a6eaa2024e7c2fe2bc77,NO_MAIZE,2,cd8ac0e93fbbef2ffeca28f71ede67697ff68fdd9cb0a6eaa2024e7c2fe2bc77,train
/content/drive/MyDrive/MaizeData/prepared_images/rgb_bilinear_v1_224/3a0b524b4b6feae96005a8fee2c69309a8b55161e606ee4a859accb36c5d9b84_224x224.png,/content/drive/MyDrive/MaizeData/BAD_SEED/IMG_20260709_184357.jpg,3a0b524b4b6feae96005a8fee2c69309a8b55161e606ee4a859accb36c5d9b84,BAD_SEED,0,3a0b524b4b6feae96005a8fee2c69309a8b55161e606ee4a859accb36c5d9b84,train
/content/drive/MyDrive/MaizeData/prepared_images/rgb_bilinear_v1_224/757a0d6ef1a0091f662766cce048508a3378dc4ebae2f52b71022ac63f2d7a6a_224x224.png,/content/drive/MyDrive/MaizeData/BAD_SEED/IMG_20260709_175223.jpg,757a0d6ef1a0091f662766cce048508a3378dc4ebae2f52b71022ac63f2d7a6a,BAD_SEED,0,757a0d6ef1a0091f662766cce048508a3378dc4ebae2f52b71022ac63f2d7a6a,train
/content/drive/MyDrive/MaizeData/prepared_images/rgb_bilinear_v1_224/02774cc02d0036312c630dc310237b8231a4d7e51e41a05b392f24426002b318_224x224.png,/content/drive/MyDrive/MaizeData/GOOD_SEED/IMG_20260706_113323.jpg,02774cc02d0036312c630dc310237b8231a4d7e51e41a05b392f24426002b318,GOOD_SEED,1,02774cc02d0036312c630dc310237b8231a4d7e51e41a05b392f24426002b318,train
/content/drive/MyDrive/MaizeData/prepared_images/rgb_bilinear_v1_224/8e3b100c5e8c323e2e30af45b4a1aed6539c2b82ccc1f570220bed3c4324b8a4_224x224.png,/content/drive/MyDrive/MaizeData/NO_MAIZE/IMG_5559.jpg,8e3b100c5e8c323e2e30af45b4a1aed6539c2b82ccc1f570220bed3c4324b8a4,NO_MAIZE,2,8e3b100c5e8c323e2e30af45b4a1aed6539c2b82ccc1f570220bed3c4324b8a4,train
/content/drive/MyDrive/MaizeData/prepared_images/rgb_bilinear_v1_224/6130a4e361978e72d85258c1d4c3d8878ee0abe25d131f0a4b74ec6d6f11e27c_224x224.png,/content/drive/MyDrive/MaizeData/GOOD_SEED/IMG_20260706_082710_1.jpg,6130a4e361978e72d85258c1d4c3d8878ee0abe25d131f0a4b74ec6d6f11e27c,GOOD_SEED,1,6130a4e361978e72d85258c1d4c3d8878ee0abe25d131f0a4b74ec6d6f11e27c,train
/content/drive/MyDrive/MaizeData/prepared_images/rgb_bilinear_v1_224/acce3e1ce65f9f54b32a88c4df4bb72b6f519814710b4a3607bf8cbe5c15e527_224x224.png,/content/drive/MyDrive/MaizeData/GOOD_SEED/IMG_20260706_090708_1.jpg,acce3e1ce65f9f54b32a88c4df4bb72b6f519814710b4a3607bf8cbe5c15e527,GOOD_SEED,1,acce3e1ce65f9f54b32a88c4df4bb72b6f519814710b4a3607bf8cbe5c15e527,train
/content/drive/MyDrive/MaizeData/prepared_images/rgb_bilinear_v1_224/52d648192c2b9a1ec0d08e549954a6161d3430ef4ec87d4575e0c22e83cbeadc_224x224.png,/content/drive/MyDrive/MaizeData/GOOD_SEED/IMG_20260706_113457.jpg,52d648192c2b9a1ec0d08e549954a6161d3430ef4ec87d4575e0c22e83cbeadc,GOOD_SEED,1,52d648192c2b9a1ec0d08e549954a6161d3430ef4ec87d4575e0c22e83cbeadc,train
/content/drive/MyDrive/MaizeData/prepared_images/rgb_bilinear_v1_224/5e9e64b0af59daabee0398065e873fa73a6566ea2d51f8b7560b45416de0f287_224x224.png,/content/drive/MyDrive/MaizeData/BAD_SEED/IMG_20260709_090640.jpg,5e9e64b0af59daabee0398065e873fa73a6566ea2d51f8b7560b45416de0f287,BAD_SEED,0,5e9e64b0af59daabee0398065e873fa73a6566ea2d51f8b7560b45416de0f287,train
/content/drive/MyDrive/MaizeData/prepared_images/rgb_bilinear_v1_224/f2245f28457ea0f1e56792cce0ade159b832accd34a05000ddd40daecf08e639_224x224.png,/content/drive/MyDrive/MaizeData/GOOD_SEED/IMG_20260706_084246.jpg,f2245f28457ea0f1e56792cce0ade159b832accd34a05000ddd40daecf08e639,GOOD_SEED,1,f2245f28457ea0f1e56792cce0ade159b832accd34a05000ddd40daecf08e639,train
/content/drive/MyDrive/MaizeData/prepared_images/rgb_bilinear_v1_224/315ae295c17c1189a38a785da07ce0a79752efb76c4fc60afd34e1593b96ee96_224x224.png,/content/drive/MyDrive/MaizeData/BAD_SEED/IMG_20260707_092856.jpg,315ae295c17c1189a38a785da07ce0a79752efb76c4fc60afd34e1593b96ee96,BAD_SEED,0,315ae295c17c1189a38a785da07ce0a79752efb76c4fc60afd34e1593b96ee96,train
/content/drive/MyDrive/MaizeData/prepared_images/rgb_bilinear_v1_224/b643ff429d5b156588bb1beb585ca01a328065dc3dba79a487dbb22df3772632_224x224.png,/content/drive/MyDrive/MaizeData/BAD_SEED/IMG_20260709_185236.jpg,b643ff429d5b156588bb1beb585ca01a328065dc3dba79a487dbb22df3772632,BAD_SEED,0,b643ff429d5b156588bb1beb585ca01a328065dc3dba79a487dbb22df3772632,train
/content/drive/MyDrive/MaizeData/prepared_images/rgb_bilinear_v1_224/5b05e985eec60959bdbfd9c050cc5f87507c7cc950774850452d8366a4e4e295_224x224.png,/content/drive/MyDrive/MaizeData/BAD_SEED/IMG_20260709_094211.jpg,5b05e985eec60959bdbfd9c050cc5f87507c7cc950774850452d8366a4e4e295,BAD_SEED,0,5b05e985eec60959bdbfd9c050cc5f87507c7cc950774850452d8366a4e4e295,train
/content/drive/MyDrive/MaizeData/prepared_images/rgb_bilinear_v1_224/a2caf7a27e3b996bda33c8be0d563487cc2a14d54731cc4dc43cb41b401ef08d_224x224.png,/content/drive/MyDrive/MaizeData/BAD_SEED/IMG_20260707_102044_1.jpg,a2caf7a27e3b996bda33c8be0d563487cc2a14d54731cc4dc43cb41b401ef08d,BAD_SEED,0,a2caf7a27e3b996bda33c8be0d563487cc2a14d54731cc4dc43cb41b401ef08d,train
/content/drive/MyDrive/MaizeData/prepared_images/rgb_bilinear_v1_224/a5dfe1e4afddbdd6221615596cc3664e39f2620a4a2c6e1473643227031da1ed_224x224.png,/content/drive/MyDrive/MaizeData/GOOD_SEED/IMG_20260706_090310.jpg,a5dfe1e4afddbdd6221615596cc3664e39f2620a4a2c6e1473643227031da1ed,GOOD_SEED,1,a5dfe1e4afddbdd6221615596cc3664e39f2620a4a2c6e1473643227031da1ed,train
/content/drive/MyDrive/MaizeData/prepared_images/rgb_bilinear_v1_224/2bf2481bfe17db9ac03a3f5dc85dff2321d072c22f3c72c057e612e95ba202d5_224x224.png,/content/drive/MyDrive/MaizeData/GOOD_SEED/IMG_20260706_102523.jpg,2bf2481bfe17db9ac03a3f5dc85dff2321d072c22f3c72c057e612e95ba202d5,GOOD_SEED,1,2bf2481bfe17db9ac03a3f5dc85dff2321d072c22f3c72c057e612e95ba202d5,train
/content/drive/MyDrive/MaizeData/prepared_images/rgb_bilinear_v1_224/2f708bf7d2135d182f23f530c687bb5d247447550ec7ac015267e94e29c0de3d_224x224.png,/content/drive/MyDrive/MaizeData/BAD_SEED/IMG_20260707_091209.jpg,2f708bf7d2135d182f23f530c687bb5d247447550ec7ac015267e94e29c0de3d,BAD_SEED,0,2f708bf7d2135d182f23f530c687bb5d247447550ec7ac015267e94e29c0de3d,train
/content/drive/MyDrive/MaizeData/prepared_images/rgb_bilinear_v1_224/261f17718674678c750cf04ef5167c0a62388e70334ad9bb4f82f8db7187a9e4_224x224.png,/content/drive/MyDrive/MaizeData/NO_MAIZE/IMG_5605.jpg,261f17718674678c750cf04ef5167c0a62388e70334ad9bb4f82f8db7187a9e4,NO_MAIZE,2,261f17718674678c750cf04ef5167c0a62388e70334ad9bb4f82f8db7187a9e4,train
/content/drive/MyDrive/MaizeData/prepared_images/rgb_bilinear_v1_224/9d9edbe04f0669553bb9bad4fcce0d93cdbf3c835677dea30a93fd86a00b62a7_224x224.png,/content/drive/MyDrive/MaizeData/GOOD_SEED/IMG_20260706_090452.jpg,9d9edbe04f0669553bb9bad4fcce0d93cdbf3c835677dea30a93fd86a00b62a7,GOOD_SEED,1,9d9edbe04f0669553bb9bad4fcce0d93cdbf3c835677dea30a93fd86a00b62a7,train
/content/drive/MyDrive/MaizeData/prepared_images/rgb_bilinear_v1_224/650859e9f78aaee4a4bdc895df6ceee63e2ca39257e44b66f0f5dac6c63ac66b_224x224.png,/content/drive/MyDrive/MaizeData/BAD_SEED/IMG_20260709_094339_1.jpg,650859e9f78aaee4a4bdc895df6ceee63e2ca39257e44b66f0f5dac6c63ac66b,BAD_SEED,0,650859e9f78aaee4a4bdc895df6ceee63e2ca39257e44b66f0f5dac6c63ac66b,train
/content/drive/MyDrive/MaizeData/prepared_images/rgb_bilinear_v1_224/c8ca4103012510e4391e9bb435eae517f66b66cb7766783535f01754c5b5802a_224x224.png,/content/drive/MyDrive/MaizeData/BAD_SEED/IMG_20260707_084034.jpg,c8ca4103012510e4391e9bb435eae517f66b66cb7766783535f01754c5b5802a,BAD_SEED,0,c8ca4103012510e4391e9bb435eae517f66b66cb7766783535f01754c5b5802a,train
/content/drive/MyDrive/MaizeData/prepared_images/rgb_bilinear_v1_224/9c92bfecdc917516e3e6d2581cbffbbddbfa576b262e1199f371c32145d01809_224x224.png,/content/drive/MyDrive/MaizeData/BAD_SEED/IMG_20260707_091337.jpg,9c92bfecdc917516e3e6d2581cbffbbddbfa576b262e1199f371c32145d01809,BAD_SEED,0,9c92bfecdc917516e3e6d2581cbffbbddbfa576b262e1199f371c32145d01809,train
/content/drive/MyDrive/MaizeData/prepared_images/rgb_bilinear_v1_224/c6b0f95d27d88bb0a78941484456379748bdf8a25f4f8a530f1796b211903412_224x224.png,/content/drive/MyDrive/MaizeData/BAD_SEED/IMG_20260709_175859.jpg,c6b0f95d27d88bb0a78941484456379748bdf8a25f4f8a530f1796b211903412,BAD_SEED,0,c6b0f95d27d88bb0a78941484456379748bdf8a25f4f8a530f1796b211903412,train
/content/drive/MyDrive/MaizeData/prepared_images/rgb_bilinear_v1_224/1f739fcde836bc2f119cec30a3c4e1a6f429882119db411f250a32c9cd664f9c_224x224.png,/content/drive/MyDrive/MaizeData/BAD_SEED/IMG_20260709_175418.jpg,1f739fcde836bc2f119cec30a3c4e1a6f429882119db411f250a32c9cd664f9c,BAD_SEED,0,1f739fcde836bc2f119cec30a3c4e1a6f429882119db411f250a32c9cd664f9c,train
/content/drive/MyDrive/MaizeData/prepared_images/rgb_bilinear_v1_224/941a3ce4bcf762d4cfb1365ca4dc6956a23a07c5605389e8cc23d4489ce9607b_224x224.png,/content/drive/MyDrive/MaizeData/GOOD_SEED/IMG_20260706_075026.jpg,941a3ce4bcf762d4cfb1365ca4dc6956a23a07c5605389e8cc23d4489ce9607b,GOOD_SEED,1,941a3ce4bcf762d4cfb1365ca4dc6956a23a07c5605389e8cc23d4489ce9607b,train
/content/drive/MyDrive/MaizeData/prepared_images/rgb_bilinear_v1_224/f450c5ca7ca1a9b0cd86aee66b38bc49f784f6b6636f86825ef731bb8992ece9_224x224.png,/content/drive/MyDrive/MaizeData/GOOD_SEED/IMG_20260706_083901.jpg,f450c5ca7ca1a9b0cd86aee66b38bc49f784f6b6636f86825ef731bb8992ece9,GOOD_SEED,1,f450c5ca7ca1a9b0cd86aee66b38bc49f784f6b6636f86825ef731bb8992ece9,train
/content/drive/MyDrive/MaizeData/prepared_images/rgb_bilinear_v1_224/009295dccdfd454ae8044ee293ff37b9d563150b740a1fdad5761bd68aaf50c6_224x224.png,/content/drive/MyDrive/MaizeData/NO_MAIZE/IMG_5532.jpg,009295dccdfd454ae8044ee293ff37b9d563150b740a1fdad5761bd68aaf50c6,NO_MAIZE,2,009295dccdfd454ae8044ee293ff37b9d563150b740a1fdad5761bd68aaf50c6,train
/content/drive/MyDrive/MaizeData/prepared_images/rgb_bilinear_v1_224/f70f3ec27e368706eeab574bc136dd88a9aebd05277054b214f1efbe47b33415_224x224.png,/content/drive/MyDrive/MaizeData/GOOD_SEED/IMG_20260706_113840.jpg,f70f3ec27e368706eeab574bc136dd88a9aebd05277054b214f1efbe47b33415,GOOD_SEED,1,f70f3ec27e368706eeab574bc136dd88a9aebd05277054b214f1efbe47b33415,train
/content/drive/MyDrive/MaizeData/prepared_images/rgb_bilinear_v1_224/635121b3968dbe0625f3828a21140b3f74c96cbb0f0059add343dfcc22953a48_224x224.png,/content/drive/MyDrive/MaizeData/BAD_SEED/IMG_20260707_084615_1.jpg,635121b3968dbe0625f3828a21140b3f74c96cbb0f0059add343dfcc22953a48,BAD_SEED,0,635121b3968dbe0625f3828a21140b3f74c96cbb0f0059add343dfcc22953a48,train
/content/drive/MyDrive/MaizeData/prepared_images/rgb_bilinear_v1_224/5c0463b1e1c3323960082e48de12ad1f468b93c91e76fc28f241a1afc9e00e22_224x224.png,/content/drive/MyDrive/MaizeData/BAD_SEED/IMG_20260709_175154.jpg,5c0463b1e1c3323960082e48de12ad1f468b93c91e76fc28f241a1afc9e00e22,BAD_SEED,0,5c0463b1e1c3323960082e48de12ad1f468b93c91e76fc28f241a1afc9e00e22,train
/content/drive/MyDrive/MaizeData/prepared_images/rgb_bilinear_v1_224/e621e13459bfa3faffe07f6f27f0c8acf1a82e6d1f32302b4f68d91b4d1c03b3_224x224.png,/content/drive/MyDrive/MaizeData/GOOD_SEED/IMG_20260706_072247.jpg,e621e13459bfa3faffe07f6f27f0c8acf1a82e6d1f32302b4f68d91b4d1c03b3,GOOD_SEED,1,e621e13459bfa3faffe07f6f27f0c8acf1a82e6d1f32302b4f68d91b4d1c03b3,train
/content/drive/MyDrive/MaizeData/prepared_images/rgb_bilinear_v1_224/bfd4c76d71a2c9a58f7b2cd68198337e341b1b7db8f5be2eb3ef974aef5bced3_224x224.png,/content/drive/MyDrive/MaizeData/BAD_SEED/IMG_20260709_091530.jpg,bfd4c76d71a2c9a58f7b2cd68198337e341b1b7db8f5be2eb3ef974aef5bced3,BAD_SEED,0,bfd4c76d71a2c9a58f7b2cd68198337e341b1b7db8f5be2eb3ef974aef5bced3,train
/content/drive/MyDrive/MaizeData/prepared_images/rgb_bilinear_v1_224/30cc639fded650491b83b8404781a9cde4eac8f37e718990a25c68f403b36882_224x224.png,/content/drive/MyDrive/MaizeData/BAD_SEED/IMG_20260707_091145.jpg,30cc639fded650491b83b8404781a9cde4eac8f37e718990a25c68f403b36882,BAD_SEED,0,30cc639fded650491b83b8404781a9cde4eac8f37e718990a25c68f403b36882,train
/content/drive/MyDrive/MaizeData/prepared_images/rgb_bilinear_v1_224/fcba765abefe46c67cfaa8cf2a035171cf48fb53f95cfbab31f41b76499983e7_224x224.png,/content/drive/MyDrive/MaizeData/BAD_SEED/IMG_20260709_093900.jpg,fcba765abefe46c67cfaa8cf2a035171cf48fb53f95cfbab31f41b76499983e7,BAD_SEED,0,fcba765abefe46c67cfaa8cf2a035171cf48fb53f95cfbab31f41b76499983e7,train
/content/drive/MyDrive/MaizeData/prepared_images/rgb_bilinear_v1_224/1d9d6b3b75da24cf2e93d8b5e12333c374be96f8bee98aa1116edc535a17e9c8_224x224.png,/content/drive/MyDrive/MaizeData/GOOD_SEED/IMG_20260706_081631_1.jpg,1d9d6b3b75da24cf2e93d8b5e12333c374be96f8bee98aa1116edc535a17e9c8,GOOD_SEED,1,1d9d6b3b75da24cf2e93d8b5e12333c374be96f8bee98aa1116edc535a17e9c8,train
/content/drive/MyDrive/MaizeData/prepared_images/rgb_bilinear_v1_224/9369a2b9fa3949c843e5dae80c3c4177c5ae275c9bee8968aaa2ed4fc5efe362_224x224.png,/content/drive/MyDrive/MaizeData/GOOD_SEED/IMG_20260706_113056.jpg,9369a2b9fa3949c843e5dae80c3c4177c5ae275c9bee8968aaa2ed4fc5efe362,GOOD_SEED,1,9369a2b9fa3949c843e5dae80c3c4177c5ae275c9bee8968aaa2ed4fc5efe362,train
/content/drive/MyDrive/MaizeData/prepared_images/rgb_bilinear_v1_224/011bd946b588af9db9475719076fa471c37c22f6c2d631675088ea9010e24684_224x224.png,/content/drive/MyDrive/MaizeData/GOOD_SEED/IMG_20260706_072947.jpg,011bd946b588af9db9475719076fa471c37c22f6c2d631675088ea9010e24684,GOOD_SEED,1,011bd946b588af9db9475719076fa471c37c22f6c2d631675088ea9010e24684,train
/content/drive/MyDrive/MaizeData/prepared_images/rgb_bilinear_v1_224/fec7b6fd86ae21d9bba842dc905999300090d5a4f17e06b34269a21b9782e643_224x224.png,/content/drive/MyDrive/MaizeData/BAD_SEED/IMG_20260707_093516.jpg,fec7b6fd86ae21d9bba842dc905999300090d5a4f17e06b34269a21b9782e643,BAD_SEED,0,fec7b6fd86ae21d9bba842dc905999300090d5a4f17e06b34269a21b9782e643,train
/content/drive/MyDrive/MaizeData/prepared_images/rgb_bilinear_v1_224/c2be99252d55e9ffc6c02278084b9f28da87e351a6db8c73922a297157052b68_224x224.png,/content/drive/MyDrive/MaizeData/GOOD_SEED/IMG_20260706_103650.jpg,c2be99252d55e9ffc6c02278084b9f28da87e351a6db8c73922a297157052b68,GOOD_SEED,1,c2be99252d55e9ffc6c02278084b9f28da87e351a6db8c73922a297157052b68,train
/content/drive/MyDrive/MaizeData/prepared_images/rgb_bilinear_v1_224/0013b8263aba203f213d4cb26615b72c7c278eb220f6547e2d56f15fe54af178_224x224.png,/content/drive/MyDrive/MaizeData/BAD_SEED/IMG_20260707_085932.jpg,0013b8263aba203f213d4cb26615b72c7c278eb220f6547e2d56f15fe54af178,BAD_SEED,0,0013b8263aba203f213d4cb26615b72c7c278eb220f6547e2d56f15fe54af178,train
/content/drive/MyDrive/MaizeData/prepared_images/rgb_bilinear_v1_224/519b7a633ba94829402b1c4f8fa1abfd38019bb58c069b91281d6dc70db5295b_224x224.png,/content/drive/MyDrive/MaizeData/GOOD_SEED/IMG_20260706_101935.jpg,519b7a633ba94829402b1c4f8fa1abfd38019bb58c069b91281d6dc70db5295b,GOOD_SEED,1,519b7a633ba94829402b1c4f8fa1abfd38019bb58c069b91281d6dc70db5295b,train
/content/drive/MyDrive/MaizeData/prepared_images/rgb_bilinear_v1_224/67d3959bb6588864dad6aca15d215b58f63969aac4a28b3f2ee65a820ef0f934_224x224.png,/content/drive/MyDrive/MaizeData/GOOD_SEED/IMG_20260706_100354.jpg,67d3959bb6588864dad6aca15d215b58f63969aac4a28b3f2ee65a820ef0f934,GOOD_SEED,1,67d3959bb6588864dad6aca15d215b58f63969aac4a28b3f2ee65a820ef0f934,train
/content/drive/MyDrive/MaizeData/prepared_images/rgb_bilinear_v1_224/3bc4c24e9ddc3ccef3ecff6f504325e548ed512de9249442a692ed544096a273_224x224.png,/content/drive/MyDrive/MaizeData/BAD_SEED/IMG_20260709_174511.jpg,3bc4c24e9ddc3ccef3ecff6f504325e548ed512de9249442a692ed544096a273,BAD_SEED,0,3bc4c24e9ddc3ccef3ecff6f504325e548ed512de9249442a692ed544096a273,train
/content/drive/MyDrive/MaizeData/prepared_images/rgb_bilinear_v1_224/6c33fa4049033538b438470208284c13adcc2456f41c8226693b163effd367bf_224x224.png,/content/drive/MyDrive/MaizeData/BAD_SEED/IMG_20260707_101326.jpg,6c33fa4049033538b438470208284c13adcc2456f41c8226693b163effd367bf,BAD_SEED,0,6c33fa4049033538b438470208284c13adcc2456f41c8226693b163effd367bf,train
/content/drive/MyDrive/MaizeData/prepared_images/rgb_bilinear_v1_224/f97bbae054926f802d62df1a89ae6fcb7da299f5870b22845278c2f3109ac8c3_224x224.png,/content/drive/MyDrive/MaizeData/GOOD_SEED/IMG_20260706_102614.jpg,f97bbae054926f802d62df1a89ae6fcb7da299f5870b22845278c2f3109ac8c3,GOOD_SEED,1,f97bbae054926f802d62df1a89ae6fcb7da299f5870b22845278c2f3109ac8c3,train
/content/drive/MyDrive/MaizeData/prepared_images/rgb_bilinear_v1_224/9662764625a533d1f6cd4341a5af3e1cd2f3215a23a62e023ae6f66518029b57_224x224.png,/content/drive/MyDrive/MaizeData/NO_MAIZE/IMG_5526.jpg,9662764625a533d1f6cd4341a5af3e1cd2f3215a23a62e023ae6f66518029b57,NO_MAIZE,2,9662764625a533d1f6cd4341a5af3e1cd2f3215a23a62e023ae6f66518029b57,train
/content/drive/MyDrive/MaizeData/prepared_images/rgb_bilinear_v1_224/3a7e15e85e2759d371c2fe27f74224f3078042dff280709e5f8bd803f493dded_224x224.png,/content/drive/MyDrive/MaizeData/NO_MAIZE/IMG_5577.jpg,3a7e15e85e2759d371c2fe27f74224f3078042dff280709e5f8bd803f493dded,NO_MAIZE,2,3a7e15e85e2759d371c2fe27f74224f3078042dff280709e5f8bd803f493dded,train
/content/drive/MyDrive/MaizeData/prepared_images/rgb_bilinear_v1_224/fa2ed04fe4639053fb2a5a7f3adcaafa308d0c4349ff782e999f60522b7030b8_224x224.png,/content/drive/MyDrive/MaizeData/GOOD_SEED/IMG_20260706_090409.jpg,fa2ed04fe4639053fb2a5a7f3adcaafa308d0c4349ff782e999f60522b7030b8,GOOD_SEED,1,fa2ed04fe4639053fb2a5a7f3adcaafa308d0c4349ff782e999f60522b7030b8,train
/content/drive/MyDrive/MaizeData/prepared_images/rgb_bilinear_v1_224/480f85b1051b8f3d0e0c5a3a56084ee4affb87a06a9eca6320df196bd1c74a80_224x224.png,/content/drive/MyDrive/MaizeData/GOOD_SEED/IMG_20260706_095242.jpg,480f85b1051b8f3d0e0c5a3a56084ee4affb87a06a9eca6320df196bd1c74a80,GOOD_SEED,1,480f85b1051b8f3d0e0c5a3a56084ee4affb87a06a9eca6320df196bd1c74a80,train
/content/drive/MyDrive/MaizeData/prepared_images/rgb_bilinear_v1_224/d43a91541f2efc4e60638e40c2b115928a23e8339d9d609df1f9d4c0b4abe5bb_224x224.png,/content/drive/MyDrive/MaizeData/BAD_SEED/IMG_20260709_173806.jpg,d43a91541f2efc4e60638e40c2b115928a23e8339d9d609df1f9d4c0b4abe5bb,BAD_SEED,0,d43a91541f2efc4e60638e40c2b115928a23e8339d9d609df1f9d4c0b4abe5bb,train
/content/drive/MyDrive/MaizeData/prepared_images/rgb_bilinear_v1_224/7c22a61133f88778507a3415d9ad9a6d036b05accfee3a1b9a60f605ed17b8c7_224x224.png,/content/drive/MyDrive/MaizeData/GOOD_SEED/IMG_20260706_100048.jpg,7c22a61133f88778507a3415d9ad9a6d036b05accfee3a1b9a60f605ed17b8c7,GOOD_SEED,1,7c22a61133f88778507a3415d9ad9a6d036b05accfee3a1b9a60f605ed17b8c7,train
/content/drive/MyDrive/MaizeData/prepared_images/rgb_bilinear_v1_224/f75815e94a9101ef2a18e8790fe653a3ca2c850a0134b9bf3111e11510afe2b7_224x224.png,/content/drive/MyDrive/MaizeData/BAD_SEED/IMG_20260709_091957.jpg,f75815e94a9101ef2a18e8790fe653a3ca2c850a0134b9bf3111e11510afe2b7,BAD_SEED,0,f75815e94a9101ef2a18e8790fe653a3ca2c850a0134b9bf3111e11510afe2b7,train
/content/drive/MyDrive/MaizeData/prepared_images/rgb_bilinear_v1_224/4ac116e4860a9ceb87be5ea4a52df552a1aabeab95b4b57818a58fa0670b8556_224x224.png,/content/drive/MyDrive/MaizeData/GOOD_SEED/IMG_20260706_090849_1.jpg,4ac116e4860a9ceb87be5ea4a52df552a1aabeab95b4b57818a58fa0670b8556,GOOD_SEED,1,4ac116e4860a9ceb87be5ea4a52df552a1aabeab95b4b57818a58fa0670b8556,train
/content/drive/MyDrive/MaizeData/prepared_images/rgb_bilinear_v1_224/50587c2d676aa4a3acf2796af277a84117eaa39b0ce26a79c3255b6fcc82f705_224x224.png,/content/drive/MyDrive/MaizeData/GOOD_SEED/IMG_20260706_094703.jpg,50587c2d676aa4a3acf2796af277a84117eaa39b0ce26a79c3255b6fcc82f705,GOOD_SEED,1,50587c2d676aa4a3acf2796af277a84117eaa39b0ce26a79c3255b6fcc82f705,train
/content/drive/MyDrive/MaizeData/prepared_images/rgb_bilinear_v1_224/3fc6c1e34628e5090ed607ed32536146f19d94f3e0f8efcf04a6da119be49ed6_224x224.png,/content/drive/MyDrive/MaizeData/BAD_SEED/IMG_20260707_085321_1.jpg,3fc6c1e34628e5090ed607ed32536146f19d94f3e0f8efcf04a6da119be49ed6,BAD_SEED,0,3fc6c1e34628e5090ed607ed32536146f19d94f3e0f8efcf04a6da119be49ed6,train
/content/drive/MyDrive/MaizeData/prepared_images/rgb_bilinear_v1_224/c82917e83536587d23d247a2c5f5c54b7666037f0165a487d26c552fe63d9c62_224x224.png,/content/drive/MyDrive/MaizeData/GOOD_SEED/IMG_20260706_082556.jpg,c82917e83536587d23d247a2c5f5c54b7666037f0165a487d26c552fe63d9c62,GOOD_SEED,1,c82917e83536587d23d247a2c5f5c54b7666037f0165a487d26c552fe63d9c62,train
/content/drive/MyDrive/MaizeData/prepared_images/rgb_bilinear_v1_224/8ca21d0503acdbd7fc4e235ef3023284acf4d294e6a1afb64949aadbbba06c0e_224x224.png,/content/drive/MyDrive/MaizeData/GOOD_SEED/IMG_20260706_102418.jpg,8ca21d0503acdbd7fc4e235ef3023284acf4d294e6a1afb64949aadbbba06c0e,GOOD_SEED,1,8ca21d0503acdbd7fc4e235ef3023284acf4d294e6a1afb64949aadbbba06c0e,train
/content/drive/MyDrive/MaizeData/prepared_images/rgb_bilinear_v1_224/6c677ed62e7b20ead9a281ddf14ff74969d9a659cb13bbc81a9ca7f79565bf83_224x224.png,/content/drive/MyDrive/MaizeData/BAD_SEED/IMG_20260709_091109.jpg,6c677ed62e7b20ead9a281ddf14ff74969d9a659cb13bbc81a9ca7f79565bf83,BAD_SEED,0,6c677ed62e7b20ead9a281ddf14ff74969d9a659cb13bbc81a9ca7f79565bf83,train
/content/drive/MyDrive/MaizeData/prepared_images/rgb_bilinear_v1_224/584fabd2c035a92eae39341f1d7584896875a1435e2cf7e28dcdc8002de278ab_224x224.png,/content/drive/MyDrive/MaizeData/GOOD_SEED/IMG_20260706_104052_1.jpg,584fabd2c035a92eae39341f1d7584896875a1435e2cf7e28dcdc8002de278ab,GOOD_SEED,1,584fabd2c035a92eae39341f1d7584896875a1435e2cf7e28dcdc8002de278ab,train
/content/drive/MyDrive/MaizeData/prepared_images/rgb_bilinear_v1_224/a7346079b4162e573660a97180d35f6339ad1ce9bf0cbdef9f0f6bb693aa5de4_224x224.png,/content/drive/MyDrive/MaizeData/BAD_SEED/IMG_20260709_094250.jpg,a7346079b4162e573660a97180d35f6339ad1ce9bf0cbdef9f0f6bb693aa5de4,BAD_SEED,0,a7346079b4162e573660a97180d35f6339ad1ce9bf0cbdef9f0f6bb693aa5de4,train
/content/drive/MyDrive/MaizeData/prepared_images/rgb_bilinear_v1_224/ea4ab13d99594598363fc6c4baf08ab97d252b69870206e5acfed0d39ca212d9_224x224.png,/content/drive/MyDrive/MaizeData/BAD_SEED/IMG_20260707_091828_1.jpg,ea4ab13d99594598363fc6c4baf08ab97d252b69870206e5acfed0d39ca212d9,BAD_SEED,0,ea4ab13d99594598363fc6c4baf08ab97d252b69870206e5acfed0d39ca212d9,train
/content/drive/MyDrive/MaizeData/prepared_images/rgb_bilinear_v1_224/1830ffc212cdfaa2e4107efe3566b4bd2edfebfd48db9f1a70b704f868e9f10c_224x224.png,/content/drive/MyDrive/MaizeData/GOOD_SEED/IMG_20260706_074127.jpg,1830ffc212cdfaa2e4107efe3566b4bd2edfebfd48db9f1a70b704f868e9f10c,GOOD_SEED,1,1830ffc212cdfaa2e4107efe3566b4bd2edfebfd48db9f1a70b704f868e9f10c,train
/content/drive/MyDrive/MaizeData/prepared_images/rgb_bilinear_v1_224/5fb0c0bd5e862b5e4f94f86f2cadf62f5942aa8b0234d2b8f87beefd31e40eb9_224x224.png,/content/drive/MyDrive/MaizeData/GOOD_SEED/IMG_20260706_095427.jpg,5fb0c0bd5e862b5e4f94f86f2cadf62f5942aa8b0234d2b8f87beefd31e40eb9,GOOD_SEED,1,5fb0c0bd5e862b5e4f94f86f2cadf62f5942aa8b0234d2b8f87beefd31e40eb9,train
/content/drive/MyDrive/MaizeData/prepared_images/rgb_bilinear_v1_224/0d6881215c44cd05125722dc332c1626aff6978cd52c0f611a1fb6c9034e50d9_224x224.png,/content/drive/MyDrive/MaizeData/GOOD_SEED/IMG_20260706_113721_1.jpg,0d6881215c44cd05125722dc332c1626aff6978cd52c0f611a1fb6c9034e50d9,GOOD_SEED,1,0d6881215c44cd05125722dc332c1626aff6978cd52c0f611a1fb6c9034e50d9,train
/content/drive/MyDrive/MaizeData/prepared_images/rgb_bilinear_v1_224/2b9aa53e97e28afc919f9e71f65c36766c44c4afaabb2a1739085a123a4b6847_224x224.png,/content/drive/MyDrive/MaizeData/NO_MAIZE/IMG_5528.jpg,2b9aa53e97e28afc919f9e71f65c36766c44c4afaabb2a1739085a123a4b6847,NO_MAIZE,2,2b9aa53e97e28afc919f9e71f65c36766c44c4afaabb2a1739085a123a4b6847,train
/content/drive/MyDrive/MaizeData/prepared_images/rgb_bilinear_v1_224/6d664822522bd1217bb946863d6d1c43bdefce8dbfbec78894b845a01a645f9c_224x224.png,/content/drive/MyDrive/MaizeData/BAD_SEED/IMG_20260709_094223.jpg,6d664822522bd1217bb946863d6d1c43bdefce8dbfbec78894b845a01a645f9c,BAD_SEED,0,6d664822522bd1217bb946863d6d1c43bdefce8dbfbec78894b845a01a645f9c,train
/content/drive/MyDrive/MaizeData/prepared_images/rgb_bilinear_v1_224/59a16e51e00f5195c22b3ec798671030da643c4f80b304d8f3a847ade716b026_224x224.png,/content/drive/MyDrive/MaizeData/BAD_SEED/IMG_20260709_183231.jpg,59a16e51e00f5195c22b3ec798671030da643c4f80b304d8f3a847ade716b026,BAD_SEED,0,59a16e51e00f5195c22b3ec798671030da643c4f80b304d8f3a847ade716b026,train
/content/drive/MyDrive/MaizeData/prepared_images/rgb_bilinear_v1_224/7ce0ba69896e2511f7d50a9898995d0671eae4621029213a9122c1e24bd8b745_224x224.png,/content/drive/MyDrive/MaizeData/GOOD_SEED/IMG_20260706_080022.jpg,7ce0ba69896e2511f7d50a9898995d0671eae4621029213a9122c1e24bd8b745,GOOD_SEED,1,7ce0ba69896e2511f7d50a9898995d0671eae4621029213a9122c1e24bd8b745,train
/content/drive/MyDrive/MaizeData/prepared_images/rgb_bilinear_v1_224/69f94aeb1e1e9d643896680d9f581660a50d695cb30f28c2cb6183aa672f1689_224x224.png,/content/drive/MyDrive/MaizeData/BAD_SEED/IMG_20260709_175741.jpg,69f94aeb1e1e9d643896680d9f581660a50d695cb30f28c2cb6183aa672f1689,BAD_SEED,0,69f94aeb1e1e9d643896680d9f581660a50d695cb30f28c2cb6183aa672f1689,train
/content/drive/MyDrive/MaizeData/prepared_images/rgb_bilinear_v1_224/b85ca46d7567480b8065ae43b2cdb740aee7e8e68feddec558dc623260390e2f_224x224.png,/content/drive/MyDrive/MaizeData/BAD_SEED/IMG_20260709_095334.jpg,b85ca46d7567480b8065ae43b2cdb740aee7e8e68feddec558dc623260390e2f,BAD_SEED,0,b85ca46d7567480b8065ae43b2cdb740aee7e8e68feddec558dc623260390e2f,train
/content/drive/MyDrive/MaizeData/prepared_images/rgb_bilinear_v1_224/f2e3a87a9a9a1d37ebae8a554ea169ca8c962af739521deb8974ff40ac926ef8_224x224.png,/content/drive/MyDrive/MaizeData/NO_MAIZE/IMG_5534.jpg,f2e3a87a9a9a1d37ebae8a554ea169ca8c962af739521deb8974ff40ac926ef8,NO_MAIZE,2,f2e3a87a9a9a1d37ebae8a554ea169ca8c962af739521deb8974ff40ac926ef8,train
/content/drive/MyDrive/MaizeData/prepared_images/rgb_bilinear_v1_224/c704b59920aa679de978a51bcf2f0fbf0fd1b3e2dbf0693114cd732d622d9992_224x224.png,/content/drive/MyDrive/MaizeData/BAD_SEED/IMG_20260707_100331.jpg,c704b59920aa679de978a51bcf2f0fbf0fd1b3e2dbf0693114cd732d622d9992,BAD_SEED,0,c704b59920aa679de978a51bcf2f0fbf0fd1b3e2dbf0693114cd732d622d9992,train
/content/drive/MyDrive/MaizeData/prepared_images/rgb_bilinear_v1_224/7b3e62620c31fdb854200e06cf7195c318669d7fd5ff4d1bcf021fabc3d7cf16_224x224.png,/content/drive/MyDrive/MaizeData/BAD_SEED/IMG_20260707_094138_1.jpg,7b3e62620c31fdb854200e06cf7195c318669d7fd5ff4d1bcf021fabc3d7cf16,BAD_SEED,0,7b3e62620c31fdb854200e06cf7195c318669d7fd5ff4d1bcf021fabc3d7cf16,train
/content/drive/MyDrive/MaizeData/prepared_images/rgb_bilinear_v1_224/22a86d8292b81a2a6bfe6f0b1debe96c5725e88efd104b4b0f58224be1a07b22_224x224.png,/content/drive/MyDrive/MaizeData/GOOD_SEED/IMG_20260706_090214.jpg,22a86d8292b81a2a6bfe6f0b1debe96c5725e88efd104b4b0f58224be1a07b22,GOOD_SEED,1,22a86d8292b81a2a6bfe6f0b1debe96c5725e88efd104b4b0f58224be1a07b22,train
/content/drive/MyDrive/MaizeData/prepared_images/rgb_bilinear_v1_224/60e3b959d443793e2369de890c8a02439db44f6ce174688ea806098cd20a11e6_224x224.png,/content/drive/MyDrive/MaizeData/BAD_SEED/IMG_20260709_173959_1.jpg,60e3b959d443793e2369de890c8a02439db44f6ce174688ea806098cd20a11e6,BAD_SEED,0,60e3b959d443793e2369de890c8a02439db44f6ce174688ea806098cd20a11e6,train
/content/drive/MyDrive/MaizeData/prepared_images/rgb_bilinear_v1_224/fd301cf95ddcb0bcb6e71fb25e9507e46f916300f890969c656d4860131922c0_224x224.png,/content/drive/MyDrive/MaizeData/GOOD_SEED/IMG_20260706_080032.jpg,fd301cf95ddcb0bcb6e71fb25e9507e46f916300f890969c656d4860131922c0,GOOD_SEED,1,fd301cf95ddcb0bcb6e71fb25e9507e46f916300f890969c656d4860131922c0,train
/content/drive/MyDrive/MaizeData/prepared_images/rgb_bilinear_v1_224/19ac685cb567164696a5be398e2865996b7869221af6671b2ea09b31804198ec_224x224.png,/content/drive/MyDrive/MaizeData/BAD_SEED/IMG_20260709_091542_1.jpg,19ac685cb567164696a5be398e2865996b7869221af6671b2ea09b31804198ec,BAD_SEED,0,19ac685cb567164696a5be398e2865996b7869221af6671b2ea09b31804198ec,train
/content/drive/MyDrive/MaizeData/prepared_images/rgb_bilinear_v1_224/1243d1020bf5afb6a1c66b2c929b1f38ccd52298de942249227b42e3c9240e46_224x224.png,/content/drive/MyDrive/MaizeData/BAD_SEED/IMG_20260707_094303_1.jpg,1243d1020bf5afb6a1c66b2c929b1f38ccd52298de942249227b42e3c9240e46,BAD_SEED,0,1243d1020bf5afb6a1c66b2c929b1f38ccd52298de942249227b42e3c9240e46,train
/content/drive/MyDrive/MaizeData/prepared_images/rgb_bilinear_v1_224/05e9c5ded6945e3d60969c27c2c91a2559526ab8c88d3c272b9ece19e9227d9a_224x224.png,/content/drive/MyDrive/MaizeData/BAD_SEED/IMG_20260709_091915.jpg,05e9c5ded6945e3d60969c27c2c91a2559526ab8c88d3c272b9ece19e9227d9a,BAD_SEED,0,05e9c5ded6945e3d60969c27c2c91a2559526ab8c88d3c272b9ece19e9227d9a,train
/content/drive/MyDrive/MaizeData/prepared_images/rgb_bilinear_v1_224/a6ea5dbad1bc74f20d08b3eabe2857c48d7c96d61fce8a1655805a14ee47fc55_224x224.png,/content/drive/MyDrive/MaizeData/GOOD_SEED/IMG_20260706_113254_1.jpg,a6ea5dbad1bc74f20d08b3eabe2857c48d7c96d61fce8a1655805a14ee47fc55,GOOD_SEED,1,a6ea5dbad1bc74f20d08b3eabe2857c48d7c96d61fce8a1655805a14ee47fc55,train
/content/drive/MyDrive/MaizeData/prepared_images/rgb_bilinear_v1_224/3e2c391cd373e4961d113082b366536c20ff4d19ab59b3368c655a7bb3dbb63b_224x224.png,/content/drive/MyDrive/MaizeData/GOOD_SEED/IMG_20260706_073936.jpg,3e2c391cd373e4961d113082b366536c20ff4d19ab59b3368c655a7bb3dbb63b,GOOD_SEED,1,3e2c391cd373e4961d113082b366536c20ff4d19ab59b3368c655a7bb3dbb63b,train
/content/drive/MyDrive/MaizeData/prepared_images/rgb_bilinear_v1_224/e0827ca9b090c6442be4f2c0bf5ce9909a014e576bf0f064cbdf264a4ee31204_224x224.png,/content/drive/MyDrive/MaizeData/GOOD_SEED/IMG_20260706_082754.jpg,e0827ca9b090c6442be4f2c0bf5ce9909a014e576bf0f064cbdf264a4ee31204,GOOD_SEED,1,e0827ca9b090c6442be4f2c0bf5ce9909a014e576bf0f064cbdf264a4ee31204,train
/content/drive/MyDrive/MaizeData/prepared_images/rgb_bilinear_v1_224/261ed6c341c05fb66a29cd67aed525efc0ccbdea260606587d6ce3bbbd7f4ac1_224x224.png,/content/drive/MyDrive/MaizeData/BAD_SEED/IMG_20260709_183032.jpg,261ed6c341c05fb66a29cd67aed525efc0ccbdea260606587d6ce3bbbd7f4ac1,BAD_SEED,0,261ed6c341c05fb66a29cd67aed525efc0ccbdea260606587d6ce3bbbd7f4ac1,train
/content/drive/MyDrive/MaizeData/prepared_images/rgb_bilinear_v1_224/90aaa97d31a2ee0686d5892f79ca0a667fba9ff9a96d66fd16fa482e449d0fbe_224x224.png,/content/drive/MyDrive/MaizeData/GOOD_SEED/IMG_20260706_100451.jpg,90aaa97d31a2ee0686d5892f79ca0a667fba9ff9a96d66fd16fa482e449d0fbe,GOOD_SEED,1,90aaa97d31a2ee0686d5892f79ca0a667fba9ff9a96d66fd16fa482e449d0fbe,train
/content/drive/MyDrive/MaizeData/prepared_images/rgb_bilinear_v1_224/921df67bbdcea0a3c3fc199a5d234bb22a1f334bb07b74e6fa278d5b031fcc72_224x224.png,/content/drive/MyDrive/MaizeData/BAD_SEED/IMG_20260709_173729_1.jpg,921df67bbdcea0a3c3fc199a5d234bb22a1f334bb07b74e6fa278d5b031fcc72,BAD_SEED,0,921df67bbdcea0a3c3fc199a5d234bb22a1f334bb07b74e6fa278d5b031fcc72,train
/content/drive/MyDrive/MaizeData/prepared_images/rgb_bilinear_v1_224/36673d702051422088234414fa74ab51cf9fb5c383080c34708214e69fd22da5_224x224.png,/content/drive/MyDrive/MaizeData/GOOD_SEED/IMG_20260706_103609.jpg,36673d702051422088234414fa74ab51cf9fb5c383080c34708214e69fd22da5,GOOD_SEED,1,36673d702051422088234414fa74ab51cf9fb5c383080c34708214e69fd22da5,train
/content/drive/MyDrive/MaizeData/prepared_images/rgb_bilinear_v1_224/4060c16ac0060cc850b788388da0bd7b72c76f11bc50edd4caa99cd38159f0f2_224x224.png,/content/drive/MyDrive/MaizeData/BAD_SEED/IMG_20260709_183745.jpg,4060c16ac0060cc850b788388da0bd7b72c76f11bc50edd4caa99cd38159f0f2,BAD_SEED,0,4060c16ac0060cc850b788388da0bd7b72c76f11bc50edd4caa99cd38159f0f2,train
/content/drive/MyDrive/MaizeData/prepared_images/rgb_bilinear_v1_224/65533fbe639dca176098d3bb723281d4900deac20333c81adc74a64253dd38b1_224x224.png,/content/drive/MyDrive/MaizeData/BAD_SEED/IMG_20260707_093900.jpg,65533fbe639dca176098d3bb723281d4900deac20333c81adc74a64253dd38b1,BAD_SEED,0,65533fbe639dca176098d3bb723281d4900deac20333c81adc74a64253dd38b1,train
/content/drive/MyDrive/MaizeData/prepared_images/rgb_bilinear_v1_224/4503ab9a00f686be59aac32c84b3a7d0187af1f36284119ce9c5f4a668913fa5_224x224.png,/content/drive/MyDrive/MaizeData/BAD_SEED/IMG_20260707_092820.jpg,4503ab9a00f686be59aac32c84b3a7d0187af1f36284119ce9c5f4a668913fa5,BAD_SEED,0,4503ab9a00f686be59aac32c84b3a7d0187af1f36284119ce9c5f4a668913fa5,train
/content/drive/MyDrive/MaizeData/prepared_images/rgb_bilinear_v1_224/aff70cf9db97c9f01da7e9318966df7d9eb79bd7c9f169caed3c9cef159e73e8_224x224.png,/content/drive/MyDrive/MaizeData/GOOD_SEED/IMG_20260706_113505.jpg,aff70cf9db97c9f01da7e9318966df7d9eb79bd7c9f169caed3c9cef159e73e8,GOOD_SEED,1,aff70cf9db97c9f01da7e9318966df7d9eb79bd7c9f169caed3c9cef159e73e8,train
/content/drive/MyDrive/MaizeData/prepared_images/rgb_bilinear_v1_224/56df15cd9805bf6fd01b6aac6383d3ccb4e5365e14604b590ae5eaad7c533398_224x224.png,/content/drive/MyDrive/MaizeData/GOOD_SEED/IMG_20260706_102446.jpg,56df15cd9805bf6fd01b6aac6383d3ccb4e5365e14604b590ae5eaad7c533398,GOOD_SEED,1,56df15cd9805bf6fd01b6aac6383d3ccb4e5365e14604b590ae5eaad7c533398,train
/content/drive/MyDrive/MaizeData/prepared_images/rgb_bilinear_v1_224/8b16f37c47c97e7362044d719cc31484524ed92811707ef8c5aaeb47b342a06e_224x224.png,/content/drive/MyDrive/MaizeData/GOOD_SEED/IMG_20260706_102121.jpg,8b16f37c47c97e7362044d719cc31484524ed92811707ef8c5aaeb47b342a06e,GOOD_SEED,1,8b16f37c47c97e7362044d719cc31484524ed92811707ef8c5aaeb47b342a06e,train
/content/drive/MyDrive/MaizeData/prepared_images/rgb_bilinear_v1_224/6ca0e693bcb2c6da14db313daf1e79351cb0ca6c50bf435cb5371b58ff1d5938_224x224.png,/content/drive/MyDrive/MaizeData/BAD_SEED/IMG_20260707_101936.jpg,6ca0e693bcb2c6da14db313daf1e79351cb0ca6c50bf435cb5371b58ff1d5938,BAD_SEED,0,6ca0e693bcb2c6da14db313daf1e79351cb0ca6c50bf435cb5371b58ff1d5938,train
/content/drive/MyDrive/MaizeData/prepared_images/rgb_bilinear_v1_224/29c8ace91b7263208643f41e2138246fe51f06054257b388b667016cdfe54a27_224x224.png,/content/drive/MyDrive/MaizeData/BAD_SEED/IMG_20260709_091033.jpg,29c8ace91b7263208643f41e2138246fe51f06054257b388b667016cdfe54a27,BAD_SEED,0,29c8ace91b7263208643f41e2138246fe51f06054257b388b667016cdfe54a27,train
/content/drive/MyDrive/MaizeData/prepared_images/rgb_bilinear_v1_224/3abce63fc4ff12ad2b74fb7447661e8ca2bede79f263cc1169e1dd28892fdfab_224x224.png,/content/drive/MyDrive/MaizeData/NO_MAIZE/IMG_5618.jpg,3abce63fc4ff12ad2b74fb7447661e8ca2bede79f263cc1169e1dd28892fdfab,NO_MAIZE,2,3abce63fc4ff12ad2b74fb7447661e8ca2bede79f263cc1169e1dd28892fdfab,train
/content/drive/MyDrive/MaizeData/prepared_images/rgb_bilinear_v1_224/aedf45e37295d3ad73089b9ed94e3df06a75897864555eead6cfea2facc2b1d4_224x224.png,/content/drive/MyDrive/MaizeData/BAD_SEED/IMG_20260707_095234.jpg,aedf45e37295d3ad73089b9ed94e3df06a75897864555eead6cfea2facc2b1d4,BAD_SEED,0,aedf45e37295d3ad73089b9ed94e3df06a75897864555eead6cfea2facc2b1d4,train
/content/drive/MyDrive/MaizeData/prepared_images/rgb_bilinear_v1_224/ad7fb81ed2981d51c73e3643e789fcb799c43a63dc74629f31dc29d0ddcaad76_224x224.png,/content/drive/MyDrive/MaizeData/GOOD_SEED/IMG_20260706_102959.jpg,ad7fb81ed2981d51c73e3643e789fcb799c43a63dc74629f31dc29d0ddcaad76,GOOD_SEED,1,ad7fb81ed2981d51c73e3643e789fcb799c43a63dc74629f31dc29d0ddcaad76,train
/content/drive/MyDrive/MaizeData/prepared_images/rgb_bilinear_v1_224/f4127bbe17e2a109bbb6b063ed19f2d0d116a835180b9713c94162581280d983_224x224.png,/content/drive/MyDrive/MaizeData/BAD_SEED/IMG_20260707_102310.jpg,f4127bbe17e2a109bbb6b063ed19f2d0d116a835180b9713c94162581280d983,BAD_SEED,0,f4127bbe17e2a109bbb6b063ed19f2d0d116a835180b9713c94162581280d983,train
/content/drive/MyDrive/MaizeData/prepared_images/rgb_bilinear_v1_224/30b87b8cb8d9afeb765874f03d421fd9285fe88e00c823100fc04c96ca6bab6f_224x224.png,/content/drive/MyDrive/MaizeData/BAD_SEED/IMG_20260709_183413.jpg,30b87b8cb8d9afeb765874f03d421fd9285fe88e00c823100fc04c96ca6bab6f,BAD_SEED,0,30b87b8cb8d9afeb765874f03d421fd9285fe88e00c823100fc04c96ca6bab6f,train
/content/drive/MyDrive/MaizeData/prepared_images/rgb_bilinear_v1_224/19550791fe03eca94a0bcdbd3e549f96e1220628f43364ae00f41d8268dd86ef_224x224.png,/content/drive/MyDrive/MaizeData/BAD_SEED/IMG_20260709_094324.jpg,19550791fe03eca94a0bcdbd3e549f96e1220628f43364ae00f41d8268dd86ef,BAD_SEED,0,19550791fe03eca94a0bcdbd3e549f96e1220628f43364ae00f41d8268dd86ef,train
/content/drive/MyDrive/MaizeData/prepared_images/rgb_bilinear_v1_224/9e1cf106aa8476c41d5cb3976086114c88639d5a741e80db09975b321b2a1a27_224x224.png,/content/drive/MyDrive/MaizeData/GOOD_SEED/IMG_20260706_090633.jpg,9e1cf106aa8476c41d5cb3976086114c88639d5a741e80db09975b321b2a1a27,GOOD_SEED,1,9e1cf106aa8476c41d5cb3976086114c88639d5a741e80db09975b321b2a1a27,train
/content/drive/MyDrive/MaizeData/prepared_images/rgb_bilinear_v1_224/37288d67b019043500560549695ac89485063ff8001dc99fde7bc925cf1670f6_224x224.png,/content/drive/MyDrive/MaizeData/GOOD_SEED/IMG_20260706_113702.jpg,37288d67b019043500560549695ac89485063ff8001dc99fde7bc925cf1670f6,GOOD_SEED,1,37288d67b019043500560549695ac89485063ff8001dc99fde7bc925cf1670f6,train
/content/drive/MyDrive/MaizeData/prepared_images/rgb_bilinear_v1_224/46fb40ebea240089a77e9cadeecd4965d83f093cc223b800d656bb9ca96fa593_224x224.png,/content/drive/MyDrive/MaizeData/GOOD_SEED/IMG_20260706_101213.jpg,46fb40ebea240089a77e9cadeecd4965d83f093cc223b800d656bb9ca96fa593,GOOD_SEED,1,46fb40ebea240089a77e9cadeecd4965d83f093cc223b800d656bb9ca96fa593,train
/content/drive/MyDrive/MaizeData/prepared_images/rgb_bilinear_v1_224/ef76827a23f5e4379b9cd77bd5d7eee276a62fe935929512d7fa1d3d2b6fad6a_224x224.png,/content/drive/MyDrive/MaizeData/GOOD_SEED/IMG_20260706_085718.jpg,ef76827a23f5e4379b9cd77bd5d7eee276a62fe935929512d7fa1d3d2b6fad6a,GOOD_SEED,1,ef76827a23f5e4379b9cd77bd5d7eee276a62fe935929512d7fa1d3d2b6fad6a,train
/content/drive/MyDrive/MaizeData/prepared_images/rgb_bilinear_v1_224/61084a530ef54fa4a65206dfeb57fb96b3caf1563d7a855a016353f915a708aa_224x224.png,/content/drive/MyDrive/MaizeData/BAD_SEED/IMG_20260709_183129.jpg,61084a530ef54fa4a65206dfeb57fb96b3caf1563d7a855a016353f915a708aa,BAD_SEED,0,61084a530ef54fa4a65206dfeb57fb96b3caf1563d7a855a016353f915a708aa,train
/content/drive/MyDrive/MaizeData/prepared_images/rgb_bilinear_v1_224/72e88f119457d8f720e4230462ed4fd97b369db4037f3a12a1fe6b67d2efa5e2_224x224.png,/content/drive/MyDrive/MaizeData/GOOD_SEED/IMG_20260706_095038.jpg,72e88f119457d8f720e4230462ed4fd97b369db4037f3a12a1fe6b67d2efa5e2,GOOD_SEED,1,72e88f119457d8f720e4230462ed4fd97b369db4037f3a12a1fe6b67d2efa5e2,train
/content/drive/MyDrive/MaizeData/prepared_images/rgb_bilinear_v1_224/5bb0d471f75b9add50df1605e4de40ab50ab752831834a0c24a77ba62e3ac023_224x224.png,/content/drive/MyDrive/MaizeData/GOOD_SEED/IMG_20260706_082221.jpg,5bb0d471f75b9add50df1605e4de40ab50ab752831834a0c24a77ba62e3ac023,GOOD_SEED,1,5bb0d471f75b9add50df1605e4de40ab50ab752831834a0c24a77ba62e3ac023,train
/content/drive/MyDrive/MaizeData/prepared_images/rgb_bilinear_v1_224/40ac8345bf962653d95db1f688569dc3b6d932a9e965279a9d75ca11f070f35f_224x224.png,/content/drive/MyDrive/MaizeData/BAD_SEED/IMG_20260707_094215.jpg,40ac8345bf962653d95db1f688569dc3b6d932a9e965279a9d75ca11f070f35f,BAD_SEED,0,40ac8345bf962653d95db1f688569dc3b6d932a9e965279a9d75ca11f070f35f,train
/content/drive/MyDrive/MaizeData/prepared_images/rgb_bilinear_v1_224/6143584eda777d3fee24b2170c871f543c93785abe522919815639fae2536e52_224x224.png,/content/drive/MyDrive/MaizeData/BAD_SEED/IMG_20260709_092302.jpg,6143584eda777d3fee24b2170c871f543c93785abe522919815639fae2536e52,BAD_SEED,0,6143584eda777d3fee24b2170c871f543c93785abe522919815639fae2536e52,train
/content/drive/MyDrive/MaizeData/prepared_images/rgb_bilinear_v1_224/f4b634514b098e75f5a42dc0b43c4dadaf8053d9cc98ac1d42b669d76247f353_224x224.png,/content/drive/MyDrive/MaizeData/GOOD_SEED/IMG_20260706_080957.jpg,f4b634514b098e75f5a42dc0b43c4dadaf8053d9cc98ac1d42b669d76247f353,GOOD_SEED,1,f4b634514b098e75f5a42dc0b43c4dadaf8053d9cc98ac1d42b669d76247f353,train
/content/drive/MyDrive/MaizeData/prepared_images/rgb_bilinear_v1_224/687cb53cf036384d910017255a9a7e8f2695c35359d209da7677fd150e568e76_224x224.png,/content/drive/MyDrive/MaizeData/BAD_SEED/IMG_20260709_175105.jpg,687cb53cf036384d910017255a9a7e8f2695c35359d209da7677fd150e568e76,BAD_SEED,0,687cb53cf036384d910017255a9a7e8f2695c35359d209da7677fd150e568e76,train
/content/drive/MyDrive/MaizeData/prepared_images/rgb_bilinear_v1_224/5ac9db76191861121f762b8c8bf12ae8d988f342c3cfb7cc2fc919bb7774011a_224x224.png,/content/drive/MyDrive/MaizeData/BAD_SEED/IMG_20260707_101915.jpg,5ac9db76191861121f762b8c8bf12ae8d988f342c3cfb7cc2fc919bb7774011a,BAD_SEED,0,5ac9db76191861121f762b8c8bf12ae8d988f342c3cfb7cc2fc919bb7774011a,train
/content/drive/MyDrive/MaizeData/prepared_images/rgb_bilinear_v1_224/fb0cebb0622f57d966ea55a34ba8e7cf6c38e8a3ad91b0d048df29894cf79119_224x224.png,/content/drive/MyDrive/MaizeData/GOOD_SEED/IMG_20260706_075243.jpg,fb0cebb0622f57d966ea55a34ba8e7cf6c38e8a3ad91b0d048df29894cf79119,GOOD_SEED,1,fb0cebb0622f57d966ea55a34ba8e7cf6c38e8a3ad91b0d048df29894cf79119,train
/content/drive/MyDrive/MaizeData/prepared_images/rgb_bilinear_v1_224/478434a559f4712283345a9ca5cd57dd42b7d0503c7a8bedd80fc37aac906c43_224x224.png,/content/drive/MyDrive/MaizeData/BAD_SEED/IMG_20260707_085531.jpg,478434a559f4712283345a9ca5cd57dd42b7d0503c7a8bedd80fc37aac906c43,BAD_SEED,0,478434a559f4712283345a9ca5cd57dd42b7d0503c7a8bedd80fc37aac906c43,train
/content/drive/MyDrive/MaizeData/prepared_images/rgb_bilinear_v1_224/1c8ba86c267526ca6b7f4645963ca713583a9d400caa221759a85949b10f626b_224x224.png,/content/drive/MyDrive/MaizeData/BAD_SEED/IMG_20260707_101954.jpg,1c8ba86c267526ca6b7f4645963ca713583a9d400caa221759a85949b10f626b,BAD_SEED,0,1c8ba86c267526ca6b7f4645963ca713583a9d400caa221759a85949b10f626b,train
/content/drive/MyDrive/MaizeData/prepared_images/rgb_bilinear_v1_224/1d66190571a2ec0d5512261a207b049cca2c11ce686ee1996e35c66c3d0a78ab_224x224.png,/content/drive/MyDrive/MaizeData/GOOD_SEED/IMG_20260706_113943.jpg,1d66190571a2ec0d5512261a207b049cca2c11ce686ee1996e35c66c3d0a78ab,GOOD_SEED,1,1d66190571a2ec0d5512261a207b049cca2c11ce686ee1996e35c66c3d0a78ab,train
/content/drive/MyDrive/MaizeData/prepared_images/rgb_bilinear_v1_224/05fce1baf2a728d05e1696e21afd09ce99a9203aab1dc1199fb9cd7e0ef4b54f_224x224.png,/content/drive/MyDrive/MaizeData/BAD_SEED/IMG_20260707_090222.jpg,05fce1baf2a728d05e1696e21afd09ce99a9203aab1dc1199fb9cd7e0ef4b54f,BAD_SEED,0,05fce1baf2a728d05e1696e21afd09ce99a9203aab1dc1199fb9cd7e0ef4b54f,train
/content/drive/MyDrive/MaizeData/prepared_images/rgb_bilinear_v1_224/05577d54e3536cdc294b06779ebf854ae0b43089f678087239f1ad63d6fd8bbd_224x224.png,/content/drive/MyDrive/MaizeData/BAD_SEED/IMG_20260709_185627.jpg,05577d54e3536cdc294b06779ebf854ae0b43089f678087239f1ad63d6fd8bbd,BAD_SEED,0,05577d54e3536cdc294b06779ebf854ae0b43089f678087239f1ad63d6fd8bbd,train
/content/drive/MyDrive/MaizeData/prepared_images/rgb_bilinear_v1_224/8611bb9f20e37f2e9abe6cce3371c64d77a5da16f31671c7448a58f81863f42d_224x224.png,/content/drive/MyDrive/MaizeData/GOOD_SEED/IMG_20260706_085418.jpg,8611bb9f20e37f2e9abe6cce3371c64d77a5da16f31671c7448a58f81863f42d,GOOD_SEED,1,8611bb9f20e37f2e9abe6cce3371c64d77a5da16f31671c7448a58f81863f42d,train
/content/drive/MyDrive/MaizeData/prepared_images/rgb_bilinear_v1_224/f6620dedcd6b5b0476fcf8ea4f9aad9e7a60c364719a23ad1441f7d75c2547ff_224x224.png,/content/drive/MyDrive/MaizeData/GOOD_SEED/IMG_20260706_081059.jpg,f6620dedcd6b5b0476fcf8ea4f9aad9e7a60c364719a23ad1441f7d75c2547ff,GOOD_SEED,1,f6620dedcd6b5b0476fcf8ea4f9aad9e7a60c364719a23ad1441f7d75c2547ff,train
/content/drive/MyDrive/MaizeData/prepared_images/rgb_bilinear_v1_224/1dfb69e91a0454a1d668fd528c2c6d40086f1e8095f70d7c69740daf01619347_224x224.png,/content/drive/MyDrive/MaizeData/BAD_SEED/IMG_20260707_093951_1.jpg,1dfb69e91a0454a1d668fd528c2c6d40086f1e8095f70d7c69740daf01619347,BAD_SEED,0,1dfb69e91a0454a1d668fd528c2c6d40086f1e8095f70d7c69740daf01619347,train
/content/drive/MyDrive/MaizeData/prepared_images/rgb_bilinear_v1_224/84e4a312470b91eaa78310bb76b9c5a29e20fb70b5400bd020c34dd71e363f51_224x224.png,/content/drive/MyDrive/MaizeData/GOOD_SEED/IMG_20260706_094525.jpg,84e4a312470b91eaa78310bb76b9c5a29e20fb70b5400bd020c34dd71e363f51,GOOD_SEED,1,84e4a312470b91eaa78310bb76b9c5a29e20fb70b5400bd020c34dd71e363f51,train
/content/drive/MyDrive/MaizeData/prepared_images/rgb_bilinear_v1_224/1f1d00840b661376a9f43a32c03064d14c47334b039e76a41e4c7e4ac951bffc_224x224.png,/content/drive/MyDrive/MaizeData/GOOD_SEED/IMG_20260706_082640.jpg,1f1d00840b661376a9f43a32c03064d14c47334b039e76a41e4c7e4ac951bffc,GOOD_SEED,1,1f1d00840b661376a9f43a32c03064d14c47334b039e76a41e4c7e4ac951bffc,train
/content/drive/MyDrive/MaizeData/prepared_images/rgb_bilinear_v1_224/ef56cb21082db8024b3533ff43b8d22fd6b99313f918728730aa78703208c968_224x224.png,/content/drive/MyDrive/MaizeData/BAD_SEED/IMG_20260709_175307.jpg,ef56cb21082db8024b3533ff43b8d22fd6b99313f918728730aa78703208c968,BAD_SEED,0,ef56cb21082db8024b3533ff43b8d22fd6b99313f918728730aa78703208c968,train
/content/drive/MyDrive/MaizeData/prepared_images/rgb_bilinear_v1_224/7203396114a55d24bbf813badcdb060bd7895fd11367d04708fb4854e3304287_224x224.png,/content/drive/MyDrive/MaizeData/GOOD_SEED/IMG_20260706_090342.jpg,7203396114a55d24bbf813badcdb060bd7895fd11367d04708fb4854e3304287,GOOD_SEED,1,7203396114a55d24bbf813badcdb060bd7895fd11367d04708fb4854e3304287,train
/content/drive/MyDrive/MaizeData/prepared_images/rgb_bilinear_v1_224/37b162894e9ea41cd1c310213f8a8a00c0025e9cecdb061d903a4f5d2117d1b5_224x224.png,/content/drive/MyDrive/MaizeData/GOOD_SEED/IMG_20260706_075535_1.jpg,37b162894e9ea41cd1c310213f8a8a00c0025e9cecdb061d903a4f5d2117d1b5,GOOD_SEED,1,37b162894e9ea41cd1c310213f8a8a00c0025e9cecdb061d903a4f5d2117d1b5,train
/content/drive/MyDrive/MaizeData/prepared_images/rgb_bilinear_v1_224/a51aba719b26136e8c49c1e00824f2d095b20f369d6d46fcbe6cffd0b91e0fbc_224x224.png,/content/drive/MyDrive/MaizeData/BAD_SEED/IMG_20260707_100324_1.jpg,a51aba719b26136e8c49c1e00824f2d095b20f369d6d46fcbe6cffd0b91e0fbc,BAD_SEED,0,a51aba719b26136e8c49c1e00824f2d095b20f369d6d46fcbe6cffd0b91e0fbc,train
/content/drive/MyDrive/MaizeData/prepared_images/rgb_bilinear_v1_224/efa14cce9c6820514680ae62dc454a802421465c6389f3d27a8ca1e58c980e9e_224x224.png,/content/drive/MyDrive/MaizeData/BAD_SEED/IMG_20260709_185616.jpg,efa14cce9c6820514680ae62dc454a802421465c6389f3d27a8ca1e58c980e9e,BAD_SEED,0,efa14cce9c6820514680ae62dc454a802421465c6389f3d27a8ca1e58c980e9e,train
/content/drive/MyDrive/MaizeData/prepared_images/rgb_bilinear_v1_224/fd4390da95c4d39228c5c0ab01cb16d1d7f7ada52b9a8f4a05e44efcddb7b56d_224x224.png,/content/drive/MyDrive/MaizeData/GOOD_SEED/IMG_20260706_091309_1.jpg,fd4390da95c4d39228c5c0ab01cb16d1d7f7ada52b9a8f4a05e44efcddb7b56d,GOOD_SEED,1,fd4390da95c4d39228c5c0ab01cb16d1d7f7ada52b9a8f4a05e44efcddb7b56d,train
/content/drive/MyDrive/MaizeData/prepared_images/rgb_bilinear_v1_224/01528e250a0433a13018e909d7543a5190692848e65ec348ad02cc3bbba77433_224x224.png,/content/drive/MyDrive/MaizeData/BAD_SEED/IMG_20260709_094833.jpg,01528e250a0433a13018e909d7543a5190692848e65ec348ad02cc3bbba77433,BAD_SEED,0,01528e250a0433a13018e909d7543a5190692848e65ec348ad02cc3bbba77433,train
/content/drive/MyDrive/MaizeData/prepared_images/rgb_bilinear_v1_224/975b114255c39553d92f256b589e1e77513460334f36fc99a73b9c1e2fc6c079_224x224.png,/content/drive/MyDrive/MaizeData/GOOD_SEED/IMG_20260706_102316.jpg,975b114255c39553d92f256b589e1e77513460334f36fc99a73b9c1e2fc6c079,GOOD_SEED,1,975b114255c39553d92f256b589e1e77513460334f36fc99a73b9c1e2fc6c079,train
/content/drive/MyDrive/MaizeData/prepared_images/rgb_bilinear_v1_224/84a4163b29bd97a3fd88fa75d764f9d993658ba222c1060791cad759ce536608_224x224.png,/content/drive/MyDrive/MaizeData/GOOD_SEED/IMG_20260706_081446.jpg,84a4163b29bd97a3fd88fa75d764f9d993658ba222c1060791cad759ce536608,GOOD_SEED,1,84a4163b29bd97a3fd88fa75d764f9d993658ba222c1060791cad759ce536608,train
/content/drive/MyDrive/MaizeData/prepared_images/rgb_bilinear_v1_224/8a74e987853053837384aeb2ad081a3b3d8804d6fd37e1302a0d8819db5cb04a_224x224.png,/content/drive/MyDrive/MaizeData/GOOD_SEED/IMG_20260706_104132.jpg,8a74e987853053837384aeb2ad081a3b3d8804d6fd37e1302a0d8819db5cb04a,GOOD_SEED,1,8a74e987853053837384aeb2ad081a3b3d8804d6fd37e1302a0d8819db5cb04a,train
/content/drive/MyDrive/MaizeData/prepared_images/rgb_bilinear_v1_224/2dbc8905525cdc543d7ecb094a989af9ece7476e7e2502dc70e67aee4460b088_224x224.png,/content/drive/MyDrive/MaizeData/BAD_SEED/IMG_20260709_085946.jpg,2dbc8905525cdc543d7ecb094a989af9ece7476e7e2502dc70e67aee4460b088,BAD_SEED,0,2dbc8905525cdc543d7ecb094a989af9ece7476e7e2502dc70e67aee4460b088,train
/content/drive/MyDrive/MaizeData/prepared_images/rgb_bilinear_v1_224/fc7824915b13edbf2fd8c4d5041e149f7c161ba5d946064638869816abe93026_224x224.png,/content/drive/MyDrive/MaizeData/GOOD_SEED/IMG_20260706_094259.jpg,fc7824915b13edbf2fd8c4d5041e149f7c161ba5d946064638869816abe93026,GOOD_SEED,1,fc7824915b13edbf2fd8c4d5041e149f7c161ba5d946064638869816abe93026,train
/content/drive/MyDrive/MaizeData/prepared_images/rgb_bilinear_v1_224/0a001e0254af91a893bdebd74d508aee63246deafbc5c8f317a672bf71824e2e_224x224.png,/content/drive/MyDrive/MaizeData/BAD_SEED/IMG_20260709_093616.jpg,0a001e0254af91a893bdebd74d508aee63246deafbc5c8f317a672bf71824e2e,BAD_SEED,0,0a001e0254af91a893bdebd74d508aee63246deafbc5c8f317a672bf71824e2e,train
/content/drive/MyDrive/MaizeData/prepared_images/rgb_bilinear_v1_224/2dbbfd68916a1ca7044d76bf9b4f2070d292a53aba5f8b7937a63b3a076b54e9_224x224.png,/content/drive/MyDrive/MaizeData/BAD_SEED/IMG_20260709_183540.jpg,2dbbfd68916a1ca7044d76bf9b4f2070d292a53aba5f8b7937a63b3a076b54e9,BAD_SEED,0,2dbbfd68916a1ca7044d76bf9b4f2070d292a53aba5f8b7937a63b3a076b54e9,train
/content/drive/MyDrive/MaizeData/prepared_images/rgb_bilinear_v1_224/387d16e07f9a80d6cc0a89fd539fc90a0ef39c81ba392b46156ec16dec6be1ef_224x224.png,/content/drive/MyDrive/MaizeData/BAD_SEED/IMG_20260707_094425.jpg,387d16e07f9a80d6cc0a89fd539fc90a0ef39c81ba392b46156ec16dec6be1ef,BAD_SEED,0,387d16e07f9a80d6cc0a89fd539fc90a0ef39c81ba392b46156ec16dec6be1ef,train
/content/drive/MyDrive/MaizeData/prepared_images/rgb_bilinear_v1_224/93d2e39912951140814e962fd14e2b603e8898e14f789a256a73c1e85b647e56_224x224.png,/content/drive/MyDrive/MaizeData/GOOD_SEED/IMG_20260706_094202.jpg,93d2e39912951140814e962fd14e2b603e8898e14f789a256a73c1e85b647e56,GOOD_SEED,1,93d2e39912951140814e962fd14e2b603e8898e14f789a256a73c1e85b647e56,train
/content/drive/MyDrive/MaizeData/prepared_images/rgb_bilinear_v1_224/d195975d1618da28fcf3fd900e202d842075a55f2c7fd2d520569d890178c285_224x224.png,/content/drive/MyDrive/MaizeData/NO_MAIZE/IMG_5598.jpg,d195975d1618da28fcf3fd900e202d842075a55f2c7fd2d520569d890178c285,NO_MAIZE,2,d195975d1618da28fcf3fd900e202d842075a55f2c7fd2d520569d890178c285,train
/content/drive/MyDrive/MaizeData/prepared_images/rgb_bilinear_v1_224/6817b11201c50345ec632f0f416f2e5f8d151ee3decf6b387aca768adc0f2a4e_224x224.png,/content/drive/MyDrive/MaizeData/GOOD_SEED/IMG_20260706_103114.jpg,6817b11201c50345ec632f0f416f2e5f8d151ee3decf6b387aca768adc0f2a4e,GOOD_SEED,1,6817b11201c50345ec632f0f416f2e5f8d151ee3decf6b387aca768adc0f2a4e,train
/content/drive/MyDrive/MaizeData/prepared_images/rgb_bilinear_v1_224/0fc88a950f08a7d34d50a905689b8cd6c87b3906d7f466fde91073c879e890d5_224x224.png,/content/drive/MyDrive/MaizeData/BAD_SEED/IMG_20260707_085415.jpg,0fc88a950f08a7d34d50a905689b8cd6c87b3906d7f466fde91073c879e890d5,BAD_SEED,0,0fc88a950f08a7d34d50a905689b8cd6c87b3906d7f466fde91073c879e890d5,train
/content/drive/MyDrive/MaizeData/prepared_images/rgb_bilinear_v1_224/901cddb8f71c88cf00c1cf707619569f6eb677422479bc0385fcf77dd666d381_224x224.png,/content/drive/MyDrive/MaizeData/GOOD_SEED/IMG_20260706_073616.jpg,901cddb8f71c88cf00c1cf707619569f6eb677422479bc0385fcf77dd666d381,GOOD_SEED,1,901cddb8f71c88cf00c1cf707619569f6eb677422479bc0385fcf77dd666d381,train
/content/drive/MyDrive/MaizeData/prepared_images/rgb_bilinear_v1_224/1389732e2cb6eed44bcec9458e2967d9b08a675757e6bbc16dcc9969a6035676_224x224.png,/content/drive/MyDrive/MaizeData/GOOD_SEED/IMG_20260706_103547.jpg,1389732e2cb6eed44bcec9458e2967d9b08a675757e6bbc16dcc9969a6035676,GOOD_SEED,1,1389732e2cb6eed44bcec9458e2967d9b08a675757e6bbc16dcc9969a6035676,train
/content/drive/MyDrive/MaizeData/prepared_images/rgb_bilinear_v1_224/21f01d4439d66fb91873a9e0fed70f92d9036359a9351903ca7a51dc6222551f_224x224.png,/content/drive/MyDrive/MaizeData/BAD_SEED/IMG_20260709_183310.jpg,21f01d4439d66fb91873a9e0fed70f92d9036359a9351903ca7a51dc6222551f,BAD_SEED,0,21f01d4439d66fb91873a9e0fed70f92d9036359a9351903ca7a51dc6222551f,train
/content/drive/MyDrive/MaizeData/prepared_images/rgb_bilinear_v1_224/3628da346bfee11bb55bf54388a290cea1aa1fc970435ff70cb1267ad9402795_224x224.png,/content/drive/MyDrive/MaizeData/GOOD_SEED/IMG_20260706_074426_1.jpg,3628da346bfee11bb55bf54388a290cea1aa1fc970435ff70cb1267ad9402795,GOOD_SEED,1,3628da346bfee11bb55bf54388a290cea1aa1fc970435ff70cb1267ad9402795,train
/content/drive/MyDrive/MaizeData/prepared_images/rgb_bilinear_v1_224/5714aaf689e212d7a8c7b2b1f0cfe25650ee72a0bb519176c0d9931897bf6015_224x224.png,/content/drive/MyDrive/MaizeData/GOOD_SEED/IMG_20260706_080250.jpg,5714aaf689e212d7a8c7b2b1f0cfe25650ee72a0bb519176c0d9931897bf6015,GOOD_SEED,1,5714aaf689e212d7a8c7b2b1f0cfe25650ee72a0bb519176c0d9931897bf6015,train
/content/drive/MyDrive/MaizeData/prepared_images/rgb_bilinear_v1_224/19efbc1249799cdfd3bfcfe7731ab1d5808fd30d26f2997cf158a0cf926ff930_224x224.png,/content/drive/MyDrive/MaizeData/BAD_SEED/IMG_20260707_093025_1.jpg,19efbc1249799cdfd3bfcfe7731ab1d5808fd30d26f2997cf158a0cf926ff930,BAD_SEED,0,19efbc1249799cdfd3bfcfe7731ab1d5808fd30d26f2997cf158a0cf926ff930,train
/content/drive/MyDrive/MaizeData/prepared_images/rgb_bilinear_v1_224/30f6e2b2ad6a6b5bb92ac150554a4ff9b7bd46d129ea7edb6811340e9471c718_224x224.png,/content/drive/MyDrive/MaizeData/BAD_SEED/IMG_20260709_185500.jpg,30f6e2b2ad6a6b5bb92ac150554a4ff9b7bd46d129ea7edb6811340e9471c718,BAD_SEED,0,30f6e2b2ad6a6b5bb92ac150554a4ff9b7bd46d129ea7edb6811340e9471c718,train
/content/drive/MyDrive/MaizeData/prepared_images/rgb_bilinear_v1_224/9103d3e330fe6cf68d37e4e4aa2b4922108635ed410befaa7f7f76cd32ca324d_224x224.png,/content/drive/MyDrive/MaizeData/GOOD_SEED/IMG_20260706_074953.jpg,9103d3e330fe6cf68d37e4e4aa2b4922108635ed410befaa7f7f76cd32ca324d,GOOD_SEED,1,9103d3e330fe6cf68d37e4e4aa2b4922108635ed410befaa7f7f76cd32ca324d,train
/content/drive/MyDrive/MaizeData/prepared_images/rgb_bilinear_v1_224/8e9ef0efe78362f864460f51e320e12fdfe8e282cc4ac32ba336263965b825f3_224x224.png,/content/drive/MyDrive/MaizeData/BAD_SEED/IMG_20260707_083909.jpg,8e9ef0efe78362f864460f51e320e12fdfe8e282cc4ac32ba336263965b825f3,BAD_SEED,0,8e9ef0efe78362f864460f51e320e12fdfe8e282cc4ac32ba336263965b825f3,train
/content/drive/MyDrive/MaizeData/prepared_images/rgb_bilinear_v1_224/404917ee538b21d014b623fe80e48a0f5a82daf01c8546abc5b4d15251774d76_224x224.png,/content/drive/MyDrive/MaizeData/GOOD_SEED/IMG_20260706_090230_1.jpg,404917ee538b21d014b623fe80e48a0f5a82daf01c8546abc5b4d15251774d76,GOOD_SEED,1,404917ee538b21d014b623fe80e48a0f5a82daf01c8546abc5b4d15251774d76,train
/content/drive/MyDrive/MaizeData/prepared_images/rgb_bilinear_v1_224/a405aba8378aae4ae055c6b1412e0a9052b72f1b6500691b4d58f8b7aa0c28e3_224x224.png,/content/drive/MyDrive/MaizeData/BAD_SEED/IMG_20260707_102104.jpg,a405aba8378aae4ae055c6b1412e0a9052b72f1b6500691b4d58f8b7aa0c28e3,BAD_SEED,0,a405aba8378aae4ae055c6b1412e0a9052b72f1b6500691b4d58f8b7aa0c28e3,train
/content/drive/MyDrive/MaizeData/prepared_images/rgb_bilinear_v1_224/e03f7af0108c5e330fa326744e829fdb710c3f5d6292e1349d48ff380708add7_224x224.png,/content/drive/MyDrive/MaizeData/GOOD_SEED/IMG_20260706_082543.jpg,e03f7af0108c5e330fa326744e829fdb710c3f5d6292e1349d48ff380708add7,GOOD_SEED,1,e03f7af0108c5e330fa326744e829fdb710c3f5d6292e1349d48ff380708add7,train
/content/drive/MyDrive/MaizeData/prepared_images/rgb_bilinear_v1_224/13983a91b3207d44e7ae8f983b893b18e4f9619806156b7e33aa55c7670ebe58_224x224.png,/content/drive/MyDrive/MaizeData/BAD_SEED/IMG_20260709_094404.jpg,13983a91b3207d44e7ae8f983b893b18e4f9619806156b7e33aa55c7670ebe58,BAD_SEED,0,13983a91b3207d44e7ae8f983b893b18e4f9619806156b7e33aa55c7670ebe58,train
/content/drive/MyDrive/MaizeData/prepared_images/rgb_bilinear_v1_224/a04d3ab54de7912f1f4a0653ff20925536aa6cf94595a095b7a38addef434870_224x224.png,/content/drive/MyDrive/MaizeData/BAD_SEED/IMG_20260707_092012_1.jpg,a04d3ab54de7912f1f4a0653ff20925536aa6cf94595a095b7a38addef434870,BAD_SEED,0,a04d3ab54de7912f1f4a0653ff20925536aa6cf94595a095b7a38addef434870,train
/content/drive/MyDrive/MaizeData/prepared_images/rgb_bilinear_v1_224/70a88bda76f32ef43880608772e23848c5a410d0ed4532a717330d25d7e1caf6_224x224.png,/content/drive/MyDrive/MaizeData/BAD_SEED/IMG_20260709_091836.jpg,70a88bda76f32ef43880608772e23848c5a410d0ed4532a717330d25d7e1caf6,BAD_SEED,0,70a88bda76f32ef43880608772e23848c5a410d0ed4532a717330d25d7e1caf6,train
/content/drive/MyDrive/MaizeData/prepared_images/rgb_bilinear_v1_224/f76eb9cf599fd8e66ccb3052254e90c58e6ca8094fe7a532eb4a192524e8122f_224x224.png,/content/drive/MyDrive/MaizeData/GOOD_SEED/IMG_20260706_102022.jpg,f76eb9cf599fd8e66ccb3052254e90c58e6ca8094fe7a532eb4a192524e8122f,GOOD_SEED,1,f76eb9cf599fd8e66ccb3052254e90c58e6ca8094fe7a532eb4a192524e8122f,train
/content/drive/MyDrive/MaizeData/prepared_images/rgb_bilinear_v1_224/33a95288b6825a3d8a1f48a8d46ddbf361d45ea4f9c2d8bfe71c3fefb8a67558_224x224.png,/content/drive/MyDrive/MaizeData/BAD_SEED/IMG_20260709_175845.jpg,33a95288b6825a3d8a1f48a8d46ddbf361d45ea4f9c2d8bfe71c3fefb8a67558,BAD_SEED,0,33a95288b6825a3d8a1f48a8d46ddbf361d45ea4f9c2d8bfe71c3fefb8a67558,train
/content/drive/MyDrive/MaizeData/prepared_images/rgb_bilinear_v1_224/efa0fc6e462ec944bcc80e8a169c5ef70577a3a829ca640f680444616ba40c69_224x224.png,/content/drive/MyDrive/MaizeData/GOOD_SEED/IMG_20260706_085440_1.jpg,efa0fc6e462ec944bcc80e8a169c5ef70577a3a829ca640f680444616ba40c69,GOOD_SEED,1,efa0fc6e462ec944bcc80e8a169c5ef70577a3a829ca640f680444616ba40c69,train
/content/drive/MyDrive/MaizeData/prepared_images/rgb_bilinear_v1_224/62499f16b2b03fdf86cb14360a6110ac89552a9e601341369c135a7b912035b4_224x224.png,/content/drive/MyDrive/MaizeData/BAD_SEED/IMG_20260709_175723.jpg,62499f16b2b03fdf86cb14360a6110ac89552a9e601341369c135a7b912035b4,BAD_SEED,0,62499f16b2b03fdf86cb14360a6110ac89552a9e601341369c135a7b912035b4,train
/content/drive/MyDrive/MaizeData/prepared_images/rgb_bilinear_v1_224/d2d28b7b465bd7eba7dcc34176d5d2d36b4e1da9214eccf1529cbfff90e2ab5e_224x224.png,/content/drive/MyDrive/MaizeData/GOOD_SEED/IMG_20260706_075308.jpg,d2d28b7b465bd7eba7dcc34176d5d2d36b4e1da9214eccf1529cbfff90e2ab5e,GOOD_SEED,1,d2d28b7b465bd7eba7dcc34176d5d2d36b4e1da9214eccf1529cbfff90e2ab5e,train
/content/drive/MyDrive/MaizeData/prepared_images/rgb_bilinear_v1_224/f263c060605977e60df78de9a6b25e18e32f6e4b07aa0a07171e1cdea16b17a6_224x224.png,/content/drive/MyDrive/MaizeData/GOOD_SEED/IMG_20260706_103749.jpg,f263c060605977e60df78de9a6b25e18e32f6e4b07aa0a07171e1cdea16b17a6,GOOD_SEED,1,f263c060605977e60df78de9a6b25e18e32f6e4b07aa0a07171e1cdea16b17a6,train
/content/drive/MyDrive/MaizeData/prepared_images/rgb_bilinear_v1_224/b403c7eedde0876d5797fc34dc89b3c60b968f9dbf297cda83e378b5564f6e56_224x224.png,/content/drive/MyDrive/MaizeData/BAD_SEED/IMG_20260707_100456_1.jpg,b403c7eedde0876d5797fc34dc89b3c60b968f9dbf297cda83e378b5564f6e56,BAD_SEED,0,b403c7eedde0876d5797fc34dc89b3c60b968f9dbf297cda83e378b5564f6e56,train
/content/drive/MyDrive/MaizeData/prepared_images/rgb_bilinear_v1_224/9b2587cf79b0d930d15fb6a5258d400cd0c068dc6003f87f672ca24b68196f68_224x224.png,/content/drive/MyDrive/MaizeData/GOOD_SEED/IMG_20260706_100339_1.jpg,9b2587cf79b0d930d15fb6a5258d400cd0c068dc6003f87f672ca24b68196f68,GOOD_SEED,1,9b2587cf79b0d930d15fb6a5258d400cd0c068dc6003f87f672ca24b68196f68,train
/content/drive/MyDrive/MaizeData/prepared_images/rgb_bilinear_v1_224/880c6eb0786122308ce3ec569f01d992fb259cf789839bb8cbac1ec4668196e6_224x224.png,/content/drive/MyDrive/MaizeData/BAD_SEED/IMG_20260709_090854.jpg,880c6eb0786122308ce3ec569f01d992fb259cf789839bb8cbac1ec4668196e6,BAD_SEED,0,880c6eb0786122308ce3ec569f01d992fb259cf789839bb8cbac1ec4668196e6,train
/content/drive/MyDrive/MaizeData/prepared_images/rgb_bilinear_v1_224/c5ffada920fd06df05ea2ee48eb4497b4bef0be0a5f987beff7f88dabb468bff_224x224.png,/content/drive/MyDrive/MaizeData/BAD_SEED/IMG_20260709_095056_1.jpg,c5ffada920fd06df05ea2ee48eb4497b4bef0be0a5f987beff7f88dabb468bff,BAD_SEED,0,c5ffada920fd06df05ea2ee48eb4497b4bef0be0a5f987beff7f88dabb468bff,train
/content/drive/MyDrive/MaizeData/prepared_images/rgb_bilinear_v1_224/779e981903c21adc7050084b6d997121e03e4813ccf07033af801ab0f13afe83_224x224.png,/content/drive/MyDrive/MaizeData/NO_MAIZE/IMG_5617.jpg,779e981903c21adc7050084b6d997121e03e4813ccf07033af801ab0f13afe83,NO_MAIZE,2,779e981903c21adc7050084b6d997121e03e4813ccf07033af801ab0f13afe83,train
/content/drive/MyDrive/MaizeData/prepared_images/rgb_bilinear_v1_224/71f6680dbf891f42a7859d58a76b2ec612baffb118f284cd13f9488ed2b8136c_224x224.png,/content/drive/MyDrive/MaizeData/BAD_SEED/IMG_20260707_085206_1.jpg,71f6680dbf891f42a7859d58a76b2ec612baffb118f284cd13f9488ed2b8136c,BAD_SEED,0,71f6680dbf891f42a7859d58a76b2ec612baffb118f284cd13f9488ed2b8136c,train
/content/drive/MyDrive/MaizeData/prepared_images/rgb_bilinear_v1_224/696f0948480d4c30719d9942dae5274eaa283d027706f7d86489e2203c19fe13_224x224.png,/content/drive/MyDrive/MaizeData/BAD_SEED/IMG_20260707_093405.jpg,696f0948480d4c30719d9942dae5274eaa283d027706f7d86489e2203c19fe13,BAD_SEED,0,696f0948480d4c30719d9942dae5274eaa283d027706f7d86489e2203c19fe13,train
/content/drive/MyDrive/MaizeData/prepared_images/rgb_bilinear_v1_224/f146c47525f9fb580aeae8df82522f0bd9a5d5a62db50e8cc788c8c756d0fc2e_224x224.png,/content/drive/MyDrive/MaizeData/BAD_SEED/IMG_20260709_091758.jpg,f146c47525f9fb580aeae8df82522f0bd9a5d5a62db50e8cc788c8c756d0fc2e,BAD_SEED,0,f146c47525f9fb580aeae8df82522f0bd9a5d5a62db50e8cc788c8c756d0fc2e,train
/content/drive/MyDrive/MaizeData/prepared_images/rgb_bilinear_v1_224/df172372f285aaa59469bf2d787d01875c3e6d5e5d2aa687c7595c2c6c78ec76_224x224.png,/content/drive/MyDrive/MaizeData/GOOD_SEED/IMG_20260706_085652.jpg,df172372f285aaa59469bf2d787d01875c3e6d5e5d2aa687c7595c2c6c78ec76,GOOD_SEED,1,df172372f285aaa59469bf2d787d01875c3e6d5e5d2aa687c7595c2c6c78ec76,train
/content/drive/MyDrive/MaizeData/prepared_images/rgb_bilinear_v1_224/871b9efda54113a90d2a0e2ca9937266bade62f1efb6bbe946a8548ede05683b_224x224.png,/content/drive/MyDrive/MaizeData/GOOD_SEED/IMG_20260706_083424.jpg,871b9efda54113a90d2a0e2ca9937266bade62f1efb6bbe946a8548ede05683b,GOOD_SEED,1,871b9efda54113a90d2a0e2ca9937266bade62f1efb6bbe946a8548ede05683b,train
/content/drive/MyDrive/MaizeData/prepared_images/rgb_bilinear_v1_224/8c82730be7d8fbe2a0ba6d834a3f6ae9c524aef358a7bb22b47800e85b4adb5b_224x224.png,/content/drive/MyDrive/MaizeData/NO_MAIZE/IMG_5555.jpg,8c82730be7d8fbe2a0ba6d834a3f6ae9c524aef358a7bb22b47800e85b4adb5b,NO_MAIZE,2,8c82730be7d8fbe2a0ba6d834a3f6ae9c524aef358a7bb22b47800e85b4adb5b,train
/content/drive/MyDrive/MaizeData/prepared_images/rgb_bilinear_v1_224/bead03943d71306bfaec55c0e399f1bae10653f4fe980e390a969cb20bb35c33_224x224.png,/content/drive/MyDrive/MaizeData/NO_MAIZE/IMG_5616.jpg,bead03943d71306bfaec55c0e399f1bae10653f4fe980e390a969cb20bb35c33,NO_MAIZE,2,bead03943d71306bfaec55c0e399f1bae10653f4fe980e390a969cb20bb35c33,train
/content/drive/MyDrive/MaizeData/prepared_images/rgb_bilinear_v1_224/d910eb9f28873a99bc6b2eb37335007e31bfe5f60e60907a4b5e6fdb13f8b56b_224x224.png,/content/drive/MyDrive/MaizeData/BAD_SEED/IMG_20260707_084959_1.jpg,d910eb9f28873a99bc6b2eb37335007e31bfe5f60e60907a4b5e6fdb13f8b56b,BAD_SEED,0,d910eb9f28873a99bc6b2eb37335007e31bfe5f60e60907a4b5e6fdb13f8b56b,train
/content/drive/MyDrive/MaizeData/prepared_images/rgb_bilinear_v1_224/1afb60b7532ac46bc6217dd139ab8a2415d466f1151a0ba0e8fac2090da7e3e8_224x224.png,/content/drive/MyDrive/MaizeData/BAD_SEED/IMG_20260707_100409.jpg,1afb60b7532ac46bc6217dd139ab8a2415d466f1151a0ba0e8fac2090da7e3e8,BAD_SEED,0,1afb60b7532ac46bc6217dd139ab8a2415d466f1151a0ba0e8fac2090da7e3e8,train
/content/drive/MyDrive/MaizeData/prepared_images/rgb_bilinear_v1_224/8dc0b5a635c667a623ad4f55268c0fb62d638c9143fcfbc993e913aca3958bb0_224x224.png,/content/drive/MyDrive/MaizeData/GOOD_SEED/IMG_20260706_081349_1.jpg,8dc0b5a635c667a623ad4f55268c0fb62d638c9143fcfbc993e913aca3958bb0,GOOD_SEED,1,8dc0b5a635c667a623ad4f55268c0fb62d638c9143fcfbc993e913aca3958bb0,train
/content/drive/MyDrive/MaizeData/prepared_images/rgb_bilinear_v1_224/0178e584d3644e6adc16dd0fe72a2ae39f0b67719f4227804a718380d1258dd9_224x224.png,/content/drive/MyDrive/MaizeData/GOOD_SEED/IMG_20260706_073649.jpg,0178e584d3644e6adc16dd0fe72a2ae39f0b67719f4227804a718380d1258dd9,GOOD_SEED,1,0178e584d3644e6adc16dd0fe72a2ae39f0b67719f4227804a718380d1258dd9,train
/content/drive/MyDrive/MaizeData/prepared_images/rgb_bilinear_v1_224/38debe6e3e3b56d562495c0ab3851e0e13e02272363d972f791c23225992ea65_224x224.png,/content/drive/MyDrive/MaizeData/BAD_SEED/IMG_20260707_093036_1.jpg,38debe6e3e3b56d562495c0ab3851e0e13e02272363d972f791c23225992ea65,BAD_SEED,0,38debe6e3e3b56d562495c0ab3851e0e13e02272363d972f791c23225992ea65,train
/content/drive/MyDrive/MaizeData/prepared_images/rgb_bilinear_v1_224/76364c7b72bdf2a83693634d3aab7756cf2696ed088fc36c40fc4cbc30341407_224x224.png,/content/drive/MyDrive/MaizeData/BAD_SEED/IMG_20260709_174248_1.jpg,76364c7b72bdf2a83693634d3aab7756cf2696ed088fc36c40fc4cbc30341407,BAD_SEED,0,76364c7b72bdf2a83693634d3aab7756cf2696ed088fc36c40fc4cbc30341407,train
/content/drive/MyDrive/MaizeData/prepared_images/rgb_bilinear_v1_224/b75f2d4d814455c97adf430368736345dc28d83b756cc079ec554a4157bd0634_224x224.png,/content/drive/MyDrive/MaizeData/GOOD_SEED/IMG_20260706_094624.jpg,b75f2d4d814455c97adf430368736345dc28d83b756cc079ec554a4157bd0634,GOOD_SEED,1,b75f2d4d814455c97adf430368736345dc28d83b756cc079ec554a4157bd0634,train
/content/drive/MyDrive/MaizeData/prepared_images/rgb_bilinear_v1_224/43fe552732b12ab746f1e9b654fab69e0aa256cb0f8de648eb66e78bc6417609_224x224.png,/content/drive/MyDrive/MaizeData/GOOD_SEED/IMG_20260706_083134.jpg,43fe552732b12ab746f1e9b654fab69e0aa256cb0f8de648eb66e78bc6417609,GOOD_SEED,1,43fe552732b12ab746f1e9b654fab69e0aa256cb0f8de648eb66e78bc6417609,train
/content/drive/MyDrive/MaizeData/prepared_images/rgb_bilinear_v1_224/2a5334db493c5f57cc3585547cf43e4a8b0d7418b6861147c52e9452fd849de4_224x224.png,/content/drive/MyDrive/MaizeData/BAD_SEED/IMG_20260709_093810.jpg,2a5334db493c5f57cc3585547cf43e4a8b0d7418b6861147c52e9452fd849de4,BAD_SEED,0,2a5334db493c5f57cc3585547cf43e4a8b0d7418b6861147c52e9452fd849de4,train
/content/drive/MyDrive/MaizeData/prepared_images/rgb_bilinear_v1_224/557d3eeddf8a16e46757c43d5b4312665a3a1fd54fad3c9fb386edc59c8b4f96_224x224.png,/content/drive/MyDrive/MaizeData/BAD_SEED/IMG_20260709_174130.jpg,557d3eeddf8a16e46757c43d5b4312665a3a1fd54fad3c9fb386edc59c8b4f96,BAD_SEED,0,557d3eeddf8a16e46757c43d5b4312665a3a1fd54fad3c9fb386edc59c8b4f96,train
/content/drive/MyDrive/MaizeData/prepared_images/rgb_bilinear_v1_224/0481333e97663b7124f517efd0d6c2749c9c198dbb11a7893cb32c5c7006a858_224x224.png,/content/drive/MyDrive/MaizeData/BAD_SEED/IMG_20260707_085333.jpg,0481333e97663b7124f517efd0d6c2749c9c198dbb11a7893cb32c5c7006a858,BAD_SEED,0,0481333e97663b7124f517efd0d6c2749c9c198dbb11a7893cb32c5c7006a858,train
/content/drive/MyDrive/MaizeData/prepared_images/rgb_bilinear_v1_224/19e3a588c8ad202b8efb0e215d4bb29b00205b01c93e61989c03c416fc71822b_224x224.png,/content/drive/MyDrive/MaizeData/GOOD_SEED/IMG_20260706_083349.jpg,19e3a588c8ad202b8efb0e215d4bb29b00205b01c93e61989c03c416fc71822b,GOOD_SEED,1,19e3a588c8ad202b8efb0e215d4bb29b00205b01c93e61989c03c416fc71822b,train
/content/drive/MyDrive/MaizeData/prepared_images/rgb_bilinear_v1_224/e4f847d4d65b07da32136017fe965d9c19ee51960029f56ee61a1ace7b0296f5_224x224.png,/content/drive/MyDrive/MaizeData/BAD_SEED/IMG_20260709_185139.jpg,e4f847d4d65b07da32136017fe965d9c19ee51960029f56ee61a1ace7b0296f5,BAD_SEED,0,e4f847d4d65b07da32136017fe965d9c19ee51960029f56ee61a1ace7b0296f5,train
/content/drive/MyDrive/MaizeData/prepared_images/rgb_bilinear_v1_224/838e81cb95127e6bf6549c06759f174720b0b1a9a7de07d0c54ed3a0188a1668_224x224.png,/content/drive/MyDrive/MaizeData/NO_MAIZE/IMG_5525.jpg,838e81cb95127e6bf6549c06759f174720b0b1a9a7de07d0c54ed3a0188a1668,NO_MAIZE,2,838e81cb95127e6bf6549c06759f174720b0b1a9a7de07d0c54ed3a0188a1668,train
/content/drive/MyDrive/MaizeData/prepared_images/rgb_bilinear_v1_224/9c0fbdb5ae92fed1323558ffdb63af22278c126ef28274bc4d550888b32ef44e_224x224.png,/content/drive/MyDrive/MaizeData/BAD_SEED/IMG_20260707_093816.jpg,9c0fbdb5ae92fed1323558ffdb63af22278c126ef28274bc4d550888b32ef44e,BAD_SEED,0,9c0fbdb5ae92fed1323558ffdb63af22278c126ef28274bc4d550888b32ef44e,train
/content/drive/MyDrive/MaizeData/prepared_images/rgb_bilinear_v1_224/a4fcf872e5964d32c36b2b0ab745d25c3bb66b05a1fa76faf8abdec4e6ab9348_224x224.png,/content/drive/MyDrive/MaizeData/BAD_SEED/IMG_20260709_183846.jpg,a4fcf872e5964d32c36b2b0ab745d25c3bb66b05a1fa76faf8abdec4e6ab9348,BAD_SEED,0,a4fcf872e5964d32c36b2b0ab745d25c3bb66b05a1fa76faf8abdec4e6ab9348,train
/content/drive/MyDrive/MaizeData/prepared_images/rgb_bilinear_v1_224/2fc1803caea8c89123069bf5c8d67382ada05899af656c56d2361b33ee8fe8cb_224x224.png,/content/drive/MyDrive/MaizeData/GOOD_SEED/IMG_20260706_094918.jpg,2fc1803caea8c89123069bf5c8d67382ada05899af656c56d2361b33ee8fe8cb,GOOD_SEED,1,2fc1803caea8c89123069bf5c8d67382ada05899af656c56d2361b33ee8fe8cb,train
/content/drive/MyDrive/MaizeData/prepared_images/rgb_bilinear_v1_224/b04fd27b45cdfd45d6fecf6ca2de9368cc0babafefac056c2542e215c688c9c3_224x224.png,/content/drive/MyDrive/MaizeData/BAD_SEED/IMG_20260707_084550_1.jpg,b04fd27b45cdfd45d6fecf6ca2de9368cc0babafefac056c2542e215c688c9c3,BAD_SEED,0,b04fd27b45cdfd45d6fecf6ca2de9368cc0babafefac056c2542e215c688c9c3,train
/content/drive/MyDrive/MaizeData/prepared_images/rgb_bilinear_v1_224/ca22ff3b05edd390d71ca08415767c358dd222f4e18ae42699ed68968b41ac55_224x224.png,/content/drive/MyDrive/MaizeData/GOOD_SEED/IMG_20260706_074248.jpg,ca22ff3b05edd390d71ca08415767c358dd222f4e18ae42699ed68968b41ac55,GOOD_SEED,1,ca22ff3b05edd390d71ca08415767c358dd222f4e18ae42699ed68968b41ac55,train
/content/drive/MyDrive/MaizeData/prepared_images/rgb_bilinear_v1_224/af6c8f8962a6a654e258676f8fea90fbb28196c77a5e16cf74f06a9aa3558de6_224x224.png,/content/drive/MyDrive/MaizeData/BAD_SEED/IMG_20260707_091013.jpg,af6c8f8962a6a654e258676f8fea90fbb28196c77a5e16cf74f06a9aa3558de6,BAD_SEED,0,af6c8f8962a6a654e258676f8fea90fbb28196c77a5e16cf74f06a9aa3558de6,train
/content/drive/MyDrive/MaizeData/prepared_images/rgb_bilinear_v1_224/dc8972ee223d518509fd474b746fdd7b9b19249a0aab91dc36747232d85565bb_224x224.png,/content/drive/MyDrive/MaizeData/BAD_SEED/IMG_20260709_185528.jpg,dc8972ee223d518509fd474b746fdd7b9b19249a0aab91dc36747232d85565bb,BAD_SEED,0,dc8972ee223d518509fd474b746fdd7b9b19249a0aab91dc36747232d85565bb,train
/content/drive/MyDrive/MaizeData/prepared_images/rgb_bilinear_v1_224/4a6510e7d5edf45c5ad60d46015928354441f7e086de4b35ff96fc2f075080a2_224x224.png,/content/drive/MyDrive/MaizeData/BAD_SEED/IMG_20260709_180309.jpg,4a6510e7d5edf45c5ad60d46015928354441f7e086de4b35ff96fc2f075080a2,BAD_SEED,0,4a6510e7d5edf45c5ad60d46015928354441f7e086de4b35ff96fc2f075080a2,train
/content/drive/MyDrive/MaizeData/prepared_images/rgb_bilinear_v1_224/9619d0ed2dfba3e6d48efc3cf86b7b86e5d93523e9b7ead36ddc74f42b3380fd_224x224.png,/content/drive/MyDrive/MaizeData/GOOD_SEED/IMG_20260706_074033.jpg,9619d0ed2dfba3e6d48efc3cf86b7b86e5d93523e9b7ead36ddc74f42b3380fd,GOOD_SEED,1,9619d0ed2dfba3e6d48efc3cf86b7b86e5d93523e9b7ead36ddc74f42b3380fd,train
/content/drive/MyDrive/MaizeData/prepared_images/rgb_bilinear_v1_224/4ad4b11c2891b4a36a6a4bdfa28c6575e6ae99877242530f3d0093ce9e78140f_224x224.png,/content/drive/MyDrive/MaizeData/GOOD_SEED/IMG_20260706_081114.jpg,4ad4b11c2891b4a36a6a4bdfa28c6575e6ae99877242530f3d0093ce9e78140f,GOOD_SEED,1,4ad4b11c2891b4a36a6a4bdfa28c6575e6ae99877242530f3d0093ce9e78140f,train
/content/drive/MyDrive/MaizeData/prepared_images/rgb_bilinear_v1_224/83a6bbb1f95b0c0df6fb89836ad64a0cc2f401af84cc59fc658c531a382375d2_224x224.png,/content/drive/MyDrive/MaizeData/BAD_SEED/IMG_20260709_175710.jpg,83a6bbb1f95b0c0df6fb89836ad64a0cc2f401af84cc59fc658c531a382375d2,BAD_SEED,0,83a6bbb1f95b0c0df6fb89836ad64a0cc2f401af84cc59fc658c531a382375d2,train
/content/drive/MyDrive/MaizeData/prepared_images/rgb_bilinear_v1_224/9140afdee9ce72718aebe9c1b138e0345c631c7fdf9e6f041139a5322a602fb9_224x224.png,/content/drive/MyDrive/MaizeData/BAD_SEED/IMG_20260707_093930.jpg,9140afdee9ce72718aebe9c1b138e0345c631c7fdf9e6f041139a5322a602fb9,BAD_SEED,0,9140afdee9ce72718aebe9c1b138e0345c631c7fdf9e6f041139a5322a602fb9,train
/content/drive/MyDrive/MaizeData/prepared_images/rgb_bilinear_v1_224/ed619ae9bc65e33c57b6661959333aeec17758a17b801b200ee8cb387d236fa2_224x224.png,/content/drive/MyDrive/MaizeData/GOOD_SEED/IMG_20260706_082354.jpg,ed619ae9bc65e33c57b6661959333aeec17758a17b801b200ee8cb387d236fa2,GOOD_SEED,1,ed619ae9bc65e33c57b6661959333aeec17758a17b801b200ee8cb387d236fa2,train
/content/drive/MyDrive/MaizeData/prepared_images/rgb_bilinear_v1_224/92511284829e28e31a170b2055fce415818ebb09f29f7af38f40a59aa40a260f_224x224.png,/content/drive/MyDrive/MaizeData/BAD_SEED/IMG_20260707_084248.jpg,92511284829e28e31a170b2055fce415818ebb09f29f7af38f40a59aa40a260f,BAD_SEED,0,92511284829e28e31a170b2055fce415818ebb09f29f7af38f40a59aa40a260f,train
/content/drive/MyDrive/MaizeData/prepared_images/rgb_bilinear_v1_224/980562ae8327cfa10500393591ffd114125a2fa88ea530d77f1a0178ad2b95c6_224x224.png,/content/drive/MyDrive/MaizeData/BAD_SEED/IMG_20260709_183022.jpg,980562ae8327cfa10500393591ffd114125a2fa88ea530d77f1a0178ad2b95c6,BAD_SEED,0,980562ae8327cfa10500393591ffd114125a2fa88ea530d77f1a0178ad2b95c6,train
/content/drive/MyDrive/MaizeData/prepared_images/rgb_bilinear_v1_224/9fbee2ec08e576bdb0f4a8e20fe727a1283f34919498d6c06afa7e509c576616_224x224.png,/content/drive/MyDrive/MaizeData/BAD_SEED/IMG_20260709_091225.jpg,9fbee2ec08e576bdb0f4a8e20fe727a1283f34919498d6c06afa7e509c576616,BAD_SEED,0,9fbee2ec08e576bdb0f4a8e20fe727a1283f34919498d6c06afa7e509c576616,train
/content/drive/MyDrive/MaizeData/prepared_images/rgb_bilinear_v1_224/cedf200c6275305972abb1c5c2a482098585bcd3ed927387a579e332aa780e08_224x224.png,/content/drive/MyDrive/MaizeData/GOOD_SEED/IMG_20260706_112206.jpg,cedf200c6275305972abb1c5c2a482098585bcd3ed927387a579e332aa780e08,GOOD_SEED,1,cedf200c6275305972abb1c5c2a482098585bcd3ed927387a579e332aa780e08,train
/content/drive/MyDrive/MaizeData/prepared_images/rgb_bilinear_v1_224/efe37ac887204ee23748000c5d23ef4313f4c11fd409796e4c50518fcca01606_224x224.png,/content/drive/MyDrive/MaizeData/GOOD_SEED/IMG_20260706_082106.jpg,efe37ac887204ee23748000c5d23ef4313f4c11fd409796e4c50518fcca01606,GOOD_SEED,1,efe37ac887204ee23748000c5d23ef4313f4c11fd409796e4c50518fcca01606,train
/content/drive/MyDrive/MaizeData/prepared_images/rgb_bilinear_v1_224/ad3bb5f24f597954993de182206c08374dcc74385758d167db8c1070eb39f1ac_224x224.png,/content/drive/MyDrive/MaizeData/GOOD_SEED/IMG_20260706_090245.jpg,ad3bb5f24f597954993de182206c08374dcc74385758d167db8c1070eb39f1ac,GOOD_SEED,1,ad3bb5f24f597954993de182206c08374dcc74385758d167db8c1070eb39f1ac,train
/content/drive/MyDrive/MaizeData/prepared_images/rgb_bilinear_v1_224/c803805a1322c30434c48ace0db4b805a1b61131307db2d27d1422090f852807_224x224.png,/content/drive/MyDrive/MaizeData/BAD_SEED/IMG_20260707_090338.jpg,c803805a1322c30434c48ace0db4b805a1b61131307db2d27d1422090f852807,BAD_SEED,0,c803805a1322c30434c48ace0db4b805a1b61131307db2d27d1422090f852807,train
/content/drive/MyDrive/MaizeData/prepared_images/rgb_bilinear_v1_224/eb765ba17b96fe4d5b383c00b17584f6dc0b9d38c5ebd705b03e5d627c115677_224x224.png,/content/drive/MyDrive/MaizeData/BAD_SEED/IMG_20260709_183722.jpg,eb765ba17b96fe4d5b383c00b17584f6dc0b9d38c5ebd705b03e5d627c115677,BAD_SEED,0,eb765ba17b96fe4d5b383c00b17584f6dc0b9d38c5ebd705b03e5d627c115677,train
/content/drive/MyDrive/MaizeData/prepared_images/rgb_bilinear_v1_224/dc0075df3d02cfd747a569cee3341b6653238f3a8ef25120118c0e14621bdce6_224x224.png,/content/drive/MyDrive/MaizeData/GOOD_SEED/IMG_20260706_085312.jpg,dc0075df3d02cfd747a569cee3341b6653238f3a8ef25120118c0e14621bdce6,GOOD_SEED,1,dc0075df3d02cfd747a569cee3341b6653238f3a8ef25120118c0e14621bdce6,train
/content/drive/MyDrive/MaizeData/prepared_images/rgb_bilinear_v1_224/ba4837248ed3d58117c68a0120fe0ca26624a5504cf1ab7002b18e529aa771dd_224x224.png,/content/drive/MyDrive/MaizeData/GOOD_SEED/IMG_20260706_103455.jpg,ba4837248ed3d58117c68a0120fe0ca26624a5504cf1ab7002b18e529aa771dd,GOOD_SEED,1,ba4837248ed3d58117c68a0120fe0ca26624a5504cf1ab7002b18e529aa771dd,train
/content/drive/MyDrive/MaizeData/prepared_images/rgb_bilinear_v1_224/10b48e3c1dbadc7fd2717275329f67b9e9d0a1939e6f96c1b979a3d9319b6d4c_224x224.png,/content/drive/MyDrive/MaizeData/BAD_SEED/IMG_20260707_093456.jpg,10b48e3c1dbadc7fd2717275329f67b9e9d0a1939e6f96c1b979a3d9319b6d4c,BAD_SEED,0,10b48e3c1dbadc7fd2717275329f67b9e9d0a1939e6f96c1b979a3d9319b6d4c,train
/content/drive/MyDrive/MaizeData/prepared_images/rgb_bilinear_v1_224/7e439a073c260de1afcab9da21d59f498be1e223656d22cc046d9485d1f1844a_224x224.png,/content/drive/MyDrive/MaizeData/NO_MAIZE/IMG_5589.jpg,7e439a073c260de1afcab9da21d59f498be1e223656d22cc046d9485d1f1844a,NO_MAIZE,2,7e439a073c260de1afcab9da21d59f498be1e223656d22cc046d9485d1f1844a,train
/content/drive/MyDrive/MaizeData/prepared_images/rgb_bilinear_v1_224/786e3e6d89ff85156218adb1566ae3e62d6b9e17c654556844b1977fb07edcc9_224x224.png,/content/drive/MyDrive/MaizeData/GOOD_SEED/IMG_20260706_082916.jpg,786e3e6d89ff85156218adb1566ae3e62d6b9e17c654556844b1977fb07edcc9,GOOD_SEED,1,786e3e6d89ff85156218adb1566ae3e62d6b9e17c654556844b1977fb07edcc9,train
/content/drive/MyDrive/MaizeData/prepared_images/rgb_bilinear_v1_224/fdd13d963b3c12ca2ad72239a60215d2b5605e581a66a9967a0e4a5b30ebf978_224x224.png,/content/drive/MyDrive/MaizeData/GOOD_SEED/IMG_20260706_085555.jpg,fdd13d963b3c12ca2ad72239a60215d2b5605e581a66a9967a0e4a5b30ebf978,GOOD_SEED,1,fdd13d963b3c12ca2ad72239a60215d2b5605e581a66a9967a0e4a5b30ebf978,train
/content/drive/MyDrive/MaizeData/prepared_images/rgb_bilinear_v1_224/6c7b88c33604ed3abefb0f82601febc08be7ddca722258397897f6cffaf476a4_224x224.png,/content/drive/MyDrive/MaizeData/GOOD_SEED/IMG_20260706_085737_1.jpg,6c7b88c33604ed3abefb0f82601febc08be7ddca722258397897f6cffaf476a4,GOOD_SEED,1,6c7b88c33604ed3abefb0f82601febc08be7ddca722258397897f6cffaf476a4,train
/content/drive/MyDrive/MaizeData/prepared_images/rgb_bilinear_v1_224/d44ddb05e84b21985a4380b972be8ce995eedb1aefb062a720ca18fc43a4af56_224x224.png,/content/drive/MyDrive/MaizeData/BAD_SEED/IMG_20260707_085519.jpg,d44ddb05e84b21985a4380b972be8ce995eedb1aefb062a720ca18fc43a4af56,BAD_SEED,0,d44ddb05e84b21985a4380b972be8ce995eedb1aefb062a720ca18fc43a4af56,train
/content/drive/MyDrive/MaizeData/prepared_images/rgb_bilinear_v1_224/ed5742940970d870a7416dc61488cea4595cacbf197d33517b5f70d13f195b7f_224x224.png,/content/drive/MyDrive/MaizeData/GOOD_SEED/IMG_20260706_113407.jpg,ed5742940970d870a7416dc61488cea4595cacbf197d33517b5f70d13f195b7f,GOOD_SEED,1,ed5742940970d870a7416dc61488cea4595cacbf197d33517b5f70d13f195b7f,train
/content/drive/MyDrive/MaizeData/prepared_images/rgb_bilinear_v1_224/4b8e6e08a34f36b361d6da02105e70e57f6b9f0c1dc7a8b8ce9c4853ddaa95c7_224x224.png,/content/drive/MyDrive/MaizeData/BAD_SEED/IMG_20260707_084945_1.jpg,4b8e6e08a34f36b361d6da02105e70e57f6b9f0c1dc7a8b8ce9c4853ddaa95c7,BAD_SEED,0,4b8e6e08a34f36b361d6da02105e70e57f6b9f0c1dc7a8b8ce9c4853ddaa95c7,train
/content/drive/MyDrive/MaizeData/prepared_images/rgb_bilinear_v1_224/a4165fdc9201115620a0d7db5b64d44b75ca4aee2b46d67b5eb3313f08b0533f_224x224.png,/content/drive/MyDrive/MaizeData/GOOD_SEED/IMG_20260706_112946.jpg,a4165fdc9201115620a0d7db5b64d44b75ca4aee2b46d67b5eb3313f08b0533f,GOOD_SEED,1,a4165fdc9201115620a0d7db5b64d44b75ca4aee2b46d67b5eb3313f08b0533f,train
/content/drive/MyDrive/MaizeData/prepared_images/rgb_bilinear_v1_224/262d3963abc33917b6d32d0586e537d6e5f5d59454c6cd7722ad24ce7a0b8218_224x224.png,/content/drive/MyDrive/MaizeData/GOOD_SEED/IMG_20260706_103819.jpg,262d3963abc33917b6d32d0586e537d6e5f5d59454c6cd7722ad24ce7a0b8218,GOOD_SEED,1,262d3963abc33917b6d32d0586e537d6e5f5d59454c6cd7722ad24ce7a0b8218,train
/content/drive/MyDrive/MaizeData/prepared_images/rgb_bilinear_v1_224/7f19d4a429c67488f164d57f1d4de5b57e45650b037e4abf808fd4436648ee22_224x224.png,/content/drive/MyDrive/MaizeData/GOOD_SEED/IMG_20260706_094733.jpg,7f19d4a429c67488f164d57f1d4de5b57e45650b037e4abf808fd4436648ee22,GOOD_SEED,1,7f19d4a429c67488f164d57f1d4de5b57e45650b037e4abf808fd4436648ee22,train
/content/drive/MyDrive/MaizeData/prepared_images/rgb_bilinear_v1_224/0062bad3af4a37fdcd30d6228977ab605a14ae1679e69ba2056cc50f154ea465_224x224.png,/content/drive/MyDrive/MaizeData/GOOD_SEED/IMG_20260706_101013.jpg,0062bad3af4a37fdcd30d6228977ab605a14ae1679e69ba2056cc50f154ea465,GOOD_SEED,1,0062bad3af4a37fdcd30d6228977ab605a14ae1679e69ba2056cc50f154ea465,train
/content/drive/MyDrive/MaizeData/prepared_images/rgb_bilinear_v1_224/1e3cc071b961ceb1997c4882ba75473eff767badc889282e086c88af9b604ff3_224x224.png,/content/drive/MyDrive/MaizeData/GOOD_SEED/IMG_20260706_095135.jpg,1e3cc071b961ceb1997c4882ba75473eff767badc889282e086c88af9b604ff3,GOOD_SEED,1,1e3cc071b961ceb1997c4882ba75473eff767badc889282e086c88af9b604ff3,train
/content/drive/MyDrive/MaizeData/prepared_images/rgb_bilinear_v1_224/09f0b7faa7c75c8e9b15278ced0a4a7471c9e562bcef02d55d6482ffa8accbe7_224x224.png,/content/drive/MyDrive/MaizeData/GOOD_SEED/IMG_20260706_104112_1.jpg,09f0b7faa7c75c8e9b15278ced0a4a7471c9e562bcef02d55d6482ffa8accbe7,GOOD_SEED,1,09f0b7faa7c75c8e9b15278ced0a4a7471c9e562bcef02d55d6482ffa8accbe7,train
/content/drive/MyDrive/MaizeData/prepared_images/rgb_bilinear_v1_224/bce02e0cc0d30369321b0daa3b5cd2fa2942a9d8093ecbde538f868f26c876f4_224x224.png,/content/drive/MyDrive/MaizeData/GOOD_SEED/IMG_20260706_100027.jpg,bce02e0cc0d30369321b0daa3b5cd2fa2942a9d8093ecbde538f868f26c876f4,GOOD_SEED,1,bce02e0cc0d30369321b0daa3b5cd2fa2942a9d8093ecbde538f868f26c876f4,train
/content/drive/MyDrive/MaizeData/prepared_images/rgb_bilinear_v1_224/35e9fa2db860b55d3f63509e47b4647be7e88582bf382e95c4ebc1d354cd28a7_224x224.png,/content/drive/MyDrive/MaizeData/GOOD_SEED/IMG_20260706_113312_1.jpg,35e9fa2db860b55d3f63509e47b4647be7e88582bf382e95c4ebc1d354cd28a7,GOOD_SEED,1,35e9fa2db860b55d3f63509e47b4647be7e88582bf382e95c4ebc1d354cd28a7,train
/content/drive/MyDrive/MaizeData/prepared_images/rgb_bilinear_v1_224/c821a11d6c3fd0f2bb4c1076d32a3363d7c8df0782add03172a5e3084aa1ad43_224x224.png,/content/drive/MyDrive/MaizeData/GOOD_SEED/IMG_20260706_085239_1.jpg,c821a11d6c3fd0f2bb4c1076d32a3363d7c8df0782add03172a5e3084aa1ad43,GOOD_SEED,1,c821a11d6c3fd0f2bb4c1076d32a3363d7c8df0782add03172a5e3084aa1ad43,train
/content/drive/MyDrive/MaizeData/prepared_images/rgb_bilinear_v1_224/a121eb33f7c3693c840cb57f39cc5fb9e8b8f53892fa0036e618a11b8b4e3378_224x224.png,/content/drive/MyDrive/MaizeData/GOOD_SEED/IMG_20260706_090746.jpg,a121eb33f7c3693c840cb57f39cc5fb9e8b8f53892fa0036e618a11b8b4e3378,GOOD_SEED,1,a121eb33f7c3693c840cb57f39cc5fb9e8b8f53892fa0036e618a11b8b4e3378,train
/content/drive/MyDrive/MaizeData/prepared_images/rgb_bilinear_v1_224/5766a9a8d9b8087b4ded7e5da4d3c10a7e69d06ca24a30070fe537359aad55cc_224x224.png,/content/drive/MyDrive/MaizeData/NO_MAIZE/IMG_5584.jpg,5766a9a8d9b8087b4ded7e5da4d3c10a7e69d06ca24a30070fe537359aad55cc,NO_MAIZE,2,5766a9a8d9b8087b4ded7e5da4d3c10a7e69d06ca24a30070fe537359aad55cc,train
/content/drive/MyDrive/MaizeData/prepared_images/rgb_bilinear_v1_224/85ac98e86a58da57ead4a7d5248feacbbcdd750bb398481186ad11069c0254a5_224x224.png,/content/drive/MyDrive/MaizeData/GOOD_SEED/IMG_20260706_074403.jpg,85ac98e86a58da57ead4a7d5248feacbbcdd750bb398481186ad11069c0254a5,GOOD_SEED,1,85ac98e86a58da57ead4a7d5248feacbbcdd750bb398481186ad11069c0254a5,train
/content/drive/MyDrive/MaizeData/prepared_images/rgb_bilinear_v1_224/d7b75ac2e5bbcd470bbfa2328cf452b0f550293141a910df6e3c008e0d2111e0_224x224.png,/content/drive/MyDrive/MaizeData/NO_MAIZE/IMG_5569.jpg,d7b75ac2e5bbcd470bbfa2328cf452b0f550293141a910df6e3c008e0d2111e0,NO_MAIZE,2,d7b75ac2e5bbcd470bbfa2328cf452b0f550293141a910df6e3c008e0d2111e0,train
/content/drive/MyDrive/MaizeData/prepared_images/rgb_bilinear_v1_224/6b3b4717a4ed01ae2e343b725c5e96a24d7fd7612fc73d8f5e2d29244e62f5cb_224x224.png,/content/drive/MyDrive/MaizeData/BAD_SEED/IMG_20260709_174412.jpg,6b3b4717a4ed01ae2e343b725c5e96a24d7fd7612fc73d8f5e2d29244e62f5cb,BAD_SEED,0,6b3b4717a4ed01ae2e343b725c5e96a24d7fd7612fc73d8f5e2d29244e62f5cb,train
/content/drive/MyDrive/MaizeData/prepared_images/rgb_bilinear_v1_224/d7acf768c93475a523b57f14d5a9e13c76b9c1f8e3180baa02c4553d2a85ce98_224x224.png,/content/drive/MyDrive/MaizeData/BAD_SEED/IMG_20260709_094239_1.jpg,d7acf768c93475a523b57f14d5a9e13c76b9c1f8e3180baa02c4553d2a85ce98,BAD_SEED,0,d7acf768c93475a523b57f14d5a9e13c76b9c1f8e3180baa02c4553d2a85ce98,train
/content/drive/MyDrive/MaizeData/prepared_images/rgb_bilinear_v1_224/fa3c4b33b91c550506f2fb996efb582292448eece09cc62fbd603f222329d6b6_224x224.png,/content/drive/MyDrive/MaizeData/GOOD_SEED/IMG_20260706_084156_1.jpg,fa3c4b33b91c550506f2fb996efb582292448eece09cc62fbd603f222329d6b6,GOOD_SEED,1,fa3c4b33b91c550506f2fb996efb582292448eece09cc62fbd603f222329d6b6,train
/content/drive/MyDrive/MaizeData/prepared_images/rgb_bilinear_v1_224/9fc051f4ddaadcfb9a215c84708d3256d420e3d9a9f61d4988db59c958c7a9a8_224x224.png,/content/drive/MyDrive/MaizeData/BAD_SEED/IMG_20260707_084056.jpg,9fc051f4ddaadcfb9a215c84708d3256d420e3d9a9f61d4988db59c958c7a9a8,BAD_SEED,0,9fc051f4ddaadcfb9a215c84708d3256d420e3d9a9f61d4988db59c958c7a9a8,train
/content/drive/MyDrive/MaizeData/prepared_images/rgb_bilinear_v1_224/593869820951af1875d115d9a434a1031b5e0e9e7e5f551e53f7fafa6009df77_224x224.png,/content/drive/MyDrive/MaizeData/GOOD_SEED/IMG_20260706_100124.jpg,593869820951af1875d115d9a434a1031b5e0e9e7e5f551e53f7fafa6009df77,GOOD_SEED,1,593869820951af1875d115d9a434a1031b5e0e9e7e5f551e53f7fafa6009df77,train
/content/drive/MyDrive/MaizeData/prepared_images/rgb_bilinear_v1_224/d9ccdcb819da374f024dfd86541528939fe28db9126badd741f2ec441cb9fec2_224x224.png,/content/drive/MyDrive/MaizeData/GOOD_SEED/IMG_20260706_094225.jpg,d9ccdcb819da374f024dfd86541528939fe28db9126badd741f2ec441cb9fec2,GOOD_SEED,1,d9ccdcb819da374f024dfd86541528939fe28db9126badd741f2ec441cb9fec2,train
/content/drive/MyDrive/MaizeData/prepared_images/rgb_bilinear_v1_224/052bb0b4cfe31016e5d5e64c6cda631ca6b3abe4f28b99e5f0ac6329c4571cbb_224x224.png,/content/drive/MyDrive/MaizeData/BAD_SEED/IMG_20260707_094044_1.jpg,052bb0b4cfe31016e5d5e64c6cda631ca6b3abe4f28b99e5f0ac6329c4571cbb,BAD_SEED,0,052bb0b4cfe31016e5d5e64c6cda631ca6b3abe4f28b99e5f0ac6329c4571cbb,train
/content/drive/MyDrive/MaizeData/prepared_images/rgb_bilinear_v1_224/cabfc35e3cf2a814f80249c646632023456be2240d022178f08c6f7a2199bf13_224x224.png,/content/drive/MyDrive/MaizeData/BAD_SEED/IMG_20260709_091740.jpg,cabfc35e3cf2a814f80249c646632023456be2240d022178f08c6f7a2199bf13,BAD_SEED,0,cabfc35e3cf2a814f80249c646632023456be2240d022178f08c6f7a2199bf13,train
/content/drive/MyDrive/MaizeData/prepared_images/rgb_bilinear_v1_224/811de023a803488ea3a3d7a97780c177a2dd3af731f7a8262cfa8d1c6d494d18_224x224.png,/content/drive/MyDrive/MaizeData/BAD_SEED/IMG_20260709_183207.jpg,811de023a803488ea3a3d7a97780c177a2dd3af731f7a8262cfa8d1c6d494d18,BAD_SEED,0,811de023a803488ea3a3d7a97780c177a2dd3af731f7a8262cfa8d1c6d494d18,train
/content/drive/MyDrive/MaizeData/prepared_images/rgb_bilinear_v1_224/55b2027d7b5c6275ce469d4486a1e59d0bca816f6f82c2c00ed690987d0c4c88_224x224.png,/content/drive/MyDrive/MaizeData/BAD_SEED/IMG_20260709_094654.jpg,55b2027d7b5c6275ce469d4486a1e59d0bca816f6f82c2c00ed690987d0c4c88,BAD_SEED,0,55b2027d7b5c6275ce469d4486a1e59d0bca816f6f82c2c00ed690987d0c4c88,train
/content/drive/MyDrive/MaizeData/prepared_images/rgb_bilinear_v1_224/7eda76fd64b358c1d9f602057e8b43632445af3f841b6bdb700697b67415172a_224x224.png,/content/drive/MyDrive/MaizeData/GOOD_SEED/IMG_20260706_083520.jpg,7eda76fd64b358c1d9f602057e8b43632445af3f841b6bdb700697b67415172a,GOOD_SEED,1,7eda76fd64b358c1d9f602057e8b43632445af3f841b6bdb700697b67415172a,train
/content/drive/MyDrive/MaizeData/prepared_images/rgb_bilinear_v1_224/5ff13589141da588c5c54910411ce4cdb186479e4544b8dda36d1067d9abac4c_224x224.png,/content/drive/MyDrive/MaizeData/BAD_SEED/IMG_20260707_091031.jpg,5ff13589141da588c5c54910411ce4cdb186479e4544b8dda36d1067d9abac4c,BAD_SEED,0,5ff13589141da588c5c54910411ce4cdb186479e4544b8dda36d1067d9abac4c,train
/content/drive/MyDrive/MaizeData/prepared_images/rgb_bilinear_v1_224/628fae995ab25830ade2d2d09e5ab4956368d52c9a21efbc96ff73a8973702f2_224x224.png,/content/drive/MyDrive/MaizeData/BAD_SEED/IMG_20260709_174708.jpg,628fae995ab25830ade2d2d09e5ab4956368d52c9a21efbc96ff73a8973702f2,BAD_SEED,0,628fae995ab25830ade2d2d09e5ab4956368d52c9a21efbc96ff73a8973702f2,train
/content/drive/MyDrive/MaizeData/prepared_images/rgb_bilinear_v1_224/b0c5699979f57ce578e4dec3cc0660f6e31416a0500e9d386006264b3a5a9f85_224x224.png,/content/drive/MyDrive/MaizeData/BAD_SEED/IMG_20260709_174121_1.jpg,b0c5699979f57ce578e4dec3cc0660f6e31416a0500e9d386006264b3a5a9f85,BAD_SEED,0,b0c5699979f57ce578e4dec3cc0660f6e31416a0500e9d386006264b3a5a9f85,train
/content/drive/MyDrive/MaizeData/prepared_images/rgb_bilinear_v1_224/33f80ae0a274e6e3608c1c227fa4e15b6c5d4652870210daf39ce8c23ed29b5a_224x224.png,/content/drive/MyDrive/MaizeData/GOOD_SEED/IMG_20260706_082237.jpg,33f80ae0a274e6e3608c1c227fa4e15b6c5d4652870210daf39ce8c23ed29b5a,GOOD_SEED,1,33f80ae0a274e6e3608c1c227fa4e15b6c5d4652870210daf39ce8c23ed29b5a,train
/content/drive/MyDrive/MaizeData/prepared_images/rgb_bilinear_v1_224/88b96286594ddf2a5dea5718b78251a5543c030d7d5ecdf07ae09eb5d4d78912_224x224.png,/content/drive/MyDrive/MaizeData/BAD_SEED/IMG_20260709_183434.jpg,88b96286594ddf2a5dea5718b78251a5543c030d7d5ecdf07ae09eb5d4d78912,BAD_SEED,0,88b96286594ddf2a5dea5718b78251a5543c030d7d5ecdf07ae09eb5d4d78912,train
/content/drive/MyDrive/MaizeData/prepared_images/rgb_bilinear_v1_224/da878328daa46a752b940cd18adabd348a1486d55a2556e9225efc20dfe24496_224x224.png,/content/drive/MyDrive/MaizeData/BAD_SEED/IMG_20260707_102017.jpg,da878328daa46a752b940cd18adabd348a1486d55a2556e9225efc20dfe24496,BAD_SEED,0,da878328daa46a752b940cd18adabd348a1486d55a2556e9225efc20dfe24496,train
/content/drive/MyDrive/MaizeData/prepared_images/rgb_bilinear_v1_224/d1e7d068dc4dc9f5c8f1e4bd11980a19e0939627a0619a5ff434f4ab8cd31dfe_224x224.png,/content/drive/MyDrive/MaizeData/NO_MAIZE/IMG_5613.jpg,d1e7d068dc4dc9f5c8f1e4bd11980a19e0939627a0619a5ff434f4ab8cd31dfe,NO_MAIZE,2,d1e7d068dc4dc9f5c8f1e4bd11980a19e0939627a0619a5ff434f4ab8cd31dfe,train
/content/drive/MyDrive/MaizeData/prepared_images/rgb_bilinear_v1_224/f949dac91109d96244eac0949f557d1d66906221b21758d1eb58d733b27bd189_224x224.png,/content/drive/MyDrive/MaizeData/GOOD_SEED/IMG_20260706_091102.jpg,f949dac91109d96244eac0949f557d1d66906221b21758d1eb58d733b27bd189,GOOD_SEED,1,f949dac91109d96244eac0949f557d1d66906221b21758d1eb58d733b27bd189,train
/content/drive/MyDrive/MaizeData/prepared_images/rgb_bilinear_v1_224/881382947929eabc1c05be9798a94ef142665d6fcc382796d526e7e022fa6d8e_224x224.png,/content/drive/MyDrive/MaizeData/BAD_SEED/IMG_20260707_091305.jpg,881382947929eabc1c05be9798a94ef142665d6fcc382796d526e7e022fa6d8e,BAD_SEED,0,881382947929eabc1c05be9798a94ef142665d6fcc382796d526e7e022fa6d8e,train
/content/drive/MyDrive/MaizeData/prepared_images/rgb_bilinear_v1_224/038133a3a11b7dc21ca1e72832539e01fc3623f46715b8250d34973d767ee350_224x224.png,/content/drive/MyDrive/MaizeData/GOOD_SEED/IMG_20260706_085506.jpg,038133a3a11b7dc21ca1e72832539e01fc3623f46715b8250d34973d767ee350,GOOD_SEED,1,038133a3a11b7dc21ca1e72832539e01fc3623f46715b8250d34973d767ee350,train
/content/drive/MyDrive/MaizeData/prepared_images/rgb_bilinear_v1_224/ae714b6f2625e55d97a533d421e27411bf2b681f55fe87bf533d34f889567179_224x224.png,/content/drive/MyDrive/MaizeData/GOOD_SEED/IMG_20260706_081756.jpg,ae714b6f2625e55d97a533d421e27411bf2b681f55fe87bf533d34f889567179,GOOD_SEED,1,ae714b6f2625e55d97a533d421e27411bf2b681f55fe87bf533d34f889567179,train
/content/drive/MyDrive/MaizeData/prepared_images/rgb_bilinear_v1_224/41102684cef4129c71596a77581d63349c2a27873a764fb530978c8c14c13de9_224x224.png,/content/drive/MyDrive/MaizeData/BAD_SEED/IMG_20260709_094544.jpg,41102684cef4129c71596a77581d63349c2a27873a764fb530978c8c14c13de9,BAD_SEED,0,41102684cef4129c71596a77581d63349c2a27873a764fb530978c8c14c13de9,train
/content/drive/MyDrive/MaizeData/prepared_images/rgb_bilinear_v1_224/fd5c81f0901db8d6c4cf0281708291c2dfe828ec17063fae3e40d42dda4c471b_224x224.png,/content/drive/MyDrive/MaizeData/BAD_SEED/IMG_20260709_184339.jpg,fd5c81f0901db8d6c4cf0281708291c2dfe828ec17063fae3e40d42dda4c471b,BAD_SEED,0,fd5c81f0901db8d6c4cf0281708291c2dfe828ec17063fae3e40d42dda4c471b,train
/content/drive/MyDrive/MaizeData/prepared_images/rgb_bilinear_v1_224/53fe625a60fb970ac5f940033ed9aa099532de7dd41e218598508ad6a4b88b07_224x224.png,/content/drive/MyDrive/MaizeData/GOOD_SEED/IMG_20260706_083451.jpg,53fe625a60fb970ac5f940033ed9aa099532de7dd41e218598508ad6a4b88b07,GOOD_SEED,1,53fe625a60fb970ac5f940033ed9aa099532de7dd41e218598508ad6a4b88b07,train
/content/drive/MyDrive/MaizeData/prepared_images/rgb_bilinear_v1_224/ef9efc113be95b65e8e3b80dde466af7a88d2bd024eb49b379a1ba50b310971b_224x224.png,/content/drive/MyDrive/MaizeData/NO_MAIZE/IMG_5595.jpg,ef9efc113be95b65e8e3b80dde466af7a88d2bd024eb49b379a1ba50b310971b,NO_MAIZE,2,ef9efc113be95b65e8e3b80dde466af7a88d2bd024eb49b379a1ba50b310971b,train
/content/drive/MyDrive/MaizeData/prepared_images/rgb_bilinear_v1_224/d5b12809a782c55c6d88d123715606cd3d05a4f7affc622ff051e0d0a215a45f_224x224.png,/content/drive/MyDrive/MaizeData/NO_MAIZE/IMG_5522.jpg,d5b12809a782c55c6d88d123715606cd3d05a4f7affc622ff051e0d0a215a45f,NO_MAIZE,2,d5b12809a782c55c6d88d123715606cd3d05a4f7affc622ff051e0d0a215a45f,train
/content/drive/MyDrive/MaizeData/prepared_images/rgb_bilinear_v1_224/7e1ed30eee62b75bbcbb23c45ec45c0c2009712f66c8b433e11341654aa25719_224x224.png,/content/drive/MyDrive/MaizeData/BAD_SEED/IMG_20260707_085837.jpg,7e1ed30eee62b75bbcbb23c45ec45c0c2009712f66c8b433e11341654aa25719,BAD_SEED,0,7e1ed30eee62b75bbcbb23c45ec45c0c2009712f66c8b433e11341654aa25719,train
/content/drive/MyDrive/MaizeData/prepared_images/rgb_bilinear_v1_224/3ddfe5e451d2f10e6c32979dc1beb1c86407636a7888e785f76f29edb8de869e_224x224.png,/content/drive/MyDrive/MaizeData/GOOD_SEED/IMG_20260706_100408.jpg,3ddfe5e451d2f10e6c32979dc1beb1c86407636a7888e785f76f29edb8de869e,GOOD_SEED,1,3ddfe5e451d2f10e6c32979dc1beb1c86407636a7888e785f76f29edb8de869e,train
/content/drive/MyDrive/MaizeData/prepared_images/rgb_bilinear_v1_224/8f8f46e9659a576036c5ecaecff072dec6e83906d2e258fc5b08a76fd7f0f00e_224x224.png,/content/drive/MyDrive/MaizeData/BAD_SEED/IMG_20260709_091201_1.jpg,8f8f46e9659a576036c5ecaecff072dec6e83906d2e258fc5b08a76fd7f0f00e,BAD_SEED,0,8f8f46e9659a576036c5ecaecff072dec6e83906d2e258fc5b08a76fd7f0f00e,train
/content/drive/MyDrive/MaizeData/prepared_images/rgb_bilinear_v1_224/b8de267865cd14d9c30ea7dc7bd754a577200a063cd06bf684eaa1b99a32fb4b_224x224.png,/content/drive/MyDrive/MaizeData/GOOD_SEED/IMG_20260706_081716_1.jpg,b8de267865cd14d9c30ea7dc7bd754a577200a063cd06bf684eaa1b99a32fb4b,GOOD_SEED,1,b8de267865cd14d9c30ea7dc7bd754a577200a063cd06bf684eaa1b99a32fb4b,train
/content/drive/MyDrive/MaizeData/prepared_images/rgb_bilinear_v1_224/ba2626b265fd975f167f4b980dcdc054ac5633ecea772a47e8f85956366e787e_224x224.png,/content/drive/MyDrive/MaizeData/BAD_SEED/IMG_20260709_180044.jpg,ba2626b265fd975f167f4b980dcdc054ac5633ecea772a47e8f85956366e787e,BAD_SEED,0,ba2626b265fd975f167f4b980dcdc054ac5633ecea772a47e8f85956366e787e,train
/content/drive/MyDrive/MaizeData/prepared_images/rgb_bilinear_v1_224/2ad7b9dadb086f6f5c8f61ed878850395f63dbb37cd0a085f4a38ec371a3e0b7_224x224.png,/content/drive/MyDrive/MaizeData/NO_MAIZE/IMG_5594.jpg,2ad7b9dadb086f6f5c8f61ed878850395f63dbb37cd0a085f4a38ec371a3e0b7,NO_MAIZE,2,2ad7b9dadb086f6f5c8f61ed878850395f63dbb37cd0a085f4a38ec371a3e0b7,train
/content/drive/MyDrive/MaizeData/prepared_images/rgb_bilinear_v1_224/b7188cac46f222275744c96dc23255833a15bd9a3b3eb6b59f95d40da29982f9_224x224.png,/content/drive/MyDrive/MaizeData/BAD_SEED/IMG_20260707_100513.jpg,b7188cac46f222275744c96dc23255833a15bd9a3b3eb6b59f95d40da29982f9,BAD_SEED,0,b7188cac46f222275744c96dc23255833a15bd9a3b3eb6b59f95d40da29982f9,train
/content/drive/MyDrive/MaizeData/prepared_images/rgb_bilinear_v1_224/fb5c21d8c66f8a4e3ce675716cbc0edd0199f024b52d4f5bfe8dfa11e0b53f11_224x224.png,/content/drive/MyDrive/MaizeData/GOOD_SEED/IMG_20260706_090912.jpg,fb5c21d8c66f8a4e3ce675716cbc0edd0199f024b52d4f5bfe8dfa11e0b53f11,GOOD_SEED,1,fb5c21d8c66f8a4e3ce675716cbc0edd0199f024b52d4f5bfe8dfa11e0b53f11,train
/content/drive/MyDrive/MaizeData/prepared_images/rgb_bilinear_v1_224/1391130d78dc7e33f8b0202668f55d775fe6284af47e4aac2bf0f3b3685b47fc_224x224.png,/content/drive/MyDrive/MaizeData/BAD_SEED/IMG_20260707_093115.jpg,1391130d78dc7e33f8b0202668f55d775fe6284af47e4aac2bf0f3b3685b47fc,BAD_SEED,0,1391130d78dc7e33f8b0202668f55d775fe6284af47e4aac2bf0f3b3685b47fc,train
/content/drive/MyDrive/MaizeData/prepared_images/rgb_bilinear_v1_224/b788c5d2e733d96d3e6866bb5de6b4c1b36d1416d1723b70c85a05a0640865c7_224x224.png,/content/drive/MyDrive/MaizeData/GOOD_SEED/IMG_20260706_083007_1.jpg,b788c5d2e733d96d3e6866bb5de6b4c1b36d1416d1723b70c85a05a0640865c7,GOOD_SEED,1,b788c5d2e733d96d3e6866bb5de6b4c1b36d1416d1723b70c85a05a0640865c7,train
/content/drive/MyDrive/MaizeData/prepared_images/rgb_bilinear_v1_224/327fde62890d4456002a52f54d218948a4d37cd922e7a2ef4bdf630ac249894e_224x224.png,/content/drive/MyDrive/MaizeData/BAD_SEED/IMG_20260707_094234.jpg,327fde62890d4456002a52f54d218948a4d37cd922e7a2ef4bdf630ac249894e,BAD_SEED,0,327fde62890d4456002a52f54d218948a4d37cd922e7a2ef4bdf630ac249894e,train
/content/drive/MyDrive/MaizeData/prepared_images/rgb_bilinear_v1_224/8d2c3ee927603d4b9c0eef141a61dfe2b44bb1376a3444971af31d38b08db3d6_224x224.png,/content/drive/MyDrive/MaizeData/GOOD_SEED/IMG_20260706_085844.jpg,8d2c3ee927603d4b9c0eef141a61dfe2b44bb1376a3444971af31d38b08db3d6,GOOD_SEED,1,8d2c3ee927603d4b9c0eef141a61dfe2b44bb1376a3444971af31d38b08db3d6,train
/content/drive/MyDrive/MaizeData/prepared_images/rgb_bilinear_v1_224/07300c1096f1772e91761a0ae42c46016dbc81d6d0bfaac95e968576dba700ef_224x224.png,/content/drive/MyDrive/MaizeData/BAD_SEED/IMG_20260709_094202.jpg,07300c1096f1772e91761a0ae42c46016dbc81d6d0bfaac95e968576dba700ef,BAD_SEED,0,07300c1096f1772e91761a0ae42c46016dbc81d6d0bfaac95e968576dba700ef,train
/content/drive/MyDrive/MaizeData/prepared_images/rgb_bilinear_v1_224/ef060bbffe20c8734bd6bb12208911c59e40c0c940dd73766ecc44b2c6526207_224x224.png,/content/drive/MyDrive/MaizeData/BAD_SEED/IMG_20260709_092016.jpg,ef060bbffe20c8734bd6bb12208911c59e40c0c940dd73766ecc44b2c6526207,BAD_SEED,0,ef060bbffe20c8734bd6bb12208911c59e40c0c940dd73766ecc44b2c6526207,train
/content/drive/MyDrive/MaizeData/prepared_images/rgb_bilinear_v1_224/f1509ff2638fe66e52feaf746fb41cc299ff04c3ef07fd73e180ed14e3184b7e_224x224.png,/content/drive/MyDrive/MaizeData/GOOD_SEED/IMG_20260706_091250.jpg,f1509ff2638fe66e52feaf746fb41cc299ff04c3ef07fd73e180ed14e3184b7e,GOOD_SEED,1,f1509ff2638fe66e52feaf746fb41cc299ff04c3ef07fd73e180ed14e3184b7e,train
/content/drive/MyDrive/MaizeData/prepared_images/rgb_bilinear_v1_224/613625b6d526693b6cafff90ba3a858ec9cba9f740de2dbeca0cab6b3aeeb333_224x224.png,/content/drive/MyDrive/MaizeData/BAD_SEED/IMG_20260707_100211.jpg,613625b6d526693b6cafff90ba3a858ec9cba9f740de2dbeca0cab6b3aeeb333,BAD_SEED,0,613625b6d526693b6cafff90ba3a858ec9cba9f740de2dbeca0cab6b3aeeb333,train
/content/drive/MyDrive/MaizeData/prepared_images/rgb_bilinear_v1_224/b9094210d75e50c46fadfae3632046800e91901243a7bf77fb80cb3695280573_224x224.png,/content/drive/MyDrive/MaizeData/GOOD_SEED/IMG_20260706_085454.jpg,b9094210d75e50c46fadfae3632046800e91901243a7bf77fb80cb3695280573,GOOD_SEED,1,b9094210d75e50c46fadfae3632046800e91901243a7bf77fb80cb3695280573,train
/content/drive/MyDrive/MaizeData/prepared_images/rgb_bilinear_v1_224/178d0daac3b7ebabb44de960072a75c89030dab32d65a949e73c5f9afe10adb5_224x224.png,/content/drive/MyDrive/MaizeData/GOOD_SEED/IMG_20260706_083507.jpg,178d0daac3b7ebabb44de960072a75c89030dab32d65a949e73c5f9afe10adb5,GOOD_SEED,1,178d0daac3b7ebabb44de960072a75c89030dab32d65a949e73c5f9afe10adb5,train
/content/drive/MyDrive/MaizeData/prepared_images/rgb_bilinear_v1_224/84ad872e04792013470013ac644fa83be9088f75058fd3230c9e44716854253c_224x224.png,/content/drive/MyDrive/MaizeData/BAD_SEED/IMG_20260709_173831.jpg,84ad872e04792013470013ac644fa83be9088f75058fd3230c9e44716854253c,BAD_SEED,0,84ad872e04792013470013ac644fa83be9088f75058fd3230c9e44716854253c,train
/content/drive/MyDrive/MaizeData/prepared_images/rgb_bilinear_v1_224/91c62dafb689dd403f0643bb021e65381b089f197f311dab77daad01a48faf86_224x224.png,/content/drive/MyDrive/MaizeData/GOOD_SEED/IMG_20260706_100100_1.jpg,91c62dafb689dd403f0643bb021e65381b089f197f311dab77daad01a48faf86,GOOD_SEED,1,91c62dafb689dd403f0643bb021e65381b089f197f311dab77daad01a48faf86,train
/content/drive/MyDrive/MaizeData/prepared_images/rgb_bilinear_v1_224/f4658cbc14012862fc99aa8646e802013a72a0de0c225a2a50f07452c346a863_224x224.png,/content/drive/MyDrive/MaizeData/BAD_SEED/IMG_20260707_101355.jpg,f4658cbc14012862fc99aa8646e802013a72a0de0c225a2a50f07452c346a863,BAD_SEED,0,f4658cbc14012862fc99aa8646e802013a72a0de0c225a2a50f07452c346a863,train
/content/drive/MyDrive/MaizeData/prepared_images/rgb_bilinear_v1_224/8d935ae19ccce62a1ef70c098151adaa4212773aad10096b36b4132f67fe3cf0_224x224.png,/content/drive/MyDrive/MaizeData/GOOD_SEED/IMG_20260706_083620.jpg,8d935ae19ccce62a1ef70c098151adaa4212773aad10096b36b4132f67fe3cf0,GOOD_SEED,1,8d935ae19ccce62a1ef70c098151adaa4212773aad10096b36b4132f67fe3cf0,train
/content/drive/MyDrive/MaizeData/prepared_images/rgb_bilinear_v1_224/43b2a5833b653bd7c470485c3c97a0c9fbe8da51d724c0cccaddab82921c734b_224x224.png,/content/drive/MyDrive/MaizeData/GOOD_SEED/IMG_20260706_112801_1.jpg,43b2a5833b653bd7c470485c3c97a0c9fbe8da51d724c0cccaddab82921c734b,GOOD_SEED,1,43b2a5833b653bd7c470485c3c97a0c9fbe8da51d724c0cccaddab82921c734b,train
/content/drive/MyDrive/MaizeData/prepared_images/rgb_bilinear_v1_224/248396a8530db8e44972d8fc0331e08676a9b08a807ab801810e59683c93a064_224x224.png,/content/drive/MyDrive/MaizeData/BAD_SEED/IMG_20260709_094105.jpg,248396a8530db8e44972d8fc0331e08676a9b08a807ab801810e59683c93a064,BAD_SEED,0,248396a8530db8e44972d8fc0331e08676a9b08a807ab801810e59683c93a064,train
/content/drive/MyDrive/MaizeData/prepared_images/rgb_bilinear_v1_224/b742678a864733b1d02f9048e3e8414dc05ffbeca1fca42fc15436e623187c43_224x224.png,/content/drive/MyDrive/MaizeData/GOOD_SEED/IMG_20260706_081028.jpg,b742678a864733b1d02f9048e3e8414dc05ffbeca1fca42fc15436e623187c43,GOOD_SEED,1,b742678a864733b1d02f9048e3e8414dc05ffbeca1fca42fc15436e623187c43,train
/content/drive/MyDrive/MaizeData/prepared_images/rgb_bilinear_v1_224/88e974da6c505f4ce83b26b70f6397c614a225676e5f5ea54c7e084ba60e4b1a_224x224.png,/content/drive/MyDrive/MaizeData/GOOD_SEED/IMG_20260706_095627.jpg,88e974da6c505f4ce83b26b70f6397c614a225676e5f5ea54c7e084ba60e4b1a,GOOD_SEED,1,88e974da6c505f4ce83b26b70f6397c614a225676e5f5ea54c7e084ba60e4b1a,train
/content/drive/MyDrive/MaizeData/prepared_images/rgb_bilinear_v1_224/ed2749bad6833340c7ec5e218a81cd6b292db68876bcf815ba6b94e95c31d692_224x224.png,/content/drive/MyDrive/MaizeData/BAD_SEED/IMG_20260707_084415.jpg,ed2749bad6833340c7ec5e218a81cd6b292db68876bcf815ba6b94e95c31d692,BAD_SEED,0,ed2749bad6833340c7ec5e218a81cd6b292db68876bcf815ba6b94e95c31d692,train
/content/drive/MyDrive/MaizeData/prepared_images/rgb_bilinear_v1_224/f9050ce5d8d81dbad8be0c1b30936d524c891a943909ca689fa3a56f3f3829c7_224x224.png,/content/drive/MyDrive/MaizeData/GOOD_SEED/IMG_20260706_075733.jpg,f9050ce5d8d81dbad8be0c1b30936d524c891a943909ca689fa3a56f3f3829c7,GOOD_SEED,1,f9050ce5d8d81dbad8be0c1b30936d524c891a943909ca689fa3a56f3f3829c7,train
/content/drive/MyDrive/MaizeData/prepared_images/rgb_bilinear_v1_224/bc9b56b18af72f69130e8a63709699b8d451185042b5139091a876a3ac7886dd_224x224.png,/content/drive/MyDrive/MaizeData/GOOD_SEED/IMG_20260706_103027.jpg,bc9b56b18af72f69130e8a63709699b8d451185042b5139091a876a3ac7886dd,GOOD_SEED,1,bc9b56b18af72f69130e8a63709699b8d451185042b5139091a876a3ac7886dd,train
/content/drive/MyDrive/MaizeData/prepared_images/rgb_bilinear_v1_224/db7a504e044c11f06afb5ca49457c2c3dfb298510e90cd94b6eb2cc6fd56049e_224x224.png,/content/drive/MyDrive/MaizeData/GOOD_SEED/IMG_20260706_075222.jpg,db7a504e044c11f06afb5ca49457c2c3dfb298510e90cd94b6eb2cc6fd56049e,GOOD_SEED,1,db7a504e044c11f06afb5ca49457c2c3dfb298510e90cd94b6eb2cc6fd56049e,train
/content/drive/MyDrive/MaizeData/prepared_images/rgb_bilinear_v1_224/55dc20f9bdbc5a29f58bf15184254a881cf5e9847a41ac539b03df36625554c3_224x224.png,/content/drive/MyDrive/MaizeData/GOOD_SEED/IMG_20260706_074049.jpg,55dc20f9bdbc5a29f58bf15184254a881cf5e9847a41ac539b03df36625554c3,GOOD_SEED,1,55dc20f9bdbc5a29f58bf15184254a881cf5e9847a41ac539b03df36625554c3,train
/content/drive/MyDrive/MaizeData/prepared_images/rgb_bilinear_v1_224/2e4342e81cb40f3db3475e64e359dec501269b9a8df9ee305c2fa091156755da_224x224.png,/content/drive/MyDrive/MaizeData/GOOD_SEED/IMG_20260706_081407.jpg,2e4342e81cb40f3db3475e64e359dec501269b9a8df9ee305c2fa091156755da,GOOD_SEED,1,2e4342e81cb40f3db3475e64e359dec501269b9a8df9ee305c2fa091156755da,train
/content/drive/MyDrive/MaizeData/prepared_images/rgb_bilinear_v1_224/09226ca53a83faa918cbf459f6eb65efbb0e062ee4df640674a86bb8a9548174_224x224.png,/content/drive/MyDrive/MaizeData/BAD_SEED/IMG_20260707_091959.jpg,09226ca53a83faa918cbf459f6eb65efbb0e062ee4df640674a86bb8a9548174,BAD_SEED,0,09226ca53a83faa918cbf459f6eb65efbb0e062ee4df640674a86bb8a9548174,train
/content/drive/MyDrive/MaizeData/prepared_images/rgb_bilinear_v1_224/d590c6cfac4b0cab969ae00de29943bb4777db03958f877d4f03c294ec51d20c_224x224.png,/content/drive/MyDrive/MaizeData/GOOD_SEED/IMG_20260706_100422.jpg,d590c6cfac4b0cab969ae00de29943bb4777db03958f877d4f03c294ec51d20c,GOOD_SEED,1,d590c6cfac4b0cab969ae00de29943bb4777db03958f877d4f03c294ec51d20c,train
/content/drive/MyDrive/MaizeData/prepared_images/rgb_bilinear_v1_224/7fb306dcd0a00bc7d72091067ac2132ef0cee2a3a22e84dfdff8da2c10359b98_224x224.png,/content/drive/MyDrive/MaizeData/BAD_SEED/IMG_20260709_174236.jpg,7fb306dcd0a00bc7d72091067ac2132ef0cee2a3a22e84dfdff8da2c10359b98,BAD_SEED,0,7fb306dcd0a00bc7d72091067ac2132ef0cee2a3a22e84dfdff8da2c10359b98,train
/content/drive/MyDrive/MaizeData/prepared_images/rgb_bilinear_v1_224/db5919f781e9ded98db0048236bcb489936c887ea9bb66245ecda85a4acb76c2_224x224.png,/content/drive/MyDrive/MaizeData/GOOD_SEED/IMG_20260706_085534.jpg,db5919f781e9ded98db0048236bcb489936c887ea9bb66245ecda85a4acb76c2,GOOD_SEED,1,db5919f781e9ded98db0048236bcb489936c887ea9bb66245ecda85a4acb76c2,train
/content/drive/MyDrive/MaizeData/prepared_images/rgb_bilinear_v1_224/5ba5ce52c01b8d857e1368b5ea6d8c53ac07142a68ac64b9573d0cebb05c4e68_224x224.png,/content/drive/MyDrive/MaizeData/BAD_SEED/IMG_20260709_085902.jpg,5ba5ce52c01b8d857e1368b5ea6d8c53ac07142a68ac64b9573d0cebb05c4e68,BAD_SEED,0,5ba5ce52c01b8d857e1368b5ea6d8c53ac07142a68ac64b9573d0cebb05c4e68,train
/content/drive/MyDrive/MaizeData/prepared_images/rgb_bilinear_v1_224/efc8b643434af994979235eb7125efeaf797f7456fbd8a879e8e43e43c807272_224x224.png,/content/drive/MyDrive/MaizeData/GOOD_SEED/IMG_20260706_085404.jpg,efc8b643434af994979235eb7125efeaf797f7456fbd8a879e8e43e43c807272,GOOD_SEED,1,efc8b643434af994979235eb7125efeaf797f7456fbd8a879e8e43e43c807272,train
/content/drive/MyDrive/MaizeData/prepared_images/rgb_bilinear_v1_224/f4d75e21ebaf532353bee61e1b9aab6756b8bf549582c48163faf6773ea2056f_224x224.png,/content/drive/MyDrive/MaizeData/BAD_SEED/IMG_20260707_091512.jpg,f4d75e21ebaf532353bee61e1b9aab6756b8bf549582c48163faf6773ea2056f,BAD_SEED,0,f4d75e21ebaf532353bee61e1b9aab6756b8bf549582c48163faf6773ea2056f,train
/content/drive/MyDrive/MaizeData/prepared_images/rgb_bilinear_v1_224/11b96800eed16a4758c200c621698b97ef8873c962d4935543da422ee539ac6a_224x224.png,/content/drive/MyDrive/MaizeData/GOOD_SEED/IMG_20260706_094357.jpg,11b96800eed16a4758c200c621698b97ef8873c962d4935543da422ee539ac6a,GOOD_SEED,1,11b96800eed16a4758c200c621698b97ef8873c962d4935543da422ee539ac6a,train
/content/drive/MyDrive/MaizeData/prepared_images/rgb_bilinear_v1_224/722402cdb9ab728560ead7526358228e2f19b3e40024e1a473fa676855c458df_224x224.png,/content/drive/MyDrive/MaizeData/GOOD_SEED/IMG_20260706_073115_1.jpg,722402cdb9ab728560ead7526358228e2f19b3e40024e1a473fa676855c458df,GOOD_SEED,1,722402cdb9ab728560ead7526358228e2f19b3e40024e1a473fa676855c458df,train
/content/drive/MyDrive/MaizeData/prepared_images/rgb_bilinear_v1_224/f2fa8fde50449d8f5d11ce0a1e0112a9d364b46e760bc89ba1aaa557a4e94f5d_224x224.png,/content/drive/MyDrive/MaizeData/BAD_SEED/IMG_20260707_090543.jpg,f2fa8fde50449d8f5d11ce0a1e0112a9d364b46e760bc89ba1aaa557a4e94f5d,BAD_SEED,0,f2fa8fde50449d8f5d11ce0a1e0112a9d364b46e760bc89ba1aaa557a4e94f5d,train
/content/drive/MyDrive/MaizeData/prepared_images/rgb_bilinear_v1_224/eab9bcfce0700a604fdd265963d92c852bbc510ae81815ea743d93df32322ec4_224x224.png,/content/drive/MyDrive/MaizeData/GOOD_SEED/IMG_20260706_101021.jpg,eab9bcfce0700a604fdd265963d92c852bbc510ae81815ea743d93df32322ec4,GOOD_SEED,1,eab9bcfce0700a604fdd265963d92c852bbc510ae81815ea743d93df32322ec4,train
/content/drive/MyDrive/MaizeData/prepared_images/rgb_bilinear_v1_224/30801a6d33a5f33da1d80ad4536f2f6edd8c87539d924e1666b9d15188a3334f_224x224.png,/content/drive/MyDrive/MaizeData/BAD_SEED/IMG_20260709_094138_1.jpg,30801a6d33a5f33da1d80ad4536f2f6edd8c87539d924e1666b9d15188a3334f,BAD_SEED,0,30801a6d33a5f33da1d80ad4536f2f6edd8c87539d924e1666b9d15188a3334f,train
/content/drive/MyDrive/MaizeData/prepared_images/rgb_bilinear_v1_224/8b7e7e815683e153943f66db14de847a8c0f0592fb56b250fb3225c3d2b10736_224x224.png,/content/drive/MyDrive/MaizeData/BAD_SEED/IMG_20260709_183903.jpg,8b7e7e815683e153943f66db14de847a8c0f0592fb56b250fb3225c3d2b10736,BAD_SEED,0,8b7e7e815683e153943f66db14de847a8c0f0592fb56b250fb3225c3d2b10736,train
/content/drive/MyDrive/MaizeData/prepared_images/rgb_bilinear_v1_224/3fcca767b00ff1a9906c958eecb6d355f0786e3c1a204a8fe44d47d926145b9e_224x224.png,/content/drive/MyDrive/MaizeData/BAD_SEED/IMG_20260709_173747.jpg,3fcca767b00ff1a9906c958eecb6d355f0786e3c1a204a8fe44d47d926145b9e,BAD_SEED,0,3fcca767b00ff1a9906c958eecb6d355f0786e3c1a204a8fe44d47d926145b9e,train
/content/drive/MyDrive/MaizeData/prepared_images/rgb_bilinear_v1_224/82b89858792c98fedf081195d48f22586d114dd888b1afd29044f50dc9ebae8c_224x224.png,/content/drive/MyDrive/MaizeData/BAD_SEED/IMG_20260709_092811.jpg,82b89858792c98fedf081195d48f22586d114dd888b1afd29044f50dc9ebae8c,BAD_SEED,0,82b89858792c98fedf081195d48f22586d114dd888b1afd29044f50dc9ebae8c,train
/content/drive/MyDrive/MaizeData/prepared_images/rgb_bilinear_v1_224/7a57d90b77e14e5d74319891bb2214113649236dede5cfe4ebe26775ddb3ce6b_224x224.png,/content/drive/MyDrive/MaizeData/BAD_SEED/IMG_20260707_091859.jpg,7a57d90b77e14e5d74319891bb2214113649236dede5cfe4ebe26775ddb3ce6b,BAD_SEED,0,7a57d90b77e14e5d74319891bb2214113649236dede5cfe4ebe26775ddb3ce6b,train
/content/drive/MyDrive/MaizeData/prepared_images/rgb_bilinear_v1_224/86b6cbfef069d0bfed176df93b27a581c32f09a648516ef4956d7fa0c81a400b_224x224.png,/content/drive/MyDrive/MaizeData/BAD_SEED/IMG_20260707_090434.jpg,86b6cbfef069d0bfed176df93b27a581c32f09a648516ef4956d7fa0c81a400b,BAD_SEED,0,86b6cbfef069d0bfed176df93b27a581c32f09a648516ef4956d7fa0c81a400b,train
/content/drive/MyDrive/MaizeData/prepared_images/rgb_bilinear_v1_224/3dfb49712c998138896f8efb042e25a867ca96f860850080b3d16112ab18c7e4_224x224.png,/content/drive/MyDrive/MaizeData/GOOD_SEED/IMG_20260706_103150.jpg,3dfb49712c998138896f8efb042e25a867ca96f860850080b3d16112ab18c7e4,GOOD_SEED,1,3dfb49712c998138896f8efb042e25a867ca96f860850080b3d16112ab18c7e4,train
/content/drive/MyDrive/MaizeData/prepared_images/rgb_bilinear_v1_224/9469949462b7465d3990094d4e899238408019c444a7a375ac8bf10a2cb84ef4_224x224.png,/content/drive/MyDrive/MaizeData/GOOD_SEED/IMG_20260706_075233_1.jpg,9469949462b7465d3990094d4e899238408019c444a7a375ac8bf10a2cb84ef4,GOOD_SEED,1,9469949462b7465d3990094d4e899238408019c444a7a375ac8bf10a2cb84ef4,train
/content/drive/MyDrive/MaizeData/prepared_images/rgb_bilinear_v1_224/18f5a3e094136a2e64cffa802f828c9e5214403da13edb215ef8f18d10e69c66_224x224.png,/content/drive/MyDrive/MaizeData/GOOD_SEED/IMG_20260706_101508.jpg,18f5a3e094136a2e64cffa802f828c9e5214403da13edb215ef8f18d10e69c66,GOOD_SEED,1,18f5a3e094136a2e64cffa802f828c9e5214403da13edb215ef8f18d10e69c66,train
/content/drive/MyDrive/MaizeData/prepared_images/rgb_bilinear_v1_224/e2d546353a9821c82afda9b423a8a156f42515cc1a377073902f4e21bf0f3ab6_224x224.png,/content/drive/MyDrive/MaizeData/GOOD_SEED/IMG_20260706_100307_1.jpg,e2d546353a9821c82afda9b423a8a156f42515cc1a377073902f4e21bf0f3ab6,GOOD_SEED,1,e2d546353a9821c82afda9b423a8a156f42515cc1a377073902f4e21bf0f3ab6,train
/content/drive/MyDrive/MaizeData/prepared_images/rgb_bilinear_v1_224/828e34890ad2c562e1c86f1aa27552e7865ca7f9ebf3d8b837e297d221c38c2d_224x224.png,/content/drive/MyDrive/MaizeData/BAD_SEED/IMG_20260707_085255.jpg,828e34890ad2c562e1c86f1aa27552e7865ca7f9ebf3d8b837e297d221c38c2d,BAD_SEED,0,828e34890ad2c562e1c86f1aa27552e7865ca7f9ebf3d8b837e297d221c38c2d,train
/content/drive/MyDrive/MaizeData/prepared_images/rgb_bilinear_v1_224/8e3345fee611c4cefb2563558b9d347ee33be3bbe858883853bdf8a5962fcbf0_224x224.png,/content/drive/MyDrive/MaizeData/BAD_SEED/IMG_20260707_090124.jpg,8e3345fee611c4cefb2563558b9d347ee33be3bbe858883853bdf8a5962fcbf0,BAD_SEED,0,8e3345fee611c4cefb2563558b9d347ee33be3bbe858883853bdf8a5962fcbf0,train
/content/drive/MyDrive/MaizeData/prepared_images/rgb_bilinear_v1_224/39329d1cee10c781c250faa0624458108a2008af96a07d1b28b5b0fb15843949_224x224.png,/content/drive/MyDrive/MaizeData/NO_MAIZE/IMG_5524.jpg,39329d1cee10c781c250faa0624458108a2008af96a07d1b28b5b0fb15843949,NO_MAIZE,2,39329d1cee10c781c250faa0624458108a2008af96a07d1b28b5b0fb15843949,train
/content/drive/MyDrive/MaizeData/prepared_images/rgb_bilinear_v1_224/2f9887b54c8baabec2305b63792d2bd5345155c68048ea70b206cbdce60736b1_224x224.png,/content/drive/MyDrive/MaizeData/BAD_SEED/IMG_20260707_091456.jpg,2f9887b54c8baabec2305b63792d2bd5345155c68048ea70b206cbdce60736b1,BAD_SEED,0,2f9887b54c8baabec2305b63792d2bd5345155c68048ea70b206cbdce60736b1,train
/content/drive/MyDrive/MaizeData/prepared_images/rgb_bilinear_v1_224/eee2e388737b7a4e2f2ab373726c874cc1967e9d28fd38e59ea596240653c6e7_224x224.png,/content/drive/MyDrive/MaizeData/BAD_SEED/IMG_20260709_092915.jpg,eee2e388737b7a4e2f2ab373726c874cc1967e9d28fd38e59ea596240653c6e7,BAD_SEED,0,eee2e388737b7a4e2f2ab373726c874cc1967e9d28fd38e59ea596240653c6e7,train
/content/drive/MyDrive/MaizeData/prepared_images/rgb_bilinear_v1_224/de8ef26e49c79216377e8268ded40a60e325765ea8a9e76b74289124d176c48c_224x224.png,/content/drive/MyDrive/MaizeData/BAD_SEED/IMG_20260707_090424.jpg,de8ef26e49c79216377e8268ded40a60e325765ea8a9e76b74289124d176c48c,BAD_SEED,0,de8ef26e49c79216377e8268ded40a60e325765ea8a9e76b74289124d176c48c,train
/content/drive/MyDrive/MaizeData/prepared_images/rgb_bilinear_v1_224/e3c52d68df61d46fc901d36dbf7aabc2dce5f94ffbbc9bad5b816c0b415666f2_224x224.png,/content/drive/MyDrive/MaizeData/BAD_SEED/IMG_20260709_174436_1.jpg,e3c52d68df61d46fc901d36dbf7aabc2dce5f94ffbbc9bad5b816c0b415666f2,BAD_SEED,0,e3c52d68df61d46fc901d36dbf7aabc2dce5f94ffbbc9bad5b816c0b415666f2,train
/content/drive/MyDrive/MaizeData/prepared_images/rgb_bilinear_v1_224/bf9eed56f6ac174a9e08704bd2a3fa53c3e9ee6c0a19aa1b49745067e4c2d53d_224x224.png,/content/drive/MyDrive/MaizeData/BAD_SEED/IMG_20260709_183343.jpg,bf9eed56f6ac174a9e08704bd2a3fa53c3e9ee6c0a19aa1b49745067e4c2d53d,BAD_SEED,0,bf9eed56f6ac174a9e08704bd2a3fa53c3e9ee6c0a19aa1b49745067e4c2d53d,train
/content/drive/MyDrive/MaizeData/prepared_images/rgb_bilinear_v1_224/5a1901c4ac7a8f6bb9130ce813726aea1b3ca908ce2b99054d0682c0435052b7_224x224.png,/content/drive/MyDrive/MaizeData/GOOD_SEED/IMG_20260706_083822.jpg,5a1901c4ac7a8f6bb9130ce813726aea1b3ca908ce2b99054d0682c0435052b7,GOOD_SEED,1,5a1901c4ac7a8f6bb9130ce813726aea1b3ca908ce2b99054d0682c0435052b7,train
/content/drive/MyDrive/MaizeData/prepared_images/rgb_bilinear_v1_224/49f8efc955342789ace415e0deee402a7a0a4f8cfc43dfda6f12e26535b11105_224x224.png,/content/drive/MyDrive/MaizeData/GOOD_SEED/IMG_20260706_082626_1.jpg,49f8efc955342789ace415e0deee402a7a0a4f8cfc43dfda6f12e26535b11105,GOOD_SEED,1,49f8efc955342789ace415e0deee402a7a0a4f8cfc43dfda6f12e26535b11105,train
/content/drive/MyDrive/MaizeData/prepared_images/rgb_bilinear_v1_224/676fbb2fed4305e6f510c201aa5f566edeff7565a3b56cd22f7d5d3f7939ca82_224x224.png,/content/drive/MyDrive/MaizeData/GOOD_SEED/IMG_20260706_100538.jpg,676fbb2fed4305e6f510c201aa5f566edeff7565a3b56cd22f7d5d3f7939ca82,GOOD_SEED,1,676fbb2fed4305e6f510c201aa5f566edeff7565a3b56cd22f7d5d3f7939ca82,train
/content/drive/MyDrive/MaizeData/prepared_images/rgb_bilinear_v1_224/10c1dd873a9ad9aa1819a3e029b02350072560a3e49159d92e482af95f2ed166_224x224.png,/content/drive/MyDrive/MaizeData/GOOD_SEED/IMG_20260706_113553_1.jpg,10c1dd873a9ad9aa1819a3e029b02350072560a3e49159d92e482af95f2ed166,GOOD_SEED,1,10c1dd873a9ad9aa1819a3e029b02350072560a3e49159d92e482af95f2ed166,train
/content/drive/MyDrive/MaizeData/prepared_images/rgb_bilinear_v1_224/f59814016d16e94f23a1c947120bdfb377b009f389706bb0ba4650e1b8c5378e_224x224.png,/content/drive/MyDrive/MaizeData/GOOD_SEED/IMG_20260706_104041.jpg,f59814016d16e94f23a1c947120bdfb377b009f389706bb0ba4650e1b8c5378e,GOOD_SEED,1,f59814016d16e94f23a1c947120bdfb377b009f389706bb0ba4650e1b8c5378e,train
/content/drive/MyDrive/MaizeData/prepared_images/rgb_bilinear_v1_224/ed97242fecf945cd3ed54a44501698bf4d1f261e1551ed08c44b1be6c4478aab_224x224.png,/content/drive/MyDrive/MaizeData/BAD_SEED/IMG_20260709_183735.jpg,ed97242fecf945cd3ed54a44501698bf4d1f261e1551ed08c44b1be6c4478aab,BAD_SEED,0,ed97242fecf945cd3ed54a44501698bf4d1f261e1551ed08c44b1be6c4478aab,train
/content/drive/MyDrive/MaizeData/prepared_images/rgb_bilinear_v1_224/60798197ef606c205f486052e0492419b7186109137d26fba0f837a683b05897_224x224.png,/content/drive/MyDrive/MaizeData/GOOD_SEED/IMG_20260706_112653.jpg,60798197ef606c205f486052e0492419b7186109137d26fba0f837a683b05897,GOOD_SEED,1,60798197ef606c205f486052e0492419b7186109137d26fba0f837a683b05897,train
/content/drive/MyDrive/MaizeData/prepared_images/rgb_bilinear_v1_224/5395c8204aa2e485653c263378ac9649f550f57c2d608263620be23a76ba26ee_224x224.png,/content/drive/MyDrive/MaizeData/BAD_SEED/IMG_20260707_085958_1.jpg,5395c8204aa2e485653c263378ac9649f550f57c2d608263620be23a76ba26ee,BAD_SEED,0,5395c8204aa2e485653c263378ac9649f550f57c2d608263620be23a76ba26ee,train
/content/drive/MyDrive/MaizeData/prepared_images/rgb_bilinear_v1_224/76304b06b3b6b5fe98abcd113aade0d9fba9eb4b11f777e97c633f792744ae13_224x224.png,/content/drive/MyDrive/MaizeData/BAD_SEED/IMG_20260707_095345_1.jpg,76304b06b3b6b5fe98abcd113aade0d9fba9eb4b11f777e97c633f792744ae13,BAD_SEED,0,76304b06b3b6b5fe98abcd113aade0d9fba9eb4b11f777e97c633f792744ae13,train
/content/drive/MyDrive/MaizeData/prepared_images/rgb_bilinear_v1_224/d2cfc3b86c3da6a7a6ce610b2d56cc4bde0d7fb1bfbd4da308989fce84f50cd9_224x224.png,/content/drive/MyDrive/MaizeData/GOOD_SEED/IMG_20260706_083113.jpg,d2cfc3b86c3da6a7a6ce610b2d56cc4bde0d7fb1bfbd4da308989fce84f50cd9,GOOD_SEED,1,d2cfc3b86c3da6a7a6ce610b2d56cc4bde0d7fb1bfbd4da308989fce84f50cd9,train
/content/drive/MyDrive/MaizeData/prepared_images/rgb_bilinear_v1_224/3643e4df64d79ac6a85a93e8253db4ca2ca34bdac616b1025882eb26caa672db_224x224.png,/content/drive/MyDrive/MaizeData/GOOD_SEED/IMG_20260706_073243.jpg,3643e4df64d79ac6a85a93e8253db4ca2ca34bdac616b1025882eb26caa672db,GOOD_SEED,1,3643e4df64d79ac6a85a93e8253db4ca2ca34bdac616b1025882eb26caa672db,train
/content/drive/MyDrive/MaizeData/prepared_images/rgb_bilinear_v1_224/3ef4144664f906a08ff205fc28919e1a9ad8d7c3aed6a6dbb9df51a8d384a9ba_224x224.png,/content/drive/MyDrive/MaizeData/NO_MAIZE/IMG_5576.jpg,3ef4144664f906a08ff205fc28919e1a9ad8d7c3aed6a6dbb9df51a8d384a9ba,NO_MAIZE,2,3ef4144664f906a08ff205fc28919e1a9ad8d7c3aed6a6dbb9df51a8d384a9ba,train
/content/drive/MyDrive/MaizeData/prepared_images/rgb_bilinear_v1_224/9019e8b2104cf1a92e35a0cac5d21d766e950855141f583ef26702617551f913_224x224.png,/content/drive/MyDrive/MaizeData/BAD_SEED/IMG_20260707_095210.jpg,9019e8b2104cf1a92e35a0cac5d21d766e950855141f583ef26702617551f913,BAD_SEED,0,9019e8b2104cf1a92e35a0cac5d21d766e950855141f583ef26702617551f913,train
/content/drive/MyDrive/MaizeData/prepared_images/rgb_bilinear_v1_224/7c1086cfbf92857c3d63bc1e3fa2ab52fc54558c0005056572621eea150b36ae_224x224.png,/content/drive/MyDrive/MaizeData/NO_MAIZE/IMG_5571.jpg,7c1086cfbf92857c3d63bc1e3fa2ab52fc54558c0005056572621eea150b36ae,NO_MAIZE,2,7c1086cfbf92857c3d63bc1e3fa2ab52fc54558c0005056572621eea150b36ae,train
/content/drive/MyDrive/MaizeData/prepared_images/rgb_bilinear_v1_224/b8814df940ce27bc19515d0fc85bdc9480b651471521f7c1d342a5d3746ffc76_224x224.png,/content/drive/MyDrive/MaizeData/GOOD_SEED/IMG_20260706_082141.jpg,b8814df940ce27bc19515d0fc85bdc9480b651471521f7c1d342a5d3746ffc76,GOOD_SEED,1,b8814df940ce27bc19515d0fc85bdc9480b651471521f7c1d342a5d3746ffc76,train
/content/drive/MyDrive/MaizeData/prepared_images/rgb_bilinear_v1_224/fa751da023e8d382954f1e8f54fe2dbf127591bac012095552ffee5c8fcfed21_224x224.png,/content/drive/MyDrive/MaizeData/NO_MAIZE/IMG_5581.jpg,fa751da023e8d382954f1e8f54fe2dbf127591bac012095552ffee5c8fcfed21,NO_MAIZE,2,fa751da023e8d382954f1e8f54fe2dbf127591bac012095552ffee5c8fcfed21,train
/content/drive/MyDrive/MaizeData/prepared_images/rgb_bilinear_v1_224/da3e4bc2a9e69edfdb52b70fc866cb21b5952d9e9aefb13097e4f129e0bc0222_224x224.png,/content/drive/MyDrive/MaizeData/GOOD_SEED/IMG_20260706_104219_1.jpg,da3e4bc2a9e69edfdb52b70fc866cb21b5952d9e9aefb13097e4f129e0bc0222,GOOD_SEED,1,da3e4bc2a9e69edfdb52b70fc866cb21b5952d9e9aefb13097e4f129e0bc0222,train
/content/drive/MyDrive/MaizeData/prepared_images/rgb_bilinear_v1_224/f26f8fb602ad4ea04c925570db4627a9e15d15683b041bce91bb3febb0737f9a_224x224.png,/content/drive/MyDrive/MaizeData/BAD_SEED/IMG_20260709_180132.jpg,f26f8fb602ad4ea04c925570db4627a9e15d15683b041bce91bb3febb0737f9a,BAD_SEED,0,f26f8fb602ad4ea04c925570db4627a9e15d15683b041bce91bb3febb0737f9a,train
/content/drive/MyDrive/MaizeData/prepared_images/rgb_bilinear_v1_224/106161546c20b10a53179ae4ca8ec602a2a4ace58b7be718d9400ec46e22e3bf_224x224.png,/content/drive/MyDrive/MaizeData/BAD_SEED/IMG_20260707_091042.jpg,106161546c20b10a53179ae4ca8ec602a2a4ace58b7be718d9400ec46e22e3bf,BAD_SEED,0,106161546c20b10a53179ae4ca8ec602a2a4ace58b7be718d9400ec46e22e3bf,train
/content/drive/MyDrive/MaizeData/prepared_images/rgb_bilinear_v1_224/b388e742054bddadf2c9c81332bb5bc54fdf4411024c040b17610a0f7c58eb6b_224x224.png,/content/drive/MyDrive/MaizeData/NO_MAIZE/IMG_5611.jpg,b388e742054bddadf2c9c81332bb5bc54fdf4411024c040b17610a0f7c58eb6b,NO_MAIZE,2,b388e742054bddadf2c9c81332bb5bc54fdf4411024c040b17610a0f7c58eb6b,train
/content/drive/MyDrive/MaizeData/prepared_images/rgb_bilinear_v1_224/70b1b5df617b2b83ea0a1b7520597ddc3519014c5dcb50c60a8c6f9e191a717e_224x224.png,/content/drive/MyDrive/MaizeData/GOOD_SEED/IMG_20260706_081617_1.jpg,70b1b5df617b2b83ea0a1b7520597ddc3519014c5dcb50c60a8c6f9e191a717e,GOOD_SEED,1,70b1b5df617b2b83ea0a1b7520597ddc3519014c5dcb50c60a8c6f9e191a717e,train
/content/drive/MyDrive/MaizeData/prepared_images/rgb_bilinear_v1_224/39fabe1330bfa520246c08c2e38bebc6f3c319c8bf4d10f6387acd37c4da49c3_224x224.png,/content/drive/MyDrive/MaizeData/GOOD_SEED/IMG_20260706_081149_1.jpg,39fabe1330bfa520246c08c2e38bebc6f3c319c8bf4d10f6387acd37c4da49c3,GOOD_SEED,1,39fabe1330bfa520246c08c2e38bebc6f3c319c8bf4d10f6387acd37c4da49c3,train
/content/drive/MyDrive/MaizeData/prepared_images/rgb_bilinear_v1_224/c4da810232b4b7aa5059046717938a500393eb6d7d19301b61abc1f84aed329f_224x224.png,/content/drive/MyDrive/MaizeData/BAD_SEED/IMG_20260709_093854.jpg,c4da810232b4b7aa5059046717938a500393eb6d7d19301b61abc1f84aed329f,BAD_SEED,0,c4da810232b4b7aa5059046717938a500393eb6d7d19301b61abc1f84aed329f,train
/content/drive/MyDrive/MaizeData/prepared_images/rgb_bilinear_v1_224/c6383079190844a925ca1759506ba81c178cc52972f6ca9cffc4cfbc6bdfdb70_224x224.png,/content/drive/MyDrive/MaizeData/BAD_SEED/IMG_20260707_085504_1.jpg,c6383079190844a925ca1759506ba81c178cc52972f6ca9cffc4cfbc6bdfdb70,BAD_SEED,0,c6383079190844a925ca1759506ba81c178cc52972f6ca9cffc4cfbc6bdfdb70,train
/content/drive/MyDrive/MaizeData/prepared_images/rgb_bilinear_v1_224/c302d135ce575ebff7b71b73c76efacdc3a9057a05d765c5316ceb8daba19a3c_224x224.png,/content/drive/MyDrive/MaizeData/BAD_SEED/IMG_20260707_100303.jpg,c302d135ce575ebff7b71b73c76efacdc3a9057a05d765c5316ceb8daba19a3c,BAD_SEED,0,c302d135ce575ebff7b71b73c76efacdc3a9057a05d765c5316ceb8daba19a3c,train
/content/drive/MyDrive/MaizeData/prepared_images/rgb_bilinear_v1_224/2aa31337cc20c6cd47be1efdaaf63c8c1bdd999893f271d4441132290bf1f3ea_224x224.png,/content/drive/MyDrive/MaizeData/BAD_SEED/IMG_20260707_090024_1.jpg,2aa31337cc20c6cd47be1efdaaf63c8c1bdd999893f271d4441132290bf1f3ea,BAD_SEED,0,2aa31337cc20c6cd47be1efdaaf63c8c1bdd999893f271d4441132290bf1f3ea,train
/content/drive/MyDrive/MaizeData/prepared_images/rgb_bilinear_v1_224/b6f9f65c83a9d2cc42354b60bfb65fa53eb6a55bf512b0379761735d0225920c_224x224.png,/content/drive/MyDrive/MaizeData/BAD_SEED/IMG_20260709_094751.jpg,b6f9f65c83a9d2cc42354b60bfb65fa53eb6a55bf512b0379761735d0225920c,BAD_SEED,0,b6f9f65c83a9d2cc42354b60bfb65fa53eb6a55bf512b0379761735d0225920c,train
/content/drive/MyDrive/MaizeData/prepared_images/rgb_bilinear_v1_224/b083b76bc1b2ba4e2473e8f0a86555dc8a7fe03d08acc6c8e8c76a11d6936669_224x224.png,/content/drive/MyDrive/MaizeData/BAD_SEED/IMG_20260709_091100.jpg,b083b76bc1b2ba4e2473e8f0a86555dc8a7fe03d08acc6c8e8c76a11d6936669,BAD_SEED,0,b083b76bc1b2ba4e2473e8f0a86555dc8a7fe03d08acc6c8e8c76a11d6936669,train
/content/drive/MyDrive/MaizeData/prepared_images/rgb_bilinear_v1_224/90f8bbb67fbe83abbe0d35352c66dbcfe829195351cf70da03d39fb14f65761e_224x224.png,/content/drive/MyDrive/MaizeData/BAD_SEED/IMG_20260709_183404.jpg,90f8bbb67fbe83abbe0d35352c66dbcfe829195351cf70da03d39fb14f65761e,BAD_SEED,0,90f8bbb67fbe83abbe0d35352c66dbcfe829195351cf70da03d39fb14f65761e,train
/content/drive/MyDrive/MaizeData/prepared_images/rgb_bilinear_v1_224/c6d56d2b0a9c51663544cf32c10b523919c71778af743bc37cf91eb4f63c0a0d_224x224.png,/content/drive/MyDrive/MaizeData/BAD_SEED/IMG_20260709_180228_1.jpg,c6d56d2b0a9c51663544cf32c10b523919c71778af743bc37cf91eb4f63c0a0d,BAD_SEED,0,c6d56d2b0a9c51663544cf32c10b523919c71778af743bc37cf91eb4f63c0a0d,train
/content/drive/MyDrive/MaizeData/prepared_images/rgb_bilinear_v1_224/ee34a3902651dc7b49006cbda53bcccbeaab08f351897a497d6a6dfdcced2b0b_224x224.png,/content/drive/MyDrive/MaizeData/NO_MAIZE/IMG_5542.jpg,ee34a3902651dc7b49006cbda53bcccbeaab08f351897a497d6a6dfdcced2b0b,NO_MAIZE,2,ee34a3902651dc7b49006cbda53bcccbeaab08f351897a497d6a6dfdcced2b0b,train
/content/drive/MyDrive/MaizeData/prepared_images/rgb_bilinear_v1_224/733be143d5d41630184ef0ca790eb75ef8f6eda9be7f5b3a834b602ab7af6f3b_224x224.png,/content/drive/MyDrive/MaizeData/GOOD_SEED/IMG_20260706_075346.jpg,733be143d5d41630184ef0ca790eb75ef8f6eda9be7f5b3a834b602ab7af6f3b,GOOD_SEED,1,733be143d5d41630184ef0ca790eb75ef8f6eda9be7f5b3a834b602ab7af6f3b,train
/content/drive/MyDrive/MaizeData/prepared_images/rgb_bilinear_v1_224/4c7ad7c04e968319173d4238f64cb677484528074b985c49d6e3baa1fc7541c9_224x224.png,/content/drive/MyDrive/MaizeData/GOOD_SEED/IMG_20260706_094333.jpg,4c7ad7c04e968319173d4238f64cb677484528074b985c49d6e3baa1fc7541c9,GOOD_SEED,1,4c7ad7c04e968319173d4238f64cb677484528074b985c49d6e3baa1fc7541c9,train
/content/drive/MyDrive/MaizeData/prepared_images/rgb_bilinear_v1_224/3254770c35229e70910c193648aa23cdc9631e535eb0fc2c6d489b59632ac4bb_224x224.png,/content/drive/MyDrive/MaizeData/GOOD_SEED/IMG_20260706_075832.jpg,3254770c35229e70910c193648aa23cdc9631e535eb0fc2c6d489b59632ac4bb,GOOD_SEED,1,3254770c35229e70910c193648aa23cdc9631e535eb0fc2c6d489b59632ac4bb,train
/content/drive/MyDrive/MaizeData/prepared_images/rgb_bilinear_v1_224/68cbe11473cbe24afcc4f18198ed7fca134df794c3b8c4908b2ae11542a48391_224x224.png,/content/drive/MyDrive/MaizeData/GOOD_SEED/IMG_20260706_022329.jpg,68cbe11473cbe24afcc4f18198ed7fca134df794c3b8c4908b2ae11542a48391,GOOD_SEED,1,68cbe11473cbe24afcc4f18198ed7fca134df794c3b8c4908b2ae11542a48391,train
/content/drive/MyDrive/MaizeData/prepared_images/rgb_bilinear_v1_224/c4f996da88c91a8eb412200f50a87da952c231c20d4a4e8c0db912275880c810_224x224.png,/content/drive/MyDrive/MaizeData/GOOD_SEED/IMG_20260706_073231.jpg,c4f996da88c91a8eb412200f50a87da952c231c20d4a4e8c0db912275880c810,GOOD_SEED,1,c4f996da88c91a8eb412200f50a87da952c231c20d4a4e8c0db912275880c810,train
/content/drive/MyDrive/MaizeData/prepared_images/rgb_bilinear_v1_224/36a4f70ce67f7a9406706d06d0a15044b3fb636c55299a479002b9e342481468_224x224.png,/content/drive/MyDrive/MaizeData/GOOD_SEED/IMG_20260706_101433.jpg,36a4f70ce67f7a9406706d06d0a15044b3fb636c55299a479002b9e342481468,GOOD_SEED,1,36a4f70ce67f7a9406706d06d0a15044b3fb636c55299a479002b9e342481468,train
/content/drive/MyDrive/MaizeData/prepared_images/rgb_bilinear_v1_224/544e4400168b7072e78c2b6306cf80e56b302810934ea56583a6b29ec7147ec5_224x224.png,/content/drive/MyDrive/MaizeData/GOOD_SEED/IMG_20260706_085546.jpg,544e4400168b7072e78c2b6306cf80e56b302810934ea56583a6b29ec7147ec5,GOOD_SEED,1,544e4400168b7072e78c2b6306cf80e56b302810934ea56583a6b29ec7147ec5,train
/content/drive/MyDrive/MaizeData/prepared_images/rgb_bilinear_v1_224/8dbbbcd1b1e5acb7d0801a287bfafc742ff6f55bf7a270d1be24710b2b8b81e8_224x224.png,/content/drive/MyDrive/MaizeData/GOOD_SEED/IMG_20260706_102012_1.jpg,8dbbbcd1b1e5acb7d0801a287bfafc742ff6f55bf7a270d1be24710b2b8b81e8,GOOD_SEED,1,8dbbbcd1b1e5acb7d0801a287bfafc742ff6f55bf7a270d1be24710b2b8b81e8,train
/content/drive/MyDrive/MaizeData/prepared_images/rgb_bilinear_v1_224/cf5fce12a8cd04277e4a26e6060d31040ecb56232c09b6b169e81f0a2bc16222_224x224.png,/content/drive/MyDrive/MaizeData/BAD_SEED/IMG_20260707_093446.jpg,cf5fce12a8cd04277e4a26e6060d31040ecb56232c09b6b169e81f0a2bc16222,BAD_SEED,0,cf5fce12a8cd04277e4a26e6060d31040ecb56232c09b6b169e81f0a2bc16222,train
/content/drive/MyDrive/MaizeData/prepared_images/rgb_bilinear_v1_224/5dfca95be1f71efeb6476d6ddc83c2b7eb2b3cf167594472ea8b7d654fd198f9_224x224.png,/content/drive/MyDrive/MaizeData/BAD_SEED/IMG_20260709_094229.jpg,5dfca95be1f71efeb6476d6ddc83c2b7eb2b3cf167594472ea8b7d654fd198f9,BAD_SEED,0,5dfca95be1f71efeb6476d6ddc83c2b7eb2b3cf167594472ea8b7d654fd198f9,train
/content/drive/MyDrive/MaizeData/prepared_images/rgb_bilinear_v1_224/fa2727a88a7ec38f79c82db9ab678ffd38ffd8b40c2d66a7b132b0c6b2c080c2_224x224.png,/content/drive/MyDrive/MaizeData/BAD_SEED/IMG_20260707_090257.jpg,fa2727a88a7ec38f79c82db9ab678ffd38ffd8b40c2d66a7b132b0c6b2c080c2,BAD_SEED,0,fa2727a88a7ec38f79c82db9ab678ffd38ffd8b40c2d66a7b132b0c6b2c080c2,train
/content/drive/MyDrive/MaizeData/prepared_images/rgb_bilinear_v1_224/b84fb1c14a24f885a182a53b7e72db332fb0a2789df05e2aa3886f35c44181d7_224x224.png,/content/drive/MyDrive/MaizeData/BAD_SEED/IMG_20260709_085844.jpg,b84fb1c14a24f885a182a53b7e72db332fb0a2789df05e2aa3886f35c44181d7,BAD_SEED,0,b84fb1c14a24f885a182a53b7e72db332fb0a2789df05e2aa3886f35c44181d7,train
/content/drive/MyDrive/MaizeData/prepared_images/rgb_bilinear_v1_224/b8596d7d3759e7b75338f4b9df12722bbea2ff7e2ce1e0b6a11bc02a3694142a_224x224.png,/content/drive/MyDrive/MaizeData/GOOD_SEED/IMG_20260706_085813_1.jpg,b8596d7d3759e7b75338f4b9df12722bbea2ff7e2ce1e0b6a11bc02a3694142a,GOOD_SEED,1,b8596d7d3759e7b75338f4b9df12722bbea2ff7e2ce1e0b6a11bc02a3694142a,train
/content/drive/MyDrive/MaizeData/prepared_images/rgb_bilinear_v1_224/8ad85de179b127ca5d1a3970314e15722c2f793b0eb001d1ffc2dd21388bf6a8_224x224.png,/content/drive/MyDrive/MaizeData/BAD_SEED/IMG_20260707_102243.jpg,8ad85de179b127ca5d1a3970314e15722c2f793b0eb001d1ffc2dd21388bf6a8,BAD_SEED,0,8ad85de179b127ca5d1a3970314e15722c2f793b0eb001d1ffc2dd21388bf6a8,train
/content/drive/MyDrive/MaizeData/prepared_images/rgb_bilinear_v1_224/c1e72a550ba04246988296735edd136bd62f183c945c098a5c4cf7865206b9be_224x224.png,/content/drive/MyDrive/MaizeData/GOOD_SEED/IMG_20260706_075446.jpg,c1e72a550ba04246988296735edd136bd62f183c945c098a5c4cf7865206b9be,GOOD_SEED,1,c1e72a550ba04246988296735edd136bd62f183c945c098a5c4cf7865206b9be,train
/content/drive/MyDrive/MaizeData/prepared_images/rgb_bilinear_v1_224/d3f14a0de53d4dc7644ae9dd90886bc8f3831006727dbb8c108cbe64985c40ff_224x224.png,/content/drive/MyDrive/MaizeData/BAD_SEED/IMG_20260707_091840.jpg,d3f14a0de53d4dc7644ae9dd90886bc8f3831006727dbb8c108cbe64985c40ff,BAD_SEED,0,d3f14a0de53d4dc7644ae9dd90886bc8f3831006727dbb8c108cbe64985c40ff,train
/content/drive/MyDrive/MaizeData/prepared_images/rgb_bilinear_v1_224/6eaf86a8ea0be783e763bcd53665624c95aff5029c99265d1183ee5ce27eebe8_224x224.png,/content/drive/MyDrive/MaizeData/BAD_SEED/IMG_20260707_095418_1.jpg,6eaf86a8ea0be783e763bcd53665624c95aff5029c99265d1183ee5ce27eebe8,BAD_SEED,0,6eaf86a8ea0be783e763bcd53665624c95aff5029c99265d1183ee5ce27eebe8,train
/content/drive/MyDrive/MaizeData/prepared_images/rgb_bilinear_v1_224/bf305fc4053865f50d6256234d0e76eb61206ac0d665df4cf6704aa3e383ffb1_224x224.png,/content/drive/MyDrive/MaizeData/GOOD_SEED/IMG_20260706_114040.jpg,bf305fc4053865f50d6256234d0e76eb61206ac0d665df4cf6704aa3e383ffb1,GOOD_SEED,1,bf305fc4053865f50d6256234d0e76eb61206ac0d665df4cf6704aa3e383ffb1,train
/content/drive/MyDrive/MaizeData/prepared_images/rgb_bilinear_v1_224/70c1b2fedb7a0f261e47674f9bbc40f905e75a2593b91ed2950ded69968c4d0a_224x224.png,/content/drive/MyDrive/MaizeData/GOOD_SEED/IMG_20260706_113707.jpg,70c1b2fedb7a0f261e47674f9bbc40f905e75a2593b91ed2950ded69968c4d0a,GOOD_SEED,1,70c1b2fedb7a0f261e47674f9bbc40f905e75a2593b91ed2950ded69968c4d0a,train
/content/drive/MyDrive/MaizeData/prepared_images/rgb_bilinear_v1_224/6057dca9585a0972fc1678126f505e859c31055dbebeea752c10f5aba95796a8_224x224.png,/content/drive/MyDrive/MaizeData/GOOD_SEED/IMG_20260706_113656.jpg,6057dca9585a0972fc1678126f505e859c31055dbebeea752c10f5aba95796a8,GOOD_SEED,1,6057dca9585a0972fc1678126f505e859c31055dbebeea752c10f5aba95796a8,train
/content/drive/MyDrive/MaizeData/prepared_images/rgb_bilinear_v1_224/b84b1ee2c20472e1d51b2bbd6f8db6cd5428d38f9247bee901cc1fea3a1b4f9e_224x224.png,/content/drive/MyDrive/MaizeData/GOOD_SEED/IMG_20260706_094433.jpg,b84b1ee2c20472e1d51b2bbd6f8db6cd5428d38f9247bee901cc1fea3a1b4f9e,GOOD_SEED,1,b84b1ee2c20472e1d51b2bbd6f8db6cd5428d38f9247bee901cc1fea3a1b4f9e,train
/content/drive/MyDrive/MaizeData/prepared_images/rgb_bilinear_v1_224/827ead69c78ecc563f9c7846121099eab97a20d85c981057ca5e8dfb4fed68e1_224x224.png,/content/drive/MyDrive/MaizeData/BAD_SEED/IMG_20260709_174955_1.jpg,827ead69c78ecc563f9c7846121099eab97a20d85c981057ca5e8dfb4fed68e1,BAD_SEED,0,827ead69c78ecc563f9c7846121099eab97a20d85c981057ca5e8dfb4fed68e1,train
/content/drive/MyDrive/MaizeData/prepared_images/rgb_bilinear_v1_224/23f512379a2aa82fe4efade02a3f74ac2fa9428cc221880ee8d431df2ffe9e5f_224x224.png,/content/drive/MyDrive/MaizeData/GOOD_SEED/IMG_20260706_095352.jpg,23f512379a2aa82fe4efade02a3f74ac2fa9428cc221880ee8d431df2ffe9e5f,GOOD_SEED,1,23f512379a2aa82fe4efade02a3f74ac2fa9428cc221880ee8d431df2ffe9e5f,train
/content/drive/MyDrive/MaizeData/prepared_images/rgb_bilinear_v1_224/c249029b1c2e66c618eda2052bd0bf4e7eb7cc71abd7e01a59fb8db1fe0279cf_224x224.png,/content/drive/MyDrive/MaizeData/BAD_SEED/IMG_20260709_091659_1.jpg,c249029b1c2e66c618eda2052bd0bf4e7eb7cc71abd7e01a59fb8db1fe0279cf,BAD_SEED,0,c249029b1c2e66c618eda2052bd0bf4e7eb7cc71abd7e01a59fb8db1fe0279cf,train
/content/drive/MyDrive/MaizeData/prepared_images/rgb_bilinear_v1_224/e1eb53841e4e564d922b6c526e7e3f4d90034474437520ebd1555f491ca479a6_224x224.png,/content/drive/MyDrive/MaizeData/GOOD_SEED/IMG_20260706_081426.jpg,e1eb53841e4e564d922b6c526e7e3f4d90034474437520ebd1555f491ca479a6,GOOD_SEED,1,e1eb53841e4e564d922b6c526e7e3f4d90034474437520ebd1555f491ca479a6,train
/content/drive/MyDrive/MaizeData/prepared_images/rgb_bilinear_v1_224/df9f1068bcd8b7a3320516c30d3cfd2001cd7609b23cfedcdfaee73a3d3fb059_224x224.png,/content/drive/MyDrive/MaizeData/GOOD_SEED/IMG_20260706_112338.jpg,df9f1068bcd8b7a3320516c30d3cfd2001cd7609b23cfedcdfaee73a3d3fb059,GOOD_SEED,1,df9f1068bcd8b7a3320516c30d3cfd2001cd7609b23cfedcdfaee73a3d3fb059,train
/content/drive/MyDrive/MaizeData/prepared_images/rgb_bilinear_v1_224/dd319efaabada41566c81b4c592eb0b79bc6c492626744a9a1938d48949ac769_224x224.png,/content/drive/MyDrive/MaizeData/GOOD_SEED/IMG_20260706_112120_1.jpg,dd319efaabada41566c81b4c592eb0b79bc6c492626744a9a1938d48949ac769,GOOD_SEED,1,dd319efaabada41566c81b4c592eb0b79bc6c492626744a9a1938d48949ac769,train
/content/drive/MyDrive/MaizeData/prepared_images/rgb_bilinear_v1_224/03782132299cf34096edff23eb1aa29d682cb06a43302f04627235bdbb01b278_224x224.png,/content/drive/MyDrive/MaizeData/BAD_SEED/IMG_20260707_095406_1.jpg,03782132299cf34096edff23eb1aa29d682cb06a43302f04627235bdbb01b278,BAD_SEED,0,03782132299cf34096edff23eb1aa29d682cb06a43302f04627235bdbb01b278,train
/content/drive/MyDrive/MaizeData/prepared_images/rgb_bilinear_v1_224/96fa3a4b1cdbbb84f0bd62d7bf88ed421534dd2ef551321902ee28da3cf7ec71_224x224.png,/content/drive/MyDrive/MaizeData/BAD_SEED/IMG_20260709_185205.jpg,96fa3a4b1cdbbb84f0bd62d7bf88ed421534dd2ef551321902ee28da3cf7ec71,BAD_SEED,0,96fa3a4b1cdbbb84f0bd62d7bf88ed421534dd2ef551321902ee28da3cf7ec71,train
/content/drive/MyDrive/MaizeData/prepared_images/rgb_bilinear_v1_224/b9e9b8018dfc034e849ff589394b1569401c3568ef43c84744d23d044bc0518c_224x224.png,/content/drive/MyDrive/MaizeData/NO_MAIZE/IMG_5543.jpg,b9e9b8018dfc034e849ff589394b1569401c3568ef43c84744d23d044bc0518c,NO_MAIZE,2,b9e9b8018dfc034e849ff589394b1569401c3568ef43c84744d23d044bc0518c,train
/content/drive/MyDrive/MaizeData/prepared_images/rgb_bilinear_v1_224/cb536c25eb11c9c33bdef8dd75314ec77739af195e4b69c5abb717aae6ba81af_224x224.png,/content/drive/MyDrive/MaizeData/NO_MAIZE/IMG_5588.jpg,cb536c25eb11c9c33bdef8dd75314ec77739af195e4b69c5abb717aae6ba81af,NO_MAIZE,2,cb536c25eb11c9c33bdef8dd75314ec77739af195e4b69c5abb717aae6ba81af,train
/content/drive/MyDrive/MaizeData/prepared_images/rgb_bilinear_v1_224/c575a4522b08cf8eee86abbacc917aba95ae68e86396dc329221b8ac3f889fc8_224x224.png,/content/drive/MyDrive/MaizeData/GOOD_SEED/IMG_20260706_101958_1.jpg,c575a4522b08cf8eee86abbacc917aba95ae68e86396dc329221b8ac3f889fc8,GOOD_SEED,1,c575a4522b08cf8eee86abbacc917aba95ae68e86396dc329221b8ac3f889fc8,train
/content/drive/MyDrive/MaizeData/prepared_images/rgb_bilinear_v1_224/682d3c63f1c2cda430795b12ec65cf3c3dccdae6ba6553993f308da088dfb57b_224x224.png,/content/drive/MyDrive/MaizeData/GOOD_SEED/IMG_20260706_103124.jpg,682d3c63f1c2cda430795b12ec65cf3c3dccdae6ba6553993f308da088dfb57b,GOOD_SEED,1,682d3c63f1c2cda430795b12ec65cf3c3dccdae6ba6553993f308da088dfb57b,train
/content/drive/MyDrive/MaizeData/prepared_images/rgb_bilinear_v1_224/79a2bc42d4df98f7dcfdff70482fd7f1dfeee8dc887b81009e3a876033e342f9_224x224.png,/content/drive/MyDrive/MaizeData/BAD_SEED/IMG_20260707_090012_1.jpg,79a2bc42d4df98f7dcfdff70482fd7f1dfeee8dc887b81009e3a876033e342f9,BAD_SEED,0,79a2bc42d4df98f7dcfdff70482fd7f1dfeee8dc887b81009e3a876033e342f9,train
/content/drive/MyDrive/MaizeData/prepared_images/rgb_bilinear_v1_224/31b08d136061a8236c560fd7d50eede99508e21d2b6fd601ef2c4c02c34a527a_224x224.png,/content/drive/MyDrive/MaizeData/BAD_SEED/IMG_20260707_091718.jpg,31b08d136061a8236c560fd7d50eede99508e21d2b6fd601ef2c4c02c34a527a,BAD_SEED,0,31b08d136061a8236c560fd7d50eede99508e21d2b6fd601ef2c4c02c34a527a,train
/content/drive/MyDrive/MaizeData/prepared_images/rgb_bilinear_v1_224/8a8bf27fd3f429bff208ae9682753dfabf58c0667aa3445a9ae9e6b45a6a1b8f_224x224.png,/content/drive/MyDrive/MaizeData/BAD_SEED/IMG_20260707_084342.jpg,8a8bf27fd3f429bff208ae9682753dfabf58c0667aa3445a9ae9e6b45a6a1b8f,BAD_SEED,0,8a8bf27fd3f429bff208ae9682753dfabf58c0667aa3445a9ae9e6b45a6a1b8f,train
/content/drive/MyDrive/MaizeData/prepared_images/rgb_bilinear_v1_224/a699caeb56c253867ec9f18dacce6cc286758ac5d1c299486ccb2d92e9f3e17f_224x224.png,/content/drive/MyDrive/MaizeData/BAD_SEED/IMG_20260707_091441_1.jpg,a699caeb56c253867ec9f18dacce6cc286758ac5d1c299486ccb2d92e9f3e17f,BAD_SEED,0,a699caeb56c253867ec9f18dacce6cc286758ac5d1c299486ccb2d92e9f3e17f,train
/content/drive/MyDrive/MaizeData/prepared_images/rgb_bilinear_v1_224/22a190bf1842ef4795492d85f36f01da2257255cb887ce22ebe98bac6091ddc8_224x224.png,/content/drive/MyDrive/MaizeData/BAD_SEED/IMG_20260707_091246_1.jpg,22a190bf1842ef4795492d85f36f01da2257255cb887ce22ebe98bac6091ddc8,BAD_SEED,0,22a190bf1842ef4795492d85f36f01da2257255cb887ce22ebe98bac6091ddc8,train
/content/drive/MyDrive/MaizeData/prepared_images/rgb_bilinear_v1_224/de5798e473a207af799799f3aa90c9459e26eacc31382fae5166582ceb20b96f_224x224.png,/content/drive/MyDrive/MaizeData/BAD_SEED/IMG_20260709_180214.jpg,de5798e473a207af799799f3aa90c9459e26eacc31382fae5166582ceb20b96f,BAD_SEED,0,de5798e473a207af799799f3aa90c9459e26eacc31382fae5166582ceb20b96f,train
/content/drive/MyDrive/MaizeData/prepared_images/rgb_bilinear_v1_224/709b6fdbdce2270802dc612677fce43ad6eb881c15cc8a0f8432dd6141c8bd85_224x224.png,/content/drive/MyDrive/MaizeData/BAD_SEED/IMG_20260707_084324.jpg,709b6fdbdce2270802dc612677fce43ad6eb881c15cc8a0f8432dd6141c8bd85,BAD_SEED,0,709b6fdbdce2270802dc612677fce43ad6eb881c15cc8a0f8432dd6141c8bd85,train
/content/drive/MyDrive/MaizeData/prepared_images/rgb_bilinear_v1_224/054b857ea715e53cc54718292bbc9c811f0f2d8312ba1295671c9fdbfd60c50e_224x224.png,/content/drive/MyDrive/MaizeData/BAD_SEED/IMG_20260707_095356.jpg,054b857ea715e53cc54718292bbc9c811f0f2d8312ba1295671c9fdbfd60c50e,BAD_SEED,0,054b857ea715e53cc54718292bbc9c811f0f2d8312ba1295671c9fdbfd60c50e,train
/content/drive/MyDrive/MaizeData/prepared_images/rgb_bilinear_v1_224/1ae8dd7de5b8ef7f13ec0bb6d52dcf1990a6e85d13cffb729a89b55cba8d2d32_224x224.png,/content/drive/MyDrive/MaizeData/BAD_SEED/IMG_20260709_175349.jpg,1ae8dd7de5b8ef7f13ec0bb6d52dcf1990a6e85d13cffb729a89b55cba8d2d32,BAD_SEED,0,1ae8dd7de5b8ef7f13ec0bb6d52dcf1990a6e85d13cffb729a89b55cba8d2d32,train
/content/drive/MyDrive/MaizeData/prepared_images/rgb_bilinear_v1_224/55f475980ea670f2fb10becee2bc3398b4523ec919221125716ceec972b8a730_224x224.png,/content/drive/MyDrive/MaizeData/GOOD_SEED/IMG_20260706_112315.jpg,55f475980ea670f2fb10becee2bc3398b4523ec919221125716ceec972b8a730,GOOD_SEED,1,55f475980ea670f2fb10becee2bc3398b4523ec919221125716ceec972b8a730,train
/content/drive/MyDrive/MaizeData/prepared_images/rgb_bilinear_v1_224/c3427e859d7f637fa173565259c78cd87e729e04b9a2f6a4c4563db8f9a3fcfb_224x224.png,/content/drive/MyDrive/MaizeData/BAD_SEED/IMG_20260707_085924.jpg,c3427e859d7f637fa173565259c78cd87e729e04b9a2f6a4c4563db8f9a3fcfb,BAD_SEED,0,c3427e859d7f637fa173565259c78cd87e729e04b9a2f6a4c4563db8f9a3fcfb,train
/content/drive/MyDrive/MaizeData/prepared_images/rgb_bilinear_v1_224/1c1c073da3a2000fd5b0a5531033ae2691f374ac2a71f7140b658e0684e424fe_224x224.png,/content/drive/MyDrive/MaizeData/BAD_SEED/IMG_20260709_174827.jpg,1c1c073da3a2000fd5b0a5531033ae2691f374ac2a71f7140b658e0684e424fe,BAD_SEED,0,1c1c073da3a2000fd5b0a5531033ae2691f374ac2a71f7140b658e0684e424fe,train
/content/drive/MyDrive/MaizeData/prepared_images/rgb_bilinear_v1_224/2c20ecb8bf9e15a0092b710b2b1955c2c4cc5524d174db5a12855c1da9bdc50d_224x224.png,/content/drive/MyDrive/MaizeData/BAD_SEED/IMG_20260709_183530.jpg,2c20ecb8bf9e15a0092b710b2b1955c2c4cc5524d174db5a12855c1da9bdc50d,BAD_SEED,0,2c20ecb8bf9e15a0092b710b2b1955c2c4cc5524d174db5a12855c1da9bdc50d,train
/content/drive/MyDrive/MaizeData/prepared_images/rgb_bilinear_v1_224/866209f4fd5c580ad9eed8429932b363d66e4a408c87279e1bc5a15c9bf8eba0_224x224.png,/content/drive/MyDrive/MaizeData/BAD_SEED/IMG_20260709_091232_1.jpg,866209f4fd5c580ad9eed8429932b363d66e4a408c87279e1bc5a15c9bf8eba0,BAD_SEED,0,866209f4fd5c580ad9eed8429932b363d66e4a408c87279e1bc5a15c9bf8eba0,train
/content/drive/MyDrive/MaizeData/prepared_images/rgb_bilinear_v1_224/7ad99dab0efeb77364d5136fd91e6e7bb5801132f8ec5616e7d223eebccb6de8_224x224.png,/content/drive/MyDrive/MaizeData/BAD_SEED/IMG_20260709_175119.jpg,7ad99dab0efeb77364d5136fd91e6e7bb5801132f8ec5616e7d223eebccb6de8,BAD_SEED,0,7ad99dab0efeb77364d5136fd91e6e7bb5801132f8ec5616e7d223eebccb6de8,train
/content/drive/MyDrive/MaizeData/prepared_images/rgb_bilinear_v1_224/c4cf7ce35d64e61618d37e8416acf1cbb527da677f6c1ffbfc2a542540254d27_224x224.png,/content/drive/MyDrive/MaizeData/GOOD_SEED/IMG_20260706_085634.jpg,c4cf7ce35d64e61618d37e8416acf1cbb527da677f6c1ffbfc2a542540254d27,GOOD_SEED,1,c4cf7ce35d64e61618d37e8416acf1cbb527da677f6c1ffbfc2a542540254d27,train
/content/drive/MyDrive/MaizeData/prepared_images/rgb_bilinear_v1_224/7c5702ae4cdf1cf87dc59fe13d7e70a41395449c0d81f2fd6db382964bb93806_224x224.png,/content/drive/MyDrive/MaizeData/GOOD_SEED/IMG_20260706_080302_1.jpg,7c5702ae4cdf1cf87dc59fe13d7e70a41395449c0d81f2fd6db382964bb93806,GOOD_SEED,1,7c5702ae4cdf1cf87dc59fe13d7e70a41395449c0d81f2fd6db382964bb93806,train
/content/drive/MyDrive/MaizeData/prepared_images/rgb_bilinear_v1_224/fe42e645e05b5cae2c6013df856c70a5112380a653db4dd05764b234c942524d_224x224.png,/content/drive/MyDrive/MaizeData/NO_MAIZE/IMG_5601.jpg,fe42e645e05b5cae2c6013df856c70a5112380a653db4dd05764b234c942524d,NO_MAIZE,2,fe42e645e05b5cae2c6013df856c70a5112380a653db4dd05764b234c942524d,train
/content/drive/MyDrive/MaizeData/prepared_images/rgb_bilinear_v1_224/2df2ffadf33829b2fbc89b56cd6fc970a3e952d811736cb0ba10eb82fc01a7d5_224x224.png,/content/drive/MyDrive/MaizeData/GOOD_SEED/IMG_20260706_084232.jpg,2df2ffadf33829b2fbc89b56cd6fc970a3e952d811736cb0ba10eb82fc01a7d5,GOOD_SEED,1,2df2ffadf33829b2fbc89b56cd6fc970a3e952d811736cb0ba10eb82fc01a7d5,train
/content/drive/MyDrive/MaizeData/prepared_images/rgb_bilinear_v1_224/479f91cb2b82a8283316b9136882ba8af02569ac0fbe3e29c76b7c3e6e0c3be5_224x224.png,/content/drive/MyDrive/MaizeData/GOOD_SEED/IMG_20260706_114142.jpg,479f91cb2b82a8283316b9136882ba8af02569ac0fbe3e29c76b7c3e6e0c3be5,GOOD_SEED,1,479f91cb2b82a8283316b9136882ba8af02569ac0fbe3e29c76b7c3e6e0c3be5,train
/content/drive/MyDrive/MaizeData/prepared_images/rgb_bilinear_v1_224/f241e3fe4f6fedb13e90342e712ee1c17b9032b91475457262e8bc1bd412afc4_224x224.png,/content/drive/MyDrive/MaizeData/GOOD_SEED/IMG_20260706_111911.jpg,f241e3fe4f6fedb13e90342e712ee1c17b9032b91475457262e8bc1bd412afc4,GOOD_SEED,1,f241e3fe4f6fedb13e90342e712ee1c17b9032b91475457262e8bc1bd412afc4,train
/content/drive/MyDrive/MaizeData/prepared_images/rgb_bilinear_v1_224/3e34677bea0b5be38fc54cc5006f2210da5fe1d47055f71b92c79a5d11448a9d_224x224.png,/content/drive/MyDrive/MaizeData/GOOD_SEED/IMG_20260706_102553.jpg,3e34677bea0b5be38fc54cc5006f2210da5fe1d47055f71b92c79a5d11448a9d,GOOD_SEED,1,3e34677bea0b5be38fc54cc5006f2210da5fe1d47055f71b92c79a5d11448a9d,train
/content/drive/MyDrive/MaizeData/prepared_images/rgb_bilinear_v1_224/02954611f1339a038259c622efd1bb8159edc72b7d2c68d2d1e9187f9e4f024e_224x224.png,/content/drive/MyDrive/MaizeData/GOOD_SEED/IMG_20260706_085804.jpg,02954611f1339a038259c622efd1bb8159edc72b7d2c68d2d1e9187f9e4f024e,GOOD_SEED,1,02954611f1339a038259c622efd1bb8159edc72b7d2c68d2d1e9187f9e4f024e,train
/content/drive/MyDrive/MaizeData/prepared_images/rgb_bilinear_v1_224/bb8f8759f02b1f9811062e18fbad6a289ffaddd12917537e70152680da996aca_224x224.png,/content/drive/MyDrive/MaizeData/GOOD_SEED/IMG_20260706_102603.jpg,bb8f8759f02b1f9811062e18fbad6a289ffaddd12917537e70152680da996aca,GOOD_SEED,1,bb8f8759f02b1f9811062e18fbad6a289ffaddd12917537e70152680da996aca,train
/content/drive/MyDrive/MaizeData/prepared_images/rgb_bilinear_v1_224/03313517819b225386c2753ed9870baf94fc935ef7b3a8cebda68ab5ba5e16b8_224x224.png,/content/drive/MyDrive/MaizeData/BAD_SEED/IMG_20260707_093345.jpg,03313517819b225386c2753ed9870baf94fc935ef7b3a8cebda68ab5ba5e16b8,BAD_SEED,0,03313517819b225386c2753ed9870baf94fc935ef7b3a8cebda68ab5ba5e16b8,train
/content/drive/MyDrive/MaizeData/prepared_images/rgb_bilinear_v1_224/c80e982f7ec7226e5ab62dc98164e1a1ea7c947a4e6b61bdc96cac865d9c6842_224x224.png,/content/drive/MyDrive/MaizeData/BAD_SEED/IMG_20260709_094740.jpg,c80e982f7ec7226e5ab62dc98164e1a1ea7c947a4e6b61bdc96cac865d9c6842,BAD_SEED,0,c80e982f7ec7226e5ab62dc98164e1a1ea7c947a4e6b61bdc96cac865d9c6842,train
/content/drive/MyDrive/MaizeData/prepared_images/rgb_bilinear_v1_224/085ce2e549b19d85ed211a90f1161aef6286d5e336eaed9da6da290804a669f6_224x224.png,/content/drive/MyDrive/MaizeData/BAD_SEED/IMG_20260709_092726.jpg,085ce2e549b19d85ed211a90f1161aef6286d5e336eaed9da6da290804a669f6,BAD_SEED,0,085ce2e549b19d85ed211a90f1161aef6286d5e336eaed9da6da290804a669f6,train
/content/drive/MyDrive/MaizeData/prepared_images/rgb_bilinear_v1_224/7a272953e1345dcee944bb40bde4d342a9fa8f898c1d914bfd73b9b8bd81d93c_224x224.png,/content/drive/MyDrive/MaizeData/BAD_SEED/IMG_20260709_095555.jpg,7a272953e1345dcee944bb40bde4d342a9fa8f898c1d914bfd73b9b8bd81d93c,BAD_SEED,0,7a272953e1345dcee944bb40bde4d342a9fa8f898c1d914bfd73b9b8bd81d93c,train
/content/drive/MyDrive/MaizeData/prepared_images/rgb_bilinear_v1_224/9e09beb5132d394e7482328ee86b2cfd3f661b7f7ae897fed386083041213794_224x224.png,/content/drive/MyDrive/MaizeData/BAD_SEED/IMG_20260707_090549_1.jpg,9e09beb5132d394e7482328ee86b2cfd3f661b7f7ae897fed386083041213794,BAD_SEED,0,9e09beb5132d394e7482328ee86b2cfd3f661b7f7ae897fed386083041213794,train
/content/drive/MyDrive/MaizeData/prepared_images/rgb_bilinear_v1_224/944589143e8f2812cbaf1c93ec61197c93d21d0d948084ab22dcb771a9c325e6_224x224.png,/content/drive/MyDrive/MaizeData/GOOD_SEED/IMG_20260706_080058.jpg,944589143e8f2812cbaf1c93ec61197c93d21d0d948084ab22dcb771a9c325e6,GOOD_SEED,1,944589143e8f2812cbaf1c93ec61197c93d21d0d948084ab22dcb771a9c325e6,train
/content/drive/MyDrive/MaizeData/prepared_images/rgb_bilinear_v1_224/3469ffe51867bee1897ab6cad848300d303642695c2c0dafe1f5d7a1201a9487_224x224.png,/content/drive/MyDrive/MaizeData/GOOD_SEED/IMG_20260706_074310.jpg,3469ffe51867bee1897ab6cad848300d303642695c2c0dafe1f5d7a1201a9487,GOOD_SEED,1,3469ffe51867bee1897ab6cad848300d303642695c2c0dafe1f5d7a1201a9487,train
/content/drive/MyDrive/MaizeData/prepared_images/rgb_bilinear_v1_224/e1a122bdcdf7332f49080565e111df3aafcde8e6bc0909584d160acd060adc73_224x224.png,/content/drive/MyDrive/MaizeData/GOOD_SEED/IMG_20260706_073014_1.jpg,e1a122bdcdf7332f49080565e111df3aafcde8e6bc0909584d160acd060adc73,GOOD_SEED,1,e1a122bdcdf7332f49080565e111df3aafcde8e6bc0909584d160acd060adc73,train
/content/drive/MyDrive/MaizeData/prepared_images/rgb_bilinear_v1_224/f09a85c6dbf8cc2f9663c70b4e5441d4e22c2ce82b92b394288533b46aff753a_224x224.png,/content/drive/MyDrive/MaizeData/BAD_SEED/IMG_20260707_094517.jpg,f09a85c6dbf8cc2f9663c70b4e5441d4e22c2ce82b92b394288533b46aff753a,BAD_SEED,0,f09a85c6dbf8cc2f9663c70b4e5441d4e22c2ce82b92b394288533b46aff753a,train
/content/drive/MyDrive/MaizeData/prepared_images/rgb_bilinear_v1_224/aa3e1d3041e1ba0af9790bc10ac056e4ecf6d9af43ef4d5f69720d14c7ff2f55_224x224.png,/content/drive/MyDrive/MaizeData/GOOD_SEED/IMG_20260706_113824.jpg,aa3e1d3041e1ba0af9790bc10ac056e4ecf6d9af43ef4d5f69720d14c7ff2f55,GOOD_SEED,1,aa3e1d3041e1ba0af9790bc10ac056e4ecf6d9af43ef4d5f69720d14c7ff2f55,train
/content/drive/MyDrive/MaizeData/prepared_images/rgb_bilinear_v1_224/5e6e075855e808f1323ef6bc97e767fcc1d866f316b19b1263697106e094c12a_224x224.png,/content/drive/MyDrive/MaizeData/GOOD_SEED/IMG_20260706_100114.jpg,5e6e075855e808f1323ef6bc97e767fcc1d866f316b19b1263697106e094c12a,GOOD_SEED,1,5e6e075855e808f1323ef6bc97e767fcc1d866f316b19b1263697106e094c12a,train
/content/drive/MyDrive/MaizeData/prepared_images/rgb_bilinear_v1_224/939b3b7ca0be7388509bb72c761379a0c0d83933248988ba8976be9f9ee616cd_224x224.png,/content/drive/MyDrive/MaizeData/BAD_SEED/IMG_20260709_174926_1.jpg,939b3b7ca0be7388509bb72c761379a0c0d83933248988ba8976be9f9ee616cd,BAD_SEED,0,939b3b7ca0be7388509bb72c761379a0c0d83933248988ba8976be9f9ee616cd,train
/content/drive/MyDrive/MaizeData/prepared_images/rgb_bilinear_v1_224/eea7e4d05dae7309bc144d904d638cfe960c8221f14f557731611494c2a5a650_224x224.png,/content/drive/MyDrive/MaizeData/BAD_SEED/IMG_20260709_085737.jpg,eea7e4d05dae7309bc144d904d638cfe960c8221f14f557731611494c2a5a650,BAD_SEED,0,eea7e4d05dae7309bc144d904d638cfe960c8221f14f557731611494c2a5a650,train
/content/drive/MyDrive/MaizeData/prepared_images/rgb_bilinear_v1_224/1adcc28f8ff9e962327b1a470975d2c48977ee9e8bb65b999f634d2e1d22b75b_224x224.png,/content/drive/MyDrive/MaizeData/NO_MAIZE/IMG_5626.jpg,1adcc28f8ff9e962327b1a470975d2c48977ee9e8bb65b999f634d2e1d22b75b,NO_MAIZE,2,1adcc28f8ff9e962327b1a470975d2c48977ee9e8bb65b999f634d2e1d22b75b,train
/content/drive/MyDrive/MaizeData/prepared_images/rgb_bilinear_v1_224/8b0d7a952cfa28510fc4316018a2f10db2d1cc0bfae44a4a9aabdb0a1a396737_224x224.png,/content/drive/MyDrive/MaizeData/BAD_SEED/IMG_20260707_091348.jpg,8b0d7a952cfa28510fc4316018a2f10db2d1cc0bfae44a4a9aabdb0a1a396737,BAD_SEED,0,8b0d7a952cfa28510fc4316018a2f10db2d1cc0bfae44a4a9aabdb0a1a396737,train
/content/drive/MyDrive/MaizeData/prepared_images/rgb_bilinear_v1_224/610f712bf0583b819bc0fb51d5ca230cfd38c9f924d74f210eb5c6eee23c6a9a_224x224.png,/content/drive/MyDrive/MaizeData/BAD_SEED/IMG_20260707_100219.jpg,610f712bf0583b819bc0fb51d5ca230cfd38c9f924d74f210eb5c6eee23c6a9a,BAD_SEED,0,610f712bf0583b819bc0fb51d5ca230cfd38c9f924d74f210eb5c6eee23c6a9a,train
/content/drive/MyDrive/MaizeData/prepared_images/rgb_bilinear_v1_224/7bad0faf3a07056a4f73b2a890ccb9eebb18eae92aaa638d0c30977b2e794c81_224x224.png,/content/drive/MyDrive/MaizeData/GOOD_SEED/IMG_20260706_095552.jpg,7bad0faf3a07056a4f73b2a890ccb9eebb18eae92aaa638d0c30977b2e794c81,GOOD_SEED,1,7bad0faf3a07056a4f73b2a890ccb9eebb18eae92aaa638d0c30977b2e794c81,train
/content/drive/MyDrive/MaizeData/prepared_images/rgb_bilinear_v1_224/24852a19d918ecbcab63629b913d981770a64028c69b79fcffaa835112786340_224x224.png,/content/drive/MyDrive/MaizeData/GOOD_SEED/IMG_20260706_114049_1.jpg,24852a19d918ecbcab63629b913d981770a64028c69b79fcffaa835112786340,GOOD_SEED,1,24852a19d918ecbcab63629b913d981770a64028c69b79fcffaa835112786340,train
/content/drive/MyDrive/MaizeData/prepared_images/rgb_bilinear_v1_224/2abacb31b5d0b3522530125ad1ef074ae583adf388e896b307cc0aac2c2d1d70_224x224.png,/content/drive/MyDrive/MaizeData/GOOD_SEED/IMG_20260706_082656.jpg,2abacb31b5d0b3522530125ad1ef074ae583adf388e896b307cc0aac2c2d1d70,GOOD_SEED,1,2abacb31b5d0b3522530125ad1ef074ae583adf388e896b307cc0aac2c2d1d70,train
/content/drive/MyDrive/MaizeData/prepared_images/rgb_bilinear_v1_224/f57bbf3c3e0e2cb91bfeb82f86d88b3f638a08721ef21b44a7fe165459f9b57f_224x224.png,/content/drive/MyDrive/MaizeData/BAD_SEED/IMG_20260709_091906_1.jpg,f57bbf3c3e0e2cb91bfeb82f86d88b3f638a08721ef21b44a7fe165459f9b57f,BAD_SEED,0,f57bbf3c3e0e2cb91bfeb82f86d88b3f638a08721ef21b44a7fe165459f9b57f,train
/content/drive/MyDrive/MaizeData/prepared_images/rgb_bilinear_v1_224/e1a2bcddb083dd4860923a74eb65973a1879048cbb2870e1c7f2dffe045025b4_224x224.png,/content/drive/MyDrive/MaizeData/BAD_SEED/IMG_20260707_100537.jpg,e1a2bcddb083dd4860923a74eb65973a1879048cbb2870e1c7f2dffe045025b4,BAD_SEED,0,e1a2bcddb083dd4860923a74eb65973a1879048cbb2870e1c7f2dffe045025b4,train
/content/drive/MyDrive/MaizeData/prepared_images/rgb_bilinear_v1_224/eaa76f332288949c79a3ccdac511345583c3ce356f723fbe7bea1c7372ea9bd6_224x224.png,/content/drive/MyDrive/MaizeData/GOOD_SEED/IMG_20260706_081238.jpg,eaa76f332288949c79a3ccdac511345583c3ce356f723fbe7bea1c7372ea9bd6,GOOD_SEED,1,eaa76f332288949c79a3ccdac511345583c3ce356f723fbe7bea1c7372ea9bd6,train
/content/drive/MyDrive/MaizeData/prepared_images/rgb_bilinear_v1_224/1ba8b178b455b09a0e31352e844534410ac125913504f43405d3c5e293215a33_224x224.png,/content/drive/MyDrive/MaizeData/NO_MAIZE/IMG_5560.jpg,1ba8b178b455b09a0e31352e844534410ac125913504f43405d3c5e293215a33,NO_MAIZE,2,1ba8b178b455b09a0e31352e844534410ac125913504f43405d3c5e293215a33,train
/content/drive/MyDrive/MaizeData/prepared_images/rgb_bilinear_v1_224/da09cc2de4206111c604ff8b012993ea9913fa702df69f4ed9fd5df6f065a802_224x224.png,/content/drive/MyDrive/MaizeData/BAD_SEED/IMG_20260709_090752.jpg,da09cc2de4206111c604ff8b012993ea9913fa702df69f4ed9fd5df6f065a802,BAD_SEED,0,da09cc2de4206111c604ff8b012993ea9913fa702df69f4ed9fd5df6f065a802,train
/content/drive/MyDrive/MaizeData/prepared_images/rgb_bilinear_v1_224/caeb09a3fc619a1ad77511f884581bbeed1e446df31ac3ad0d486b71f13f8ba1_224x224.png,/content/drive/MyDrive/MaizeData/NO_MAIZE/IMG_5604.jpg,caeb09a3fc619a1ad77511f884581bbeed1e446df31ac3ad0d486b71f13f8ba1,NO_MAIZE,2,caeb09a3fc619a1ad77511f884581bbeed1e446df31ac3ad0d486b71f13f8ba1,train
/content/drive/MyDrive/MaizeData/prepared_images/rgb_bilinear_v1_224/172401774f9b85f3cd736fce975c94a14d225b6323487b7a02607e9d7515f5ac_224x224.png,/content/drive/MyDrive/MaizeData/GOOD_SEED/IMG_20260706_075545.jpg,172401774f9b85f3cd736fce975c94a14d225b6323487b7a02607e9d7515f5ac,GOOD_SEED,1,172401774f9b85f3cd736fce975c94a14d225b6323487b7a02607e9d7515f5ac,train
/content/drive/MyDrive/MaizeData/prepared_images/rgb_bilinear_v1_224/9c0a578d92e53124f22a9b5b9a435bf4c074698ca8833993efe6c445b3c67870_224x224.png,/content/drive/MyDrive/MaizeData/BAD_SEED/IMG_20260709_180119.jpg,9c0a578d92e53124f22a9b5b9a435bf4c074698ca8833993efe6c445b3c67870,BAD_SEED,0,9c0a578d92e53124f22a9b5b9a435bf4c074698ca8833993efe6c445b3c67870,train
/content/drive/MyDrive/MaizeData/prepared_images/rgb_bilinear_v1_224/3f61e59c9200c637cd2f92767f60302a8b84b7dcb9acb64721d8c4aa7a9717ec_224x224.png,/content/drive/MyDrive/MaizeData/GOOD_SEED/IMG_20260706_091553.jpg,3f61e59c9200c637cd2f92767f60302a8b84b7dcb9acb64721d8c4aa7a9717ec,GOOD_SEED,1,3f61e59c9200c637cd2f92767f60302a8b84b7dcb9acb64721d8c4aa7a9717ec,train
/content/drive/MyDrive/MaizeData/prepared_images/rgb_bilinear_v1_224/a652be5a2310563fd0c95c9b78ed9a6b399dd459c50b556a7c63c2cab6d987d0_224x224.png,/content/drive/MyDrive/MaizeData/GOOD_SEED/IMG_20260706_113109.jpg,a652be5a2310563fd0c95c9b78ed9a6b399dd459c50b556a7c63c2cab6d987d0,GOOD_SEED,1,a652be5a2310563fd0c95c9b78ed9a6b399dd459c50b556a7c63c2cab6d987d0,train
/content/drive/MyDrive/MaizeData/prepared_images/rgb_bilinear_v1_224/700fd961f0d26ea5616139e01f98ea3caa1e4da55945c22c371df946cc24e23b_224x224.png,/content/drive/MyDrive/MaizeData/GOOD_SEED/IMG_20260706_083253.jpg,700fd961f0d26ea5616139e01f98ea3caa1e4da55945c22c371df946cc24e23b,GOOD_SEED,1,700fd961f0d26ea5616139e01f98ea3caa1e4da55945c22c371df946cc24e23b,train
/content/drive/MyDrive/MaizeData/prepared_images/rgb_bilinear_v1_224/ddbfc438444f6d5eabc01288833cb5904daf9a29bb45b917852e69449872ef1e_224x224.png,/content/drive/MyDrive/MaizeData/BAD_SEED/IMG_20260709_173843.jpg,ddbfc438444f6d5eabc01288833cb5904daf9a29bb45b917852e69449872ef1e,BAD_SEED,0,ddbfc438444f6d5eabc01288833cb5904daf9a29bb45b917852e69449872ef1e,train
/content/drive/MyDrive/MaizeData/prepared_images/rgb_bilinear_v1_224/b5fe3e9649f164a9cedfb984b178832c7d1d2b3e1ba6d5f5e92771a000fb53bc_224x224.png,/content/drive/MyDrive/MaizeData/GOOD_SEED/IMG_20260706_021706.jpg,b5fe3e9649f164a9cedfb984b178832c7d1d2b3e1ba6d5f5e92771a000fb53bc,GOOD_SEED,1,b5fe3e9649f164a9cedfb984b178832c7d1d2b3e1ba6d5f5e92771a000fb53bc,train
/content/drive/MyDrive/MaizeData/prepared_images/rgb_bilinear_v1_224/436814c0b378343f09a40f1bfbd725fc6ab283662c99704595e2b8780a2f9aaa_224x224.png,/content/drive/MyDrive/MaizeData/GOOD_SEED/IMG_20260706_103740.jpg,436814c0b378343f09a40f1bfbd725fc6ab283662c99704595e2b8780a2f9aaa,GOOD_SEED,1,436814c0b378343f09a40f1bfbd725fc6ab283662c99704595e2b8780a2f9aaa,train
/content/drive/MyDrive/MaizeData/prepared_images/rgb_bilinear_v1_224/2beef72d141b2484e7b9909e2bd626713391340717612c10cec7948d55c1b657_224x224.png,/content/drive/MyDrive/MaizeData/GOOD_SEED/IMG_20260706_112240.jpg,2beef72d141b2484e7b9909e2bd626713391340717612c10cec7948d55c1b657,GOOD_SEED,1,2beef72d141b2484e7b9909e2bd626713391340717612c10cec7948d55c1b657,train
/content/drive/MyDrive/MaizeData/prepared_images/rgb_bilinear_v1_224/4c5c942d2774c7a17241c292e468f47175e7423fc8ea5df9607a52d76c795145_224x224.png,/content/drive/MyDrive/MaizeData/BAD_SEED/IMG_20260707_084117.jpg,4c5c942d2774c7a17241c292e468f47175e7423fc8ea5df9607a52d76c795145,BAD_SEED,0,4c5c942d2774c7a17241c292e468f47175e7423fc8ea5df9607a52d76c795145,train
/content/drive/MyDrive/MaizeData/prepared_images/rgb_bilinear_v1_224/03da6c3b54a03ad5ee035a246b250ae6625877a510f580fc5e9664ab7db71933_224x224.png,/content/drive/MyDrive/MaizeData/GOOD_SEED/IMG_20260706_095931.jpg,03da6c3b54a03ad5ee035a246b250ae6625877a510f580fc5e9664ab7db71933,GOOD_SEED,1,03da6c3b54a03ad5ee035a246b250ae6625877a510f580fc5e9664ab7db71933,train
/content/drive/MyDrive/MaizeData/prepared_images/rgb_bilinear_v1_224/c8cc1e703639b33a8daddf14b6cad6a850462d53d5c24075cdb7d5d4f48b353b_224x224.png,/content/drive/MyDrive/MaizeData/BAD_SEED/IMG_20260709_174657.jpg,c8cc1e703639b33a8daddf14b6cad6a850462d53d5c24075cdb7d5d4f48b353b,BAD_SEED,0,c8cc1e703639b33a8daddf14b6cad6a850462d53d5c24075cdb7d5d4f48b353b,train
/content/drive/MyDrive/MaizeData/prepared_images/rgb_bilinear_v1_224/8323492b04d162204818493c1b7301f6555f94768593fcc74bc7f2c9fb0cc8a0_224x224.png,/content/drive/MyDrive/MaizeData/GOOD_SEED/IMG_20260706_091136.jpg,8323492b04d162204818493c1b7301f6555f94768593fcc74bc7f2c9fb0cc8a0,GOOD_SEED,1,8323492b04d162204818493c1b7301f6555f94768593fcc74bc7f2c9fb0cc8a0,train
/content/drive/MyDrive/MaizeData/prepared_images/rgb_bilinear_v1_224/cb708c6c3bd374f17c064ed7604dff21449610971134dd7c67f6d62fdc06aac4_224x224.png,/content/drive/MyDrive/MaizeData/GOOD_SEED/IMG_20260706_053655.jpg,cb708c6c3bd374f17c064ed7604dff21449610971134dd7c67f6d62fdc06aac4,GOOD_SEED,1,cb708c6c3bd374f17c064ed7604dff21449610971134dd7c67f6d62fdc06aac4,train
/content/drive/MyDrive/MaizeData/prepared_images/rgb_bilinear_v1_224/3477e3e35634af6c9fa495814394c941de411d616b955596b35dd89f215ef6e2_224x224.png,/content/drive/MyDrive/MaizeData/BAD_SEED/IMG_20260709_095309.jpg,3477e3e35634af6c9fa495814394c941de411d616b955596b35dd89f215ef6e2,BAD_SEED,0,3477e3e35634af6c9fa495814394c941de411d616b955596b35dd89f215ef6e2,train
/content/drive/MyDrive/MaizeData/prepared_images/rgb_bilinear_v1_224/bac47d4cc991192cb0742dd898d9ebacbdb3f19c2c7f727a5d9864dfc713aba8_224x224.png,/content/drive/MyDrive/MaizeData/GOOD_SEED/IMG_20260706_072929_1.jpg,bac47d4cc991192cb0742dd898d9ebacbdb3f19c2c7f727a5d9864dfc713aba8,GOOD_SEED,1,bac47d4cc991192cb0742dd898d9ebacbdb3f19c2c7f727a5d9864dfc713aba8,train
/content/drive/MyDrive/MaizeData/prepared_images/rgb_bilinear_v1_224/ec2bf02f5bfee62467b5a208892ca979693820d131c259d4cb3cd9baef2a6226_224x224.png,/content/drive/MyDrive/MaizeData/GOOD_SEED/IMG_20260706_090621.jpg,ec2bf02f5bfee62467b5a208892ca979693820d131c259d4cb3cd9baef2a6226,GOOD_SEED,1,ec2bf02f5bfee62467b5a208892ca979693820d131c259d4cb3cd9baef2a6226,train
/content/drive/MyDrive/MaizeData/prepared_images/rgb_bilinear_v1_224/a0fa970e29143e32f8dbed85b0868fd85f5690523138c4c14ffaeb7728298f0d_224x224.png,/content/drive/MyDrive/MaizeData/BAD_SEED/IMG_20260709_183605.jpg,a0fa970e29143e32f8dbed85b0868fd85f5690523138c4c14ffaeb7728298f0d,BAD_SEED,0,a0fa970e29143e32f8dbed85b0868fd85f5690523138c4c14ffaeb7728298f0d,train
/content/drive/MyDrive/MaizeData/prepared_images/rgb_bilinear_v1_224/b34df11ad3872f456fce9b8179df2ab1457e1140c4cffb60a574b0e63fad3bb0_224x224.png,/content/drive/MyDrive/MaizeData/GOOD_SEED/IMG_20260706_090807.jpg,b34df11ad3872f456fce9b8179df2ab1457e1140c4cffb60a574b0e63fad3bb0,GOOD_SEED,1,b34df11ad3872f456fce9b8179df2ab1457e1140c4cffb60a574b0e63fad3bb0,train
/content/drive/MyDrive/MaizeData/prepared_images/rgb_bilinear_v1_224/3309d0778d8b99211e1f86053b78560d6b937da31f2039117c7a758ad033fee7_224x224.png,/content/drive/MyDrive/MaizeData/GOOD_SEED/IMG_20260706_074000.jpg,3309d0778d8b99211e1f86053b78560d6b937da31f2039117c7a758ad033fee7,GOOD_SEED,1,3309d0778d8b99211e1f86053b78560d6b937da31f2039117c7a758ad033fee7,train
/content/drive/MyDrive/MaizeData/prepared_images/rgb_bilinear_v1_224/c9e85b6f0b3d01ee77028135397a5373463bc917a1458bf5cbd84478f4fe6107_224x224.png,/content/drive/MyDrive/MaizeData/BAD_SEED/IMG_20260707_093411.jpg,c9e85b6f0b3d01ee77028135397a5373463bc917a1458bf5cbd84478f4fe6107,BAD_SEED,0,c9e85b6f0b3d01ee77028135397a5373463bc917a1458bf5cbd84478f4fe6107,train
/content/drive/MyDrive/MaizeData/prepared_images/rgb_bilinear_v1_224/20217043a1c229cfdf8480080d5e54bfe5dc1dbd56d0bb41696e514b71619cad_224x224.png,/content/drive/MyDrive/MaizeData/GOOD_SEED/IMG_20260706_074145_1.jpg,20217043a1c229cfdf8480080d5e54bfe5dc1dbd56d0bb41696e514b71619cad,GOOD_SEED,1,20217043a1c229cfdf8480080d5e54bfe5dc1dbd56d0bb41696e514b71619cad,train
/content/drive/MyDrive/MaizeData/prepared_images/rgb_bilinear_v1_224/3c80c1cd04c98ca68ffe0b03f016780229f46693c73ec517c28b770ec5865725_224x224.png,/content/drive/MyDrive/MaizeData/GOOD_SEED/IMG_20260706_103138.jpg,3c80c1cd04c98ca68ffe0b03f016780229f46693c73ec517c28b770ec5865725,GOOD_SEED,1,3c80c1cd04c98ca68ffe0b03f016780229f46693c73ec517c28b770ec5865725,train
/content/drive/MyDrive/MaizeData/prepared_images/rgb_bilinear_v1_224/b13ef456536b511f00bf9364e0a7e3dbfc65ae5404e5a14ca8d13168ecf14e80_224x224.png,/content/drive/MyDrive/MaizeData/GOOD_SEED/IMG_20260706_112307_1.jpg,b13ef456536b511f00bf9364e0a7e3dbfc65ae5404e5a14ca8d13168ecf14e80,GOOD_SEED,1,b13ef456536b511f00bf9364e0a7e3dbfc65ae5404e5a14ca8d13168ecf14e80,train
/content/drive/MyDrive/MaizeData/prepared_images/rgb_bilinear_v1_224/4ea004968ab5b0b77406bbd43e8a1119296f9e0c72cab9a08bb752ff56574ad3_224x224.png,/content/drive/MyDrive/MaizeData/BAD_SEED/IMG_20260709_091639.jpg,4ea004968ab5b0b77406bbd43e8a1119296f9e0c72cab9a08bb752ff56574ad3,BAD_SEED,0,4ea004968ab5b0b77406bbd43e8a1119296f9e0c72cab9a08bb752ff56574ad3,train
/content/drive/MyDrive/MaizeData/prepared_images/rgb_bilinear_v1_224/d551621e74267f6193e1f329f1a2cdab7d895eed19daede71fd0d41584ae9aa6_224x224.png,/content/drive/MyDrive/MaizeData/BAD_SEED/IMG_20260709_085925_1.jpg,d551621e74267f6193e1f329f1a2cdab7d895eed19daede71fd0d41584ae9aa6,BAD_SEED,0,d551621e74267f6193e1f329f1a2cdab7d895eed19daede71fd0d41584ae9aa6,train
/content/drive/MyDrive/MaizeData/prepared_images/rgb_bilinear_v1_224/a912a681c7f993196b0f95ebc871a7a7594473d3cba2d324f62e3cab1bd60215_224x224.png,/content/drive/MyDrive/MaizeData/NO_MAIZE/IMG_5619.jpg,a912a681c7f993196b0f95ebc871a7a7594473d3cba2d324f62e3cab1bd60215,NO_MAIZE,2,a912a681c7f993196b0f95ebc871a7a7594473d3cba2d324f62e3cab1bd60215,train
/content/drive/MyDrive/MaizeData/prepared_images/rgb_bilinear_v1_224/d93b7488eab6c0929821bb8758f199c4119071267b77a6fbf40a0a144b7cac45_224x224.png,/content/drive/MyDrive/MaizeData/GOOD_SEED/IMG_20260706_074159.jpg,d93b7488eab6c0929821bb8758f199c4119071267b77a6fbf40a0a144b7cac45,GOOD_SEED,1,d93b7488eab6c0929821bb8758f199c4119071267b77a6fbf40a0a144b7cac45,train
/content/drive/MyDrive/MaizeData/prepared_images/rgb_bilinear_v1_224/9c5d33fce0bc50ec5a64be3d42b44527d824cfc52ebf8bbe15ac506fe43859e2_224x224.png,/content/drive/MyDrive/MaizeData/BAD_SEED/IMG_20260709_085702.jpg,9c5d33fce0bc50ec5a64be3d42b44527d824cfc52ebf8bbe15ac506fe43859e2,BAD_SEED,0,9c5d33fce0bc50ec5a64be3d42b44527d824cfc52ebf8bbe15ac506fe43859e2,train
/content/drive/MyDrive/MaizeData/prepared_images/rgb_bilinear_v1_224/2e6cab089b3a859f2a9a171af9f31e8caf366e71c0e771f377859abbac02a2f8_224x224.png,/content/drive/MyDrive/MaizeData/GOOD_SEED/IMG_20260706_090202.jpg,2e6cab089b3a859f2a9a171af9f31e8caf366e71c0e771f377859abbac02a2f8,GOOD_SEED,1,2e6cab089b3a859f2a9a171af9f31e8caf366e71c0e771f377859abbac02a2f8,train
/content/drive/MyDrive/MaizeData/prepared_images/rgb_bilinear_v1_224/9a49bd009a87b1d1a7fdac771cc1798e478a17037eb188140027fd4b8e9032d9_224x224.png,/content/drive/MyDrive/MaizeData/BAD_SEED/IMG_20260707_095248_1.jpg,9a49bd009a87b1d1a7fdac771cc1798e478a17037eb188140027fd4b8e9032d9,BAD_SEED,0,9a49bd009a87b1d1a7fdac771cc1798e478a17037eb188140027fd4b8e9032d9,train
/content/drive/MyDrive/MaizeData/prepared_images/rgb_bilinear_v1_224/73460d48f0e09994075797551bcc54026f1c2969ee2218bfc395d5585e13cf6d_224x224.png,/content/drive/MyDrive/MaizeData/BAD_SEED/IMG_20260709_180106.jpg,73460d48f0e09994075797551bcc54026f1c2969ee2218bfc395d5585e13cf6d,BAD_SEED,0,73460d48f0e09994075797551bcc54026f1c2969ee2218bfc395d5585e13cf6d,train
/content/drive/MyDrive/MaizeData/prepared_images/rgb_bilinear_v1_224/c15d5cd9e71c079d847b56487255b7fe7b511cf6348ca8d2ec3c490bf9030954_224x224.png,/content/drive/MyDrive/MaizeData/GOOD_SEED/IMG_20260706_083150.jpg,c15d5cd9e71c079d847b56487255b7fe7b511cf6348ca8d2ec3c490bf9030954,GOOD_SEED,1,c15d5cd9e71c079d847b56487255b7fe7b511cf6348ca8d2ec3c490bf9030954,train
/content/drive/MyDrive/MaizeData/prepared_images/rgb_bilinear_v1_224/0a6e88a404603fcf17e933c523dfef550deb0cbcb863669a10f186c108a8348c_224x224.png,/content/drive/MyDrive/MaizeData/BAD_SEED/IMG_20260709_091216.jpg,0a6e88a404603fcf17e933c523dfef550deb0cbcb863669a10f186c108a8348c,BAD_SEED,0,0a6e88a404603fcf17e933c523dfef550deb0cbcb863669a10f186c108a8348c,train
/content/drive/MyDrive/MaizeData/prepared_images/rgb_bilinear_v1_224/1d6e1ef194b8018490e83a66d3b3ca0ece76785f04f7f6326728dd33f6b8082a_224x224.png,/content/drive/MyDrive/MaizeData/BAD_SEED/IMG_20260707_092936.jpg,1d6e1ef194b8018490e83a66d3b3ca0ece76785f04f7f6326728dd33f6b8082a,BAD_SEED,0,1d6e1ef194b8018490e83a66d3b3ca0ece76785f04f7f6326728dd33f6b8082a,train
/content/drive/MyDrive/MaizeData/prepared_images/rgb_bilinear_v1_224/6db342d85d8ab2f8bd4119b2c213f6b47dae9d73614d9099a78b75783152a9cd_224x224.png,/content/drive/MyDrive/MaizeData/GOOD_SEED/IMG_20260706_090430.jpg,6db342d85d8ab2f8bd4119b2c213f6b47dae9d73614d9099a78b75783152a9cd,GOOD_SEED,1,6db342d85d8ab2f8bd4119b2c213f6b47dae9d73614d9099a78b75783152a9cd,train
/content/drive/MyDrive/MaizeData/prepared_images/rgb_bilinear_v1_224/6e16676678e8973091aaad022641162fb262cce7475b0ecd55cbb070a9071a6f_224x224.png,/content/drive/MyDrive/MaizeData/GOOD_SEED/IMG_20260706_090259_1.jpg,6e16676678e8973091aaad022641162fb262cce7475b0ecd55cbb070a9071a6f,GOOD_SEED,1,6e16676678e8973091aaad022641162fb262cce7475b0ecd55cbb070a9071a6f,train
/content/drive/MyDrive/MaizeData/prepared_images/rgb_bilinear_v1_224/3dafbe6fc68f77a7aca4eacee5f9838c9f923b73e22ce80dd8eb1b2913dc1ae9_224x224.png,/content/drive/MyDrive/MaizeData/BAD_SEED/IMG_20260707_084517.jpg,3dafbe6fc68f77a7aca4eacee5f9838c9f923b73e22ce80dd8eb1b2913dc1ae9,BAD_SEED,0,3dafbe6fc68f77a7aca4eacee5f9838c9f923b73e22ce80dd8eb1b2913dc1ae9,train
/content/drive/MyDrive/MaizeData/prepared_images/rgb_bilinear_v1_224/0b9df30ecdabfea3bf026c4571a2b61076690872a28b71c235c52c297ea968f2_224x224.png,/content/drive/MyDrive/MaizeData/GOOD_SEED/IMG_20260706_101538.jpg,0b9df30ecdabfea3bf026c4571a2b61076690872a28b71c235c52c297ea968f2,GOOD_SEED,1,0b9df30ecdabfea3bf026c4571a2b61076690872a28b71c235c52c297ea968f2,train
/content/drive/MyDrive/MaizeData/prepared_images/rgb_bilinear_v1_224/1d062df1972139e28bfdee12de9cff2824ee786d99917b7f0ece053ad0553b82_224x224.png,/content/drive/MyDrive/MaizeData/GOOD_SEED/IMG_20260706_112440.jpg,1d062df1972139e28bfdee12de9cff2824ee786d99917b7f0ece053ad0553b82,GOOD_SEED,1,1d062df1972139e28bfdee12de9cff2824ee786d99917b7f0ece053ad0553b82,train
/content/drive/MyDrive/MaizeData/prepared_images/rgb_bilinear_v1_224/cbd0a35b3440c9166141a8dffb41d7fc996ad3db589b1f272dbacc27a642d1c8_224x224.png,/content/drive/MyDrive/MaizeData/GOOD_SEED/IMG_20260706_082948.jpg,cbd0a35b3440c9166141a8dffb41d7fc996ad3db589b1f272dbacc27a642d1c8,GOOD_SEED,1,cbd0a35b3440c9166141a8dffb41d7fc996ad3db589b1f272dbacc27a642d1c8,train
/content/drive/MyDrive/MaizeData/prepared_images/rgb_bilinear_v1_224/a82e7d01abb207f8e7bad258f6b9e6c7277fd8b568d67d1a98360329df129490_224x224.png,/content/drive/MyDrive/MaizeData/BAD_SEED/IMG_20260707_085848.jpg,a82e7d01abb207f8e7bad258f6b9e6c7277fd8b568d67d1a98360329df129490,BAD_SEED,0,a82e7d01abb207f8e7bad258f6b9e6c7277fd8b568d67d1a98360329df129490,train
/content/drive/MyDrive/MaizeData/prepared_images/rgb_bilinear_v1_224/0d082fd20ff14cca734f4d971fcb2290c134ee5860ba30202faa0b11a096ef77_224x224.png,/content/drive/MyDrive/MaizeData/BAD_SEED/IMG_20260707_084453_1.jpg,0d082fd20ff14cca734f4d971fcb2290c134ee5860ba30202faa0b11a096ef77,BAD_SEED,0,0d082fd20ff14cca734f4d971fcb2290c134ee5860ba30202faa0b11a096ef77,train
/content/drive/MyDrive/MaizeData/prepared_images/rgb_bilinear_v1_224/5ebf1c57b342da3d53257c44d24a92c6f76cf606019eb993ebd4cc12177d7093_224x224.png,/content/drive/MyDrive/MaizeData/BAD_SEED/IMG_20260707_091618.jpg,5ebf1c57b342da3d53257c44d24a92c6f76cf606019eb993ebd4cc12177d7093,BAD_SEED,0,5ebf1c57b342da3d53257c44d24a92c6f76cf606019eb993ebd4cc12177d7093,train
/content/drive/MyDrive/MaizeData/prepared_images/rgb_bilinear_v1_224/d1867d8cea21c5384d910b1732ec7ece8eb9fbf823e0d708dec1fe40bb5c7f4f_224x224.png,/content/drive/MyDrive/MaizeData/BAD_SEED/IMG_20260709_174207_1.jpg,d1867d8cea21c5384d910b1732ec7ece8eb9fbf823e0d708dec1fe40bb5c7f4f,BAD_SEED,0,d1867d8cea21c5384d910b1732ec7ece8eb9fbf823e0d708dec1fe40bb5c7f4f,train
/content/drive/MyDrive/MaizeData/prepared_images/rgb_bilinear_v1_224/de620439fec6cbbfd77ee921a06fab3c85918ef375f808e44f3cd96e03f53b54_224x224.png,/content/drive/MyDrive/MaizeData/BAD_SEED/IMG_20260707_083829.jpg,de620439fec6cbbfd77ee921a06fab3c85918ef375f808e44f3cd96e03f53b54,BAD_SEED,0,de620439fec6cbbfd77ee921a06fab3c85918ef375f808e44f3cd96e03f53b54,train
/content/drive/MyDrive/MaizeData/prepared_images/rgb_bilinear_v1_224/0f9610dc3de65a2ebeb6c1af819cbea69384e62caba63452d628dfdb27c7b233_224x224.png,/content/drive/MyDrive/MaizeData/GOOD_SEED/IMG_20260706_082516.jpg,0f9610dc3de65a2ebeb6c1af819cbea69384e62caba63452d628dfdb27c7b233,GOOD_SEED,1,0f9610dc3de65a2ebeb6c1af819cbea69384e62caba63452d628dfdb27c7b233,train
/content/drive/MyDrive/MaizeData/prepared_images/rgb_bilinear_v1_224/7b3461e0f9735ad4d26aee50f95b659f83b5dbef104927219eb76062ffbc6a1e_224x224.png,/content/drive/MyDrive/MaizeData/GOOD_SEED/IMG_20260706_095104.jpg,7b3461e0f9735ad4d26aee50f95b659f83b5dbef104927219eb76062ffbc6a1e,GOOD_SEED,1,7b3461e0f9735ad4d26aee50f95b659f83b5dbef104927219eb76062ffbc6a1e,train
/content/drive/MyDrive/MaizeData/prepared_images/rgb_bilinear_v1_224/4aee274fcd5f52ed501cdf5c94a790228855eadd5b45cba4121bb236c4b2d4a6_224x224.png,/content/drive/MyDrive/MaizeData/NO_MAIZE/IMG_5570.jpg,4aee274fcd5f52ed501cdf5c94a790228855eadd5b45cba4121bb236c4b2d4a6,NO_MAIZE,2,4aee274fcd5f52ed501cdf5c94a790228855eadd5b45cba4121bb236c4b2d4a6,train
/content/drive/MyDrive/MaizeData/prepared_images/rgb_bilinear_v1_224/ef0b555de8be59b3a77f1291516fc97fb1ecd93440b036074fedb56ca747859f_224x224.png,/content/drive/MyDrive/MaizeData/GOOD_SEED/IMG_20260706_081725_1.jpg,ef0b555de8be59b3a77f1291516fc97fb1ecd93440b036074fedb56ca747859f,GOOD_SEED,1,ef0b555de8be59b3a77f1291516fc97fb1ecd93440b036074fedb56ca747859f,train
/content/drive/MyDrive/MaizeData/prepared_images/rgb_bilinear_v1_224/bf50086b0a9835a8d427d7bc302fb56bb7445d1637429cdd3b121c885a559755_224x224.png,/content/drive/MyDrive/MaizeData/NO_MAIZE/IMG_5549.jpg,bf50086b0a9835a8d427d7bc302fb56bb7445d1637429cdd3b121c885a559755,NO_MAIZE,2,bf50086b0a9835a8d427d7bc302fb56bb7445d1637429cdd3b121c885a559755,train
/content/drive/MyDrive/MaizeData/prepared_images/rgb_bilinear_v1_224/00be110bdebd867009a444b3952ffcc820f903eb75db0e12edf2dc1cb5102c08_224x224.png,/content/drive/MyDrive/MaizeData/GOOD_SEED/IMG_20260706_083054_1.jpg,00be110bdebd867009a444b3952ffcc820f903eb75db0e12edf2dc1cb5102c08,GOOD_SEED,1,00be110bdebd867009a444b3952ffcc820f903eb75db0e12edf2dc1cb5102c08,train
/content/drive/MyDrive/MaizeData/prepared_images/rgb_bilinear_v1_224/2f1dfef3501dead629ca147657a8b0fb87614b5837e452984e09d230dfae1599_224x224.png,/content/drive/MyDrive/MaizeData/BAD_SEED/IMG_20260709_184416.jpg,2f1dfef3501dead629ca147657a8b0fb87614b5837e452984e09d230dfae1599,BAD_SEED,0,2f1dfef3501dead629ca147657a8b0fb87614b5837e452984e09d230dfae1599,train
/content/drive/MyDrive/MaizeData/prepared_images/rgb_bilinear_v1_224/d1901ddb3791000841f3e8e7d0d7537999d34b07e3b5a7a6fffcd67740c2dbc1_224x224.png,/content/drive/MyDrive/MaizeData/GOOD_SEED/IMG_20260706_094452_1.jpg,d1901ddb3791000841f3e8e7d0d7537999d34b07e3b5a7a6fffcd67740c2dbc1,GOOD_SEED,1,d1901ddb3791000841f3e8e7d0d7537999d34b07e3b5a7a6fffcd67740c2dbc1,train
/content/drive/MyDrive/MaizeData/prepared_images/rgb_bilinear_v1_224/23a6000076d62aa82f0e4f1ad0ae8b778b238ec87f985e08ab1b8acea7859452_224x224.png,/content/drive/MyDrive/MaizeData/GOOD_SEED/IMG_20260706_083123.jpg,23a6000076d62aa82f0e4f1ad0ae8b778b238ec87f985e08ab1b8acea7859452,GOOD_SEED,1,23a6000076d62aa82f0e4f1ad0ae8b778b238ec87f985e08ab1b8acea7859452,train
/content/drive/MyDrive/MaizeData/prepared_images/rgb_bilinear_v1_224/c10b5b6e115b4ed4df36b982bbb07785e9292fed264dbc7e1433efc7d6162564_224x224.png,/content/drive/MyDrive/MaizeData/GOOD_SEED/IMG_20260706_113916_1.jpg,c10b5b6e115b4ed4df36b982bbb07785e9292fed264dbc7e1433efc7d6162564,GOOD_SEED,1,c10b5b6e115b4ed4df36b982bbb07785e9292fed264dbc7e1433efc7d6162564,train
/content/drive/MyDrive/MaizeData/prepared_images/rgb_bilinear_v1_224/7b87ab87cfc2662dfc6fd463c930a304deb061a33a5eb832a473a41f33f58d00_224x224.png,/content/drive/MyDrive/MaizeData/BAD_SEED/IMG_20260707_092025.jpg,7b87ab87cfc2662dfc6fd463c930a304deb061a33a5eb832a473a41f33f58d00,BAD_SEED,0,7b87ab87cfc2662dfc6fd463c930a304deb061a33a5eb832a473a41f33f58d00,train
/content/drive/MyDrive/MaizeData/prepared_images/rgb_bilinear_v1_224/303f22d249645deaaa090d248fbc020d742eabe5c99b6888501186f6cdb6bda4_224x224.png,/content/drive/MyDrive/MaizeData/BAD_SEED/IMG_20260707_084603.jpg,303f22d249645deaaa090d248fbc020d742eabe5c99b6888501186f6cdb6bda4,BAD_SEED,0,303f22d249645deaaa090d248fbc020d742eabe5c99b6888501186f6cdb6bda4,train
/content/drive/MyDrive/MaizeData/prepared_images/rgb_bilinear_v1_224/712d71c9bd62b062903e1ac5c6daa96e7e149131a60ba3467bb5af0f50bc4757_224x224.png,/content/drive/MyDrive/MaizeData/GOOD_SEED/IMG_20260706_082331.jpg,712d71c9bd62b062903e1ac5c6daa96e7e149131a60ba3467bb5af0f50bc4757,GOOD_SEED,1,712d71c9bd62b062903e1ac5c6daa96e7e149131a60ba3467bb5af0f50bc4757,train
/content/drive/MyDrive/MaizeData/prepared_images/rgb_bilinear_v1_224/977541d908bf2cab92b3fa2f1815912f34d6031117129df830bb2b298054b84e_224x224.png,/content/drive/MyDrive/MaizeData/BAD_SEED/IMG_20260707_102203.jpg,977541d908bf2cab92b3fa2f1815912f34d6031117129df830bb2b298054b84e,BAD_SEED,0,977541d908bf2cab92b3fa2f1815912f34d6031117129df830bb2b298054b84e,train
/content/drive/MyDrive/MaizeData/prepared_images/rgb_bilinear_v1_224/5f16e43cbcc665444c93ebaf8986479965fb36f82fd539351d4a020b7957d0fa_224x224.png,/content/drive/MyDrive/MaizeData/GOOD_SEED/IMG_20260706_102400.jpg,5f16e43cbcc665444c93ebaf8986479965fb36f82fd539351d4a020b7957d0fa,GOOD_SEED,1,5f16e43cbcc665444c93ebaf8986479965fb36f82fd539351d4a020b7957d0fa,train
/content/drive/MyDrive/MaizeData/prepared_images/rgb_bilinear_v1_224/5dde08345edf97d6661c64283e833667c1db4d91abd950c29a1fddea04076dc0_224x224.png,/content/drive/MyDrive/MaizeData/GOOD_SEED/IMG_20260706_101120_1.jpg,5dde08345edf97d6661c64283e833667c1db4d91abd950c29a1fddea04076dc0,GOOD_SEED,1,5dde08345edf97d6661c64283e833667c1db4d91abd950c29a1fddea04076dc0,train
/content/drive/MyDrive/MaizeData/prepared_images/rgb_bilinear_v1_224/3a86dfefec2d31066fbdbc1f69d2612c8fa7185653fc97e7a7f0a9d2d5a3f0f0_224x224.png,/content/drive/MyDrive/MaizeData/BAD_SEED/IMG_20260709_094356_1.jpg,3a86dfefec2d31066fbdbc1f69d2612c8fa7185653fc97e7a7f0a9d2d5a3f0f0,BAD_SEED,0,3a86dfefec2d31066fbdbc1f69d2612c8fa7185653fc97e7a7f0a9d2d5a3f0f0,train
/content/drive/MyDrive/MaizeData/prepared_images/rgb_bilinear_v1_224/eb9d8d34ea6fe24c70f74621adf6f1891707ff380f97c6694c91e17befd5e7fd_224x224.png,/content/drive/MyDrive/MaizeData/BAD_SEED/IMG_20260707_094538_1.jpg,eb9d8d34ea6fe24c70f74621adf6f1891707ff380f97c6694c91e17befd5e7fd,BAD_SEED,0,eb9d8d34ea6fe24c70f74621adf6f1891707ff380f97c6694c91e17befd5e7fd,train
/content/drive/MyDrive/MaizeData/prepared_images/rgb_bilinear_v1_224/e99712a18fe9c1a37409dbab85bfd298df837655df6c99bc418d8ed12c4a3e36_224x224.png,/content/drive/MyDrive/MaizeData/BAD_SEED/IMG_20260707_084648.jpg,e99712a18fe9c1a37409dbab85bfd298df837655df6c99bc418d8ed12c4a3e36,BAD_SEED,0,e99712a18fe9c1a37409dbab85bfd298df837655df6c99bc418d8ed12c4a3e36,train
/content/drive/MyDrive/MaizeData/prepared_images/rgb_bilinear_v1_224/409c4484c4f946a250b8cba78bd5d21acfcaa12bbc501544ea619aadac3e5452_224x224.png,/content/drive/MyDrive/MaizeData/GOOD_SEED/IMG_20260706_073432_1.jpg,409c4484c4f946a250b8cba78bd5d21acfcaa12bbc501544ea619aadac3e5452,GOOD_SEED,1,409c4484c4f946a250b8cba78bd5d21acfcaa12bbc501544ea619aadac3e5452,train
/content/drive/MyDrive/MaizeData/prepared_images/rgb_bilinear_v1_224/488dd36c542e73d752e3b78a2d3855d36a204262dc342daf02fe13f1886cf3f1_224x224.png,/content/drive/MyDrive/MaizeData/BAD_SEED/IMG_20260709_183217.jpg,488dd36c542e73d752e3b78a2d3855d36a204262dc342daf02fe13f1886cf3f1,BAD_SEED,0,488dd36c542e73d752e3b78a2d3855d36a204262dc342daf02fe13f1886cf3f1,train
/content/drive/MyDrive/MaizeData/prepared_images/rgb_bilinear_v1_224/8609645008c62675365cdcb3e609410b3b30c120257011b80e77782da8eb80eb_224x224.png,/content/drive/MyDrive/MaizeData/BAD_SEED/IMG_20260707_095427_1.jpg,8609645008c62675365cdcb3e609410b3b30c120257011b80e77782da8eb80eb,BAD_SEED,0,8609645008c62675365cdcb3e609410b3b30c120257011b80e77782da8eb80eb,train
/content/drive/MyDrive/MaizeData/prepared_images/rgb_bilinear_v1_224/8e5279eac132235476d72e73642e5709d1f6b21be3286e027f35b0b828455d2c_224x224.png,/content/drive/MyDrive/MaizeData/BAD_SEED/IMG_20260709_175054.jpg,8e5279eac132235476d72e73642e5709d1f6b21be3286e027f35b0b828455d2c,BAD_SEED,0,8e5279eac132235476d72e73642e5709d1f6b21be3286e027f35b0b828455d2c,train
/content/drive/MyDrive/MaizeData/prepared_images/rgb_bilinear_v1_224/2853705300bceb42344459ba72174a045ba714fea33ee7d8582a35716751ce99_224x224.png,/content/drive/MyDrive/MaizeData/BAD_SEED/IMG_20260709_094346.jpg,2853705300bceb42344459ba72174a045ba714fea33ee7d8582a35716751ce99,BAD_SEED,0,2853705300bceb42344459ba72174a045ba714fea33ee7d8582a35716751ce99,train
/content/drive/MyDrive/MaizeData/prepared_images/rgb_bilinear_v1_224/b87d94acf3c61d334306ad9509b5c2eb29723df872c04c3417d55b83a3d40f21_224x224.png,/content/drive/MyDrive/MaizeData/GOOD_SEED/IMG_20260706_075011.jpg,b87d94acf3c61d334306ad9509b5c2eb29723df872c04c3417d55b83a3d40f21,GOOD_SEED,1,b87d94acf3c61d334306ad9509b5c2eb29723df872c04c3417d55b83a3d40f21,train
/content/drive/MyDrive/MaizeData/prepared_images/rgb_bilinear_v1_224/8b49f34e6d1e1f6d34f5db8b4b74d8b2791c86c79466d57099f7c8c55a66250a_224x224.png,/content/drive/MyDrive/MaizeData/BAD_SEED/IMG_20260707_091931.jpg,8b49f34e6d1e1f6d34f5db8b4b74d8b2791c86c79466d57099f7c8c55a66250a,BAD_SEED,0,8b49f34e6d1e1f6d34f5db8b4b74d8b2791c86c79466d57099f7c8c55a66250a,train
/content/drive/MyDrive/MaizeData/prepared_images/rgb_bilinear_v1_224/bea27648d793e458489e4f8905e92b5ae27d240e03b8c5c4bee247a6f86d256d_224x224.png,/content/drive/MyDrive/MaizeData/BAD_SEED/IMG_20260709_183919.jpg,bea27648d793e458489e4f8905e92b5ae27d240e03b8c5c4bee247a6f86d256d,BAD_SEED,0,bea27648d793e458489e4f8905e92b5ae27d240e03b8c5c4bee247a6f86d256d,train
/content/drive/MyDrive/MaizeData/prepared_images/rgb_bilinear_v1_224/65d0ecd8351277358dd3593398c731e1d9418a2e8be8ed9d654b81006faa2b4b_224x224.png,/content/drive/MyDrive/MaizeData/NO_MAIZE/IMG_5624.jpg,65d0ecd8351277358dd3593398c731e1d9418a2e8be8ed9d654b81006faa2b4b,NO_MAIZE,2,65d0ecd8351277358dd3593398c731e1d9418a2e8be8ed9d654b81006faa2b4b,train
/content/drive/MyDrive/MaizeData/prepared_images/rgb_bilinear_v1_224/25f8a877ea297d5e9b291e4d94da1c715453a0587c8a785687edb9b55e423603_224x224.png,/content/drive/MyDrive/MaizeData/GOOD_SEED/IMG_20260706_091602_1.jpg,25f8a877ea297d5e9b291e4d94da1c715453a0587c8a785687edb9b55e423603,GOOD_SEED,1,25f8a877ea297d5e9b291e4d94da1c715453a0587c8a785687edb9b55e423603,train
/content/drive/MyDrive/MaizeData/prepared_images/rgb_bilinear_v1_224/c497d712170b21a179fdaf22823784db5d63c723e59a3816abb79fd34b412546_224x224.png,/content/drive/MyDrive/MaizeData/GOOD_SEED/IMG_20260706_080131.jpg,c497d712170b21a179fdaf22823784db5d63c723e59a3816abb79fd34b412546,GOOD_SEED,1,c497d712170b21a179fdaf22823784db5d63c723e59a3816abb79fd34b412546,train
/content/drive/MyDrive/MaizeData/prepared_images/rgb_bilinear_v1_224/9e2a384f63ca3b13f5e7f4b77c92d31aca5b36ab025ce1bad6160fe1542eff7b_224x224.png,/content/drive/MyDrive/MaizeData/BAD_SEED/IMG_20260707_085014.jpg,9e2a384f63ca3b13f5e7f4b77c92d31aca5b36ab025ce1bad6160fe1542eff7b,BAD_SEED,0,9e2a384f63ca3b13f5e7f4b77c92d31aca5b36ab025ce1bad6160fe1542eff7b,train
/content/drive/MyDrive/MaizeData/prepared_images/rgb_bilinear_v1_224/2617e953d73d475f09c4df204b2ef505525254424f1d775e3ada2665a05a568e_224x224.png,/content/drive/MyDrive/MaizeData/GOOD_SEED/IMG_20260706_103245_1.jpg,2617e953d73d475f09c4df204b2ef505525254424f1d775e3ada2665a05a568e,GOOD_SEED,1,2617e953d73d475f09c4df204b2ef505525254424f1d775e3ada2665a05a568e,train
/content/drive/MyDrive/MaizeData/prepared_images/rgb_bilinear_v1_224/7e15e1a058e39e3d965e02494df08267a933cd6b2254eec1586eb3e2149678bb_224x224.png,/content/drive/MyDrive/MaizeData/BAD_SEED/IMG_20260707_094130_1.jpg,7e15e1a058e39e3d965e02494df08267a933cd6b2254eec1586eb3e2149678bb,BAD_SEED,0,7e15e1a058e39e3d965e02494df08267a933cd6b2254eec1586eb3e2149678bb,train
/content/drive/MyDrive/MaizeData/prepared_images/rgb_bilinear_v1_224/41b695a0e3c6cd7be6441c7ebf3508aedf1bb7a968e60be8f0c9d1d034df9467_224x224.png,/content/drive/MyDrive/MaizeData/GOOD_SEED/IMG_20260706_095945.jpg,41b695a0e3c6cd7be6441c7ebf3508aedf1bb7a968e60be8f0c9d1d034df9467,GOOD_SEED,1,41b695a0e3c6cd7be6441c7ebf3508aedf1bb7a968e60be8f0c9d1d034df9467,train
/content/drive/MyDrive/MaizeData/prepared_images/rgb_bilinear_v1_224/6a561711cf8b7a3d30f96e5bb404d2bb079eeda37aad0e06872757f829c28197_224x224.png,/content/drive/MyDrive/MaizeData/BAD_SEED/IMG_20260709_183521.jpg,6a561711cf8b7a3d30f96e5bb404d2bb079eeda37aad0e06872757f829c28197,BAD_SEED,0,6a561711cf8b7a3d30f96e5bb404d2bb079eeda37aad0e06872757f829c28197,train
/content/drive/MyDrive/MaizeData/prepared_images/rgb_bilinear_v1_224/872889c7f5183ad1a861e6e399304649d7bcfb993bcbdd0ae745fbfb70834ccf_224x224.png,/content/drive/MyDrive/MaizeData/BAD_SEED/IMG_20260707_102133_1.jpg,872889c7f5183ad1a861e6e399304649d7bcfb993bcbdd0ae745fbfb70834ccf,BAD_SEED,0,872889c7f5183ad1a861e6e399304649d7bcfb993bcbdd0ae745fbfb70834ccf,train
/content/drive/MyDrive/MaizeData/prepared_images/rgb_bilinear_v1_224/dcf246750a4d6c8a6a649a3e8efb3ad08bbf96ad9a26a4d8efd398279d102a2e_224x224.png,/content/drive/MyDrive/MaizeData/GOOD_SEED/IMG_20260706_090421.jpg,dcf246750a4d6c8a6a649a3e8efb3ad08bbf96ad9a26a4d8efd398279d102a2e,GOOD_SEED,1,dcf246750a4d6c8a6a649a3e8efb3ad08bbf96ad9a26a4d8efd398279d102a2e,train
/content/drive/MyDrive/MaizeData/prepared_images/rgb_bilinear_v1_224/7821da6e9f1a69ba9a6ba3bd55c371798f3038a988d0204e7d70b1f5f73afec2_224x224.png,/content/drive/MyDrive/MaizeData/BAD_SEED/IMG_20260709_180426.jpg,7821da6e9f1a69ba9a6ba3bd55c371798f3038a988d0204e7d70b1f5f73afec2,BAD_SEED,0,7821da6e9f1a69ba9a6ba3bd55c371798f3038a988d0204e7d70b1f5f73afec2,train
/content/drive/MyDrive/MaizeData/prepared_images/rgb_bilinear_v1_224/cb507ebd2a64f26064a782bb07718e168ca2a396fa93740292fa0743764bb5c8_224x224.png,/content/drive/MyDrive/MaizeData/NO_MAIZE/IMG_5587.jpg,cb507ebd2a64f26064a782bb07718e168ca2a396fa93740292fa0743764bb5c8,NO_MAIZE,2,cb507ebd2a64f26064a782bb07718e168ca2a396fa93740292fa0743764bb5c8,train
/content/drive/MyDrive/MaizeData/prepared_images/rgb_bilinear_v1_224/35b70716c4559053e48fa64c56289cd9a0a4fb8c53610622e8b6d02bb424897a_224x224.png,/content/drive/MyDrive/MaizeData/GOOD_SEED/IMG_20260706_113602.jpg,35b70716c4559053e48fa64c56289cd9a0a4fb8c53610622e8b6d02bb424897a,GOOD_SEED,1,35b70716c4559053e48fa64c56289cd9a0a4fb8c53610622e8b6d02bb424897a,train
/content/drive/MyDrive/MaizeData/prepared_images/rgb_bilinear_v1_224/82508857bc8b1c814674f5ec788014085fe058c95d1ddff2d8c55149ce1c542b_224x224.png,/content/drive/MyDrive/MaizeData/BAD_SEED/IMG_20260709_095227.jpg,82508857bc8b1c814674f5ec788014085fe058c95d1ddff2d8c55149ce1c542b,BAD_SEED,0,82508857bc8b1c814674f5ec788014085fe058c95d1ddff2d8c55149ce1c542b,train
/content/drive/MyDrive/MaizeData/prepared_images/rgb_bilinear_v1_224/960dc0a5c5aba8da90c2ef4b866108e9b9979148eb2b1800e76e6362c4748904_224x224.png,/content/drive/MyDrive/MaizeData/GOOD_SEED/IMG_20260706_100751.jpg,960dc0a5c5aba8da90c2ef4b866108e9b9979148eb2b1800e76e6362c4748904,GOOD_SEED,1,960dc0a5c5aba8da90c2ef4b866108e9b9979148eb2b1800e76e6362c4748904,train
/content/drive/MyDrive/MaizeData/prepared_images/rgb_bilinear_v1_224/d3e82c52b23bbb39f0a5b28647c37020758c7e938185ec2f637f4be39f02f364_224x224.png,/content/drive/MyDrive/MaizeData/NO_MAIZE/IMG_5540.jpg,d3e82c52b23bbb39f0a5b28647c37020758c7e938185ec2f637f4be39f02f364,NO_MAIZE,2,d3e82c52b23bbb39f0a5b28647c37020758c7e938185ec2f637f4be39f02f364,train
/content/drive/MyDrive/MaizeData/prepared_images/rgb_bilinear_v1_224/f222ca6afabb2602c0eaea327f13af06d5795fa52748ba9a8071f155f3345a87_224x224.png,/content/drive/MyDrive/MaizeData/GOOD_SEED/IMG_20260706_101458.jpg,f222ca6afabb2602c0eaea327f13af06d5795fa52748ba9a8071f155f3345a87,GOOD_SEED,1,f222ca6afabb2602c0eaea327f13af06d5795fa52748ba9a8071f155f3345a87,train
/content/drive/MyDrive/MaizeData/prepared_images/rgb_bilinear_v1_224/7ef6416adc6536fe46925bf4983d362fb1ce00aba522214805e81e348e55e2a7_224x224.png,/content/drive/MyDrive/MaizeData/BAD_SEED/IMG_20260707_100418.jpg,7ef6416adc6536fe46925bf4983d362fb1ce00aba522214805e81e348e55e2a7,BAD_SEED,0,7ef6416adc6536fe46925bf4983d362fb1ce00aba522214805e81e348e55e2a7,train
/content/drive/MyDrive/MaizeData/prepared_images/rgb_bilinear_v1_224/451c5f4bce346a5a8f8766dbdc4cd4b744a9582615c458cd13261245460bc708_224x224.png,/content/drive/MyDrive/MaizeData/NO_MAIZE/IMG_5565.jpg,451c5f4bce346a5a8f8766dbdc4cd4b744a9582615c458cd13261245460bc708,NO_MAIZE,2,451c5f4bce346a5a8f8766dbdc4cd4b744a9582615c458cd13261245460bc708,train
/content/drive/MyDrive/MaizeData/prepared_images/rgb_bilinear_v1_224/c94a76fb4259966e527e2706894917e32c6e6a3418641eed7565f0a52d0c2be2_224x224.png,/content/drive/MyDrive/MaizeData/BAD_SEED/IMG_20260707_091521.jpg,c94a76fb4259966e527e2706894917e32c6e6a3418641eed7565f0a52d0c2be2,BAD_SEED,0,c94a76fb4259966e527e2706894917e32c6e6a3418641eed7565f0a52d0c2be2,train
/content/drive/MyDrive/MaizeData/prepared_images/rgb_bilinear_v1_224/59c4b9704dcc390e78167dd002cfde505a793a4b8ba1c9fdc905bccd6388d666_224x224.png,/content/drive/MyDrive/MaizeData/BAD_SEED/IMG_20260707_093248.jpg,59c4b9704dcc390e78167dd002cfde505a793a4b8ba1c9fdc905bccd6388d666,BAD_SEED,0,59c4b9704dcc390e78167dd002cfde505a793a4b8ba1c9fdc905bccd6388d666,train
/content/drive/MyDrive/MaizeData/prepared_images/rgb_bilinear_v1_224/18ba6ba07979c15d6acb6d9dbb283df0ddc34ed364617f1f91a0bac38c7e4d87_224x224.png,/content/drive/MyDrive/MaizeData/GOOD_SEED/IMG_20260706_113228.jpg,18ba6ba07979c15d6acb6d9dbb283df0ddc34ed364617f1f91a0bac38c7e4d87,GOOD_SEED,1,18ba6ba07979c15d6acb6d9dbb283df0ddc34ed364617f1f91a0bac38c7e4d87,train
/content/drive/MyDrive/MaizeData/prepared_images/rgb_bilinear_v1_224/8c601caf108de74cf7f09ddfb0660b5eb4e33539c019586b73efc0fb047407ac_224x224.png,/content/drive/MyDrive/MaizeData/BAD_SEED/IMG_20260709_093450.jpg,8c601caf108de74cf7f09ddfb0660b5eb4e33539c019586b73efc0fb047407ac,BAD_SEED,0,8c601caf108de74cf7f09ddfb0660b5eb4e33539c019586b73efc0fb047407ac,train
/content/drive/MyDrive/MaizeData/prepared_images/rgb_bilinear_v1_224/131c886ef25a7df1c2fba72932cab7bca8912c76efc804fbf6bde76be176fd09_224x224.png,/content/drive/MyDrive/MaizeData/BAD_SEED/IMG_20260709_174603.jpg,131c886ef25a7df1c2fba72932cab7bca8912c76efc804fbf6bde76be176fd09,BAD_SEED,0,131c886ef25a7df1c2fba72932cab7bca8912c76efc804fbf6bde76be176fd09,train
/content/drive/MyDrive/MaizeData/prepared_images/rgb_bilinear_v1_224/f1fa419f914a58df1ff5b0cedc083620003a479cb29af6eb5cbb7b64b091507b_224x224.png,/content/drive/MyDrive/MaizeData/GOOD_SEED/IMG_20260706_081250_1.jpg,f1fa419f914a58df1ff5b0cedc083620003a479cb29af6eb5cbb7b64b091507b,GOOD_SEED,1,f1fa419f914a58df1ff5b0cedc083620003a479cb29af6eb5cbb7b64b091507b,train
/content/drive/MyDrive/MaizeData/prepared_images/rgb_bilinear_v1_224/83356e664e7ad61c4895f8befd10dc55a0ce3cd4c1afeae9dc54a38b23bff194_224x224.png,/content/drive/MyDrive/MaizeData/NO_MAIZE/IMG_5622.jpg,83356e664e7ad61c4895f8befd10dc55a0ce3cd4c1afeae9dc54a38b23bff194,NO_MAIZE,2,83356e664e7ad61c4895f8befd10dc55a0ce3cd4c1afeae9dc54a38b23bff194,train
/content/drive/MyDrive/MaizeData/prepared_images/rgb_bilinear_v1_224/eb908beeb665314f455d6200a7c09a80e8fc2ca39930ab7082e3a8616185e4bf_224x224.png,/content/drive/MyDrive/MaizeData/BAD_SEED/IMG_20260709_095607.jpg,eb908beeb665314f455d6200a7c09a80e8fc2ca39930ab7082e3a8616185e4bf,BAD_SEED,0,eb908beeb665314f455d6200a7c09a80e8fc2ca39930ab7082e3a8616185e4bf,train
/content/drive/MyDrive/MaizeData/prepared_images/rgb_bilinear_v1_224/1155cb3d1747746b7df4b33e64344839e7a202c7fdcd2ca9da75efe8c43eb88b_224x224.png,/content/drive/MyDrive/MaizeData/BAD_SEED/IMG_20260707_101258.jpg,1155cb3d1747746b7df4b33e64344839e7a202c7fdcd2ca9da75efe8c43eb88b,BAD_SEED,0,1155cb3d1747746b7df4b33e64344839e7a202c7fdcd2ca9da75efe8c43eb88b,train
/content/drive/MyDrive/MaizeData/prepared_images/rgb_bilinear_v1_224/6ce4f8778ca9ddb198d55b94b7b0e774ed4eb24131b0a87a7e82ed6cfded064c_224x224.png,/content/drive/MyDrive/MaizeData/BAD_SEED/IMG_20260707_094448.jpg,6ce4f8778ca9ddb198d55b94b7b0e774ed4eb24131b0a87a7e82ed6cfded064c,BAD_SEED,0,6ce4f8778ca9ddb198d55b94b7b0e774ed4eb24131b0a87a7e82ed6cfded064c,train
/content/drive/MyDrive/MaizeData/prepared_images/rgb_bilinear_v1_224/001681618e1522ac1fa5498dcdde4fac5eb85d34a2d502c845f6101d1704cd10_224x224.png,/content/drive/MyDrive/MaizeData/BAD_SEED/IMG_20260709_091520_1.jpg,001681618e1522ac1fa5498dcdde4fac5eb85d34a2d502c845f6101d1704cd10,BAD_SEED,0,001681618e1522ac1fa5498dcdde4fac5eb85d34a2d502c845f6101d1704cd10,train
/content/drive/MyDrive/MaizeData/prepared_images/rgb_bilinear_v1_224/9813c8ef627c499bccb895f5d293f5801eaed4ecefc0c81f61fb8e02665a1078_224x224.png,/content/drive/MyDrive/MaizeData/GOOD_SEED/IMG_20260706_112706.jpg,9813c8ef627c499bccb895f5d293f5801eaed4ecefc0c81f61fb8e02665a1078,GOOD_SEED,1,9813c8ef627c499bccb895f5d293f5801eaed4ecefc0c81f61fb8e02665a1078,train
/content/drive/MyDrive/MaizeData/prepared_images/rgb_bilinear_v1_224/47b13e1cdc5454b076fda16172b85c933341607e1b92ab23025f86764cfa3ebb_224x224.png,/content/drive/MyDrive/MaizeData/BAD_SEED/IMG_20260707_100229.jpg,47b13e1cdc5454b076fda16172b85c933341607e1b92ab23025f86764cfa3ebb,BAD_SEED,0,47b13e1cdc5454b076fda16172b85c933341607e1b92ab23025f86764cfa3ebb,train
/content/drive/MyDrive/MaizeData/prepared_images/rgb_bilinear_v1_224/c66009deee00b151c32d8ce8b6d4f0732653ebdfabc9f92d566ee25935ee7127_224x224.png,/content/drive/MyDrive/MaizeData/GOOD_SEED/IMG_20260706_073905.jpg,c66009deee00b151c32d8ce8b6d4f0732653ebdfabc9f92d566ee25935ee7127,GOOD_SEED,1,c66009deee00b151c32d8ce8b6d4f0732653ebdfabc9f92d566ee25935ee7127,train
/content/drive/MyDrive/MaizeData/prepared_images/rgb_bilinear_v1_224/5c08a00cade75ebaec04d1e46c0b3fbd7fc7dea2717671c2c7dc6e0a0f48a7de_224x224.png,/content/drive/MyDrive/MaizeData/GOOD_SEED/IMG_20260706_075112_1.jpg,5c08a00cade75ebaec04d1e46c0b3fbd7fc7dea2717671c2c7dc6e0a0f48a7de,GOOD_SEED,1,5c08a00cade75ebaec04d1e46c0b3fbd7fc7dea2717671c2c7dc6e0a0f48a7de,train
/content/drive/MyDrive/MaizeData/prepared_images/rgb_bilinear_v1_224/92c7f280e6b2d228b61cdbe84e771a633967b07069e49914f6dffd7978aa8e79_224x224.png,/content/drive/MyDrive/MaizeData/BAD_SEED/IMG_20260709_094801_1.jpg,92c7f280e6b2d228b61cdbe84e771a633967b07069e49914f6dffd7978aa8e79,BAD_SEED,0,92c7f280e6b2d228b61cdbe84e771a633967b07069e49914f6dffd7978aa8e79,train
/content/drive/MyDrive/MaizeData/prepared_images/rgb_bilinear_v1_224/c244fd13e770cd9c73950fba650837fc1c50d21e9147bb74a5a8d5ba8521ed4e_224x224.png,/content/drive/MyDrive/MaizeData/GOOD_SEED/IMG_20260706_081602.jpg,c244fd13e770cd9c73950fba650837fc1c50d21e9147bb74a5a8d5ba8521ed4e,GOOD_SEED,1,c244fd13e770cd9c73950fba650837fc1c50d21e9147bb74a5a8d5ba8521ed4e,train
/content/drive/MyDrive/MaizeData/prepared_images/rgb_bilinear_v1_224/0480461056387136e4b0d383dc437df5fd36cfaa50c5f67d0a13e1942ee3dd85_224x224.png,/content/drive/MyDrive/MaizeData/GOOD_SEED/IMG_20260706_075752.jpg,0480461056387136e4b0d383dc437df5fd36cfaa50c5f67d0a13e1942ee3dd85,GOOD_SEED,1,0480461056387136e4b0d383dc437df5fd36cfaa50c5f67d0a13e1942ee3dd85,train
/content/drive/MyDrive/MaizeData/prepared_images/rgb_bilinear_v1_224/358be66e2c01d54b5e515bd2a8cc7ec755f635d9a12a44146e011d9c4f90036b_224x224.png,/content/drive/MyDrive/MaizeData/GOOD_SEED/IMG_20260706_091303.jpg,358be66e2c01d54b5e515bd2a8cc7ec755f635d9a12a44146e011d9c4f90036b,GOOD_SEED,1,358be66e2c01d54b5e515bd2a8cc7ec755f635d9a12a44146e011d9c4f90036b,train
/content/drive/MyDrive/MaizeData/prepared_images/rgb_bilinear_v1_224/da7194c520534f02dcf79ca86db85cb844a886e76092cd8fae65ba85e62a6712_224x224.png,/content/drive/MyDrive/MaizeData/BAD_SEED/IMG_20260707_092831.jpg,da7194c520534f02dcf79ca86db85cb844a886e76092cd8fae65ba85e62a6712,BAD_SEED,0,da7194c520534f02dcf79ca86db85cb844a886e76092cd8fae65ba85e62a6712,train
/content/drive/MyDrive/MaizeData/prepared_images/rgb_bilinear_v1_224/2b1c4cc8d9c8bf3cf7a259e8f8127ece9b007fe9ab6820ffdb454e04288bf716_224x224.png,/content/drive/MyDrive/MaizeData/GOOD_SEED/IMG_20260706_104203.jpg,2b1c4cc8d9c8bf3cf7a259e8f8127ece9b007fe9ab6820ffdb454e04288bf716,GOOD_SEED,1,2b1c4cc8d9c8bf3cf7a259e8f8127ece9b007fe9ab6820ffdb454e04288bf716,train
/content/drive/MyDrive/MaizeData/prepared_images/rgb_bilinear_v1_224/960703493e1c26a1a7a8fcc54d278f116b75222048021622d06af2aed5480fb3_224x224.png,/content/drive/MyDrive/MaizeData/BAD_SEED/IMG_20260709_183121.jpg,960703493e1c26a1a7a8fcc54d278f116b75222048021622d06af2aed5480fb3,BAD_SEED,0,960703493e1c26a1a7a8fcc54d278f116b75222048021622d06af2aed5480fb3,train
/content/drive/MyDrive/MaizeData/prepared_images/rgb_bilinear_v1_224/c8d254c2b058bfedf3cdfb53d37c3c8898a702ae21a0cc2dc277c156046da73f_224x224.png,/content/drive/MyDrive/MaizeData/GOOD_SEED/IMG_20260706_100209.jpg,c8d254c2b058bfedf3cdfb53d37c3c8898a702ae21a0cc2dc277c156046da73f,GOOD_SEED,1,c8d254c2b058bfedf3cdfb53d37c3c8898a702ae21a0cc2dc277c156046da73f,train
/content/drive/MyDrive/MaizeData/prepared_images/rgb_bilinear_v1_224/bc464c3342efababba6fbb99502d28b9662034675ef0b8f9fe41994acff8689a_224x224.png,/content/drive/MyDrive/MaizeData/GOOD_SEED/IMG_20260706_112030.jpg,bc464c3342efababba6fbb99502d28b9662034675ef0b8f9fe41994acff8689a,GOOD_SEED,1,bc464c3342efababba6fbb99502d28b9662034675ef0b8f9fe41994acff8689a,train
/content/drive/MyDrive/MaizeData/prepared_images/rgb_bilinear_v1_224/77a4b878c5bea5b74eab5fb1df051ab3b72e8487a46a0ee273c9d37626b42019_224x224.png,/content/drive/MyDrive/MaizeData/BAD_SEED/IMG_20260709_094715.jpg,77a4b878c5bea5b74eab5fb1df051ab3b72e8487a46a0ee273c9d37626b42019,BAD_SEED,0,77a4b878c5bea5b74eab5fb1df051ab3b72e8487a46a0ee273c9d37626b42019,train
/content/drive/MyDrive/MaizeData/prepared_images/rgb_bilinear_v1_224/d3db7909c5941ee0b3aa8c4c6b5d09445b0375f3fd45063c37fbd387e2a78c65_224x224.png,/content/drive/MyDrive/MaizeData/GOOD_SEED/IMG_20260706_112617.jpg,d3db7909c5941ee0b3aa8c4c6b5d09445b0375f3fd45063c37fbd387e2a78c65,GOOD_SEED,1,d3db7909c5941ee0b3aa8c4c6b5d09445b0375f3fd45063c37fbd387e2a78c65,train
/content/drive/MyDrive/MaizeData/prepared_images/rgb_bilinear_v1_224/92cd1e7ce17f9e3ecf0b9ecaff9eeb3036991687dda0c9c68ddad3a29f4e87db_224x224.png,/content/drive/MyDrive/MaizeData/GOOD_SEED/IMG_20260706_103717.jpg,92cd1e7ce17f9e3ecf0b9ecaff9eeb3036991687dda0c9c68ddad3a29f4e87db,GOOD_SEED,1,92cd1e7ce17f9e3ecf0b9ecaff9eeb3036991687dda0c9c68ddad3a29f4e87db,train
/content/drive/MyDrive/MaizeData/prepared_images/rgb_bilinear_v1_224/d2eb96a430804174519a6219164cd82eeab667039b66d03db758e073e327e2cd_224x224.png,/content/drive/MyDrive/MaizeData/BAD_SEED/IMG_20260707_093358.jpg,d2eb96a430804174519a6219164cd82eeab667039b66d03db758e073e327e2cd,BAD_SEED,0,d2eb96a430804174519a6219164cd82eeab667039b66d03db758e073e327e2cd,train
/content/drive/MyDrive/MaizeData/prepared_images/rgb_bilinear_v1_224/66e75fbfa494d0d0f1499b66a2223b448ac77cf17b7cf9410298fa45c53596b9_224x224.png,/content/drive/MyDrive/MaizeData/NO_MAIZE/IMG_5580.jpg,66e75fbfa494d0d0f1499b66a2223b448ac77cf17b7cf9410298fa45c53596b9,NO_MAIZE,2,66e75fbfa494d0d0f1499b66a2223b448ac77cf17b7cf9410298fa45c53596b9,train
/content/drive/MyDrive/MaizeData/prepared_images/rgb_bilinear_v1_224/d2d1070ca715dfc81fa07d7d65a748ee8ffd62dff6aae5025a6fee5f83bd6635_224x224.png,/content/drive/MyDrive/MaizeData/GOOD_SEED/IMG_20260706_095318.jpg,d2d1070ca715dfc81fa07d7d65a748ee8ffd62dff6aae5025a6fee5f83bd6635,GOOD_SEED,1,d2d1070ca715dfc81fa07d7d65a748ee8ffd62dff6aae5025a6fee5f83bd6635,train
/content/drive/MyDrive/MaizeData/prepared_images/rgb_bilinear_v1_224/32e2523a6bad56e71b8d9522f79da362965a435d2031848a888214c0f29a5b88_224x224.png,/content/drive/MyDrive/MaizeData/BAD_SEED/IMG_20260707_102149.jpg,32e2523a6bad56e71b8d9522f79da362965a435d2031848a888214c0f29a5b88,BAD_SEED,0,32e2523a6bad56e71b8d9522f79da362965a435d2031848a888214c0f29a5b88,train
/content/drive/MyDrive/MaizeData/prepared_images/rgb_bilinear_v1_224/6c4f0f4bf7307f70210f3bc39bdc29184fcec06a6b4d1f9436f16b5ecd204a09_224x224.png,/content/drive/MyDrive/MaizeData/GOOD_SEED/IMG_20260706_101142_1.jpg,6c4f0f4bf7307f70210f3bc39bdc29184fcec06a6b4d1f9436f16b5ecd204a09,GOOD_SEED,1,6c4f0f4bf7307f70210f3bc39bdc29184fcec06a6b4d1f9436f16b5ecd204a09,train
/content/drive/MyDrive/MaizeData/prepared_images/rgb_bilinear_v1_224/273bd306a6c676b7eb868cca7e285e9a6a3ebcb9630daa4dfadaeda8596ee6fa_224x224.png,/content/drive/MyDrive/MaizeData/BAD_SEED/IMG_20260707_101215.jpg,273bd306a6c676b7eb868cca7e285e9a6a3ebcb9630daa4dfadaeda8596ee6fa,BAD_SEED,0,273bd306a6c676b7eb868cca7e285e9a6a3ebcb9630daa4dfadaeda8596ee6fa,train
/content/drive/MyDrive/MaizeData/prepared_images/rgb_bilinear_v1_224/0f7d975f535d3b64ad9b4e861450ceb28e7653398aa900f0167922b60a6479e5_224x224.png,/content/drive/MyDrive/MaizeData/BAD_SEED/IMG_20260707_093921.jpg,0f7d975f535d3b64ad9b4e861450ceb28e7653398aa900f0167922b60a6479e5,BAD_SEED,0,0f7d975f535d3b64ad9b4e861450ceb28e7653398aa900f0167922b60a6479e5,train
/content/drive/MyDrive/MaizeData/prepared_images/rgb_bilinear_v1_224/368a0f344fd483e0fefd212f339e23479c6b5616ce280a483676b3ac35fb27e4_224x224.png,/content/drive/MyDrive/MaizeData/GOOD_SEED/IMG_20260706_081015_1.jpg,368a0f344fd483e0fefd212f339e23479c6b5616ce280a483676b3ac35fb27e4,GOOD_SEED,1,368a0f344fd483e0fefd212f339e23479c6b5616ce280a483676b3ac35fb27e4,train
/content/drive/MyDrive/MaizeData/prepared_images/rgb_bilinear_v1_224/5c8c2332f93996150a9d6b9a3cc63f4bdb3bd7252ef378527c322c73c23eff93_224x224.png,/content/drive/MyDrive/MaizeData/BAD_SEED/IMG_20260709_175208.jpg,5c8c2332f93996150a9d6b9a3cc63f4bdb3bd7252ef378527c322c73c23eff93,BAD_SEED,0,5c8c2332f93996150a9d6b9a3cc63f4bdb3bd7252ef378527c322c73c23eff93,train
/content/drive/MyDrive/MaizeData/prepared_images/rgb_bilinear_v1_224/c2e3c1e065e19de28de735e5229c28e5838f1cdcf4077d9c37e0e0c23eef7bab_224x224.png,/content/drive/MyDrive/MaizeData/GOOD_SEED/IMG_20260706_073130_1.jpg,c2e3c1e065e19de28de735e5229c28e5838f1cdcf4077d9c37e0e0c23eef7bab,GOOD_SEED,1,c2e3c1e065e19de28de735e5229c28e5838f1cdcf4077d9c37e0e0c23eef7bab,train
/content/drive/MyDrive/MaizeData/prepared_images/rgb_bilinear_v1_224/cad687cbe07923e3ad0dc517a69736216f8b30fa99ff5d70ecd9c08efbfe1c2a_224x224.png,/content/drive/MyDrive/MaizeData/BAD_SEED/IMG_20260709_095022.jpg,cad687cbe07923e3ad0dc517a69736216f8b30fa99ff5d70ecd9c08efbfe1c2a,BAD_SEED,0,cad687cbe07923e3ad0dc517a69736216f8b30fa99ff5d70ecd9c08efbfe1c2a,train
/content/drive/MyDrive/MaizeData/prepared_images/rgb_bilinear_v1_224/a53c31d2c2e169d321fbd0665d570ab10c6175bab495384077f23c30d98aea99_224x224.png,/content/drive/MyDrive/MaizeData/BAD_SEED/IMG_20260707_093437.jpg,a53c31d2c2e169d321fbd0665d570ab10c6175bab495384077f23c30d98aea99,BAD_SEED,0,a53c31d2c2e169d321fbd0665d570ab10c6175bab495384077f23c30d98aea99,train
/content/drive/MyDrive/MaizeData/prepared_images/rgb_bilinear_v1_224/2f4f981f8dc203d6cae523eb7e22792eb92e6f3b4bf40b952e0b3f48819bfc28_224x224.png,/content/drive/MyDrive/MaizeData/GOOD_SEED/IMG_20260706_080003.jpg,2f4f981f8dc203d6cae523eb7e22792eb92e6f3b4bf40b952e0b3f48819bfc28,GOOD_SEED,1,2f4f981f8dc203d6cae523eb7e22792eb92e6f3b4bf40b952e0b3f48819bfc28,train
/content/drive/MyDrive/MaizeData/prepared_images/rgb_bilinear_v1_224/5bc430e0babe0a3b63e86b4a988dfd2ea52b16de22afa6abb00ed7712f158807_224x224.png,/content/drive/MyDrive/MaizeData/GOOD_SEED/IMG_20260706_085900.jpg,5bc430e0babe0a3b63e86b4a988dfd2ea52b16de22afa6abb00ed7712f158807,GOOD_SEED,1,5bc430e0babe0a3b63e86b4a988dfd2ea52b16de22afa6abb00ed7712f158807,train
/content/drive/MyDrive/MaizeData/prepared_images/rgb_bilinear_v1_224/3a0d9f5e38c9fd92d6a5ab239a2e2abe973dafc0566e006a418bc9608d3a1787_224x224.png,/content/drive/MyDrive/MaizeData/BAD_SEED/IMG_20260707_084309.jpg,3a0d9f5e38c9fd92d6a5ab239a2e2abe973dafc0566e006a418bc9608d3a1787,BAD_SEED,0,3a0d9f5e38c9fd92d6a5ab239a2e2abe973dafc0566e006a418bc9608d3a1787,train
/content/drive/MyDrive/MaizeData/prepared_images/rgb_bilinear_v1_224/15f8db566ecb3261418ef1bad448be7d7ecfff37dbde8ea92677b365f3ca6aa4_224x224.png,/content/drive/MyDrive/MaizeData/GOOD_SEED/IMG_20260706_113611.jpg,15f8db566ecb3261418ef1bad448be7d7ecfff37dbde8ea92677b365f3ca6aa4,GOOD_SEED,1,15f8db566ecb3261418ef1bad448be7d7ecfff37dbde8ea92677b365f3ca6aa4,train
/content/drive/MyDrive/MaizeData/prepared_images/rgb_bilinear_v1_224/a57b530dc964048d1c9f2e588afd985da9f449482b47f01693ae29242f0d86aa_224x224.png,/content/drive/MyDrive/MaizeData/BAD_SEED/IMG_20260707_083954.jpg,a57b530dc964048d1c9f2e588afd985da9f449482b47f01693ae29242f0d86aa,BAD_SEED,0,a57b530dc964048d1c9f2e588afd985da9f449482b47f01693ae29242f0d86aa,train
/content/drive/MyDrive/MaizeData/prepared_images/rgb_bilinear_v1_224/8ea483fb93b70073ca7ce00c5fd29eee6a915cfb2bb87a1dfa79fdd9f58ee5d7_224x224.png,/content/drive/MyDrive/MaizeData/GOOD_SEED/IMG_20260706_081701.jpg,8ea483fb93b70073ca7ce00c5fd29eee6a915cfb2bb87a1dfa79fdd9f58ee5d7,GOOD_SEED,1,8ea483fb93b70073ca7ce00c5fd29eee6a915cfb2bb87a1dfa79fdd9f58ee5d7,train
/content/drive/MyDrive/MaizeData/prepared_images/rgb_bilinear_v1_224/fda72a7975299b13901d7f356757c4fed79f559e46b1bdb5094b3f49ea986112_224x224.png,/content/drive/MyDrive/MaizeData/GOOD_SEED/IMG_20260706_100948.jpg,fda72a7975299b13901d7f356757c4fed79f559e46b1bdb5094b3f49ea986112,GOOD_SEED,1,fda72a7975299b13901d7f356757c4fed79f559e46b1bdb5094b3f49ea986112,train
/content/drive/MyDrive/MaizeData/prepared_images/rgb_bilinear_v1_224/1a0827ee7aee24ea9749df62ecac25fc9d21fb6fc0bcd2f31723f9b812b169a6_224x224.png,/content/drive/MyDrive/MaizeData/GOOD_SEED/IMG_20260706_081124.jpg,1a0827ee7aee24ea9749df62ecac25fc9d21fb6fc0bcd2f31723f9b812b169a6,GOOD_SEED,1,1a0827ee7aee24ea9749df62ecac25fc9d21fb6fc0bcd2f31723f9b812b169a6,train
/content/drive/MyDrive/MaizeData/prepared_images/rgb_bilinear_v1_224/d20de954a6c9a9fc7ac042ecb29e21ec68860222a83cfff5f781bcfb6d608db1_224x224.png,/content/drive/MyDrive/MaizeData/BAD_SEED/IMG_20260709_180458.jpg,d20de954a6c9a9fc7ac042ecb29e21ec68860222a83cfff5f781bcfb6d608db1,BAD_SEED,0,d20de954a6c9a9fc7ac042ecb29e21ec68860222a83cfff5f781bcfb6d608db1,train
/content/drive/MyDrive/MaizeData/prepared_images/rgb_bilinear_v1_224/ef830965cfb1f6b66c94392880803bdebe315ab546ed9ad9bc71445dfbf33988_224x224.png,/content/drive/MyDrive/MaizeData/BAD_SEED/IMG_20260709_174857.jpg,ef830965cfb1f6b66c94392880803bdebe315ab546ed9ad9bc71445dfbf33988,BAD_SEED,0,ef830965cfb1f6b66c94392880803bdebe315ab546ed9ad9bc71445dfbf33988,train
/content/drive/MyDrive/MaizeData/prepared_images/rgb_bilinear_v1_224/831b0f5e65219ab4fa13788ec231ffd47ba3074981d6d8cfa41fb0a403c71333_224x224.png,/content/drive/MyDrive/MaizeData/BAD_SEED/IMG_20260709_183629.jpg,831b0f5e65219ab4fa13788ec231ffd47ba3074981d6d8cfa41fb0a403c71333,BAD_SEED,0,831b0f5e65219ab4fa13788ec231ffd47ba3074981d6d8cfa41fb0a403c71333,train
/content/drive/MyDrive/MaizeData/prepared_images/rgb_bilinear_v1_224/7ad38062346a7483d4d68db556048e881554bc9ad08de92fd9bbdf72d3d7c35d_224x224.png,/content/drive/MyDrive/MaizeData/BAD_SEED/IMG_20260707_101921.jpg,7ad38062346a7483d4d68db556048e881554bc9ad08de92fd9bbdf72d3d7c35d,BAD_SEED,0,7ad38062346a7483d4d68db556048e881554bc9ad08de92fd9bbdf72d3d7c35d,train
/content/drive/MyDrive/MaizeData/prepared_images/rgb_bilinear_v1_224/a0494ad7360ef636ee5da9ad896a7e8e77f23c559bf3100489029ad7010e8ddb_224x224.png,/content/drive/MyDrive/MaizeData/BAD_SEED/IMG_20260707_094254.jpg,a0494ad7360ef636ee5da9ad896a7e8e77f23c559bf3100489029ad7010e8ddb,BAD_SEED,0,a0494ad7360ef636ee5da9ad896a7e8e77f23c559bf3100489029ad7010e8ddb,train
/content/drive/MyDrive/MaizeData/prepared_images/rgb_bilinear_v1_224/f5ffb3d842b8c9611838f12b2e3715a907b7b2f12c6130fad39e8d7f94f94b5f_224x224.png,/content/drive/MyDrive/MaizeData/GOOD_SEED/IMG_20260706_073005.jpg,f5ffb3d842b8c9611838f12b2e3715a907b7b2f12c6130fad39e8d7f94f94b5f,GOOD_SEED,1,f5ffb3d842b8c9611838f12b2e3715a907b7b2f12c6130fad39e8d7f94f94b5f,train
/content/drive/MyDrive/MaizeData/prepared_images/rgb_bilinear_v1_224/2ca06576ec820737d94adad1a24433a58e74d35fe6f0e109c0a3ffe3bca2efd6_224x224.png,/content/drive/MyDrive/MaizeData/BAD_SEED/IMG_20260709_092232.jpg,2ca06576ec820737d94adad1a24433a58e74d35fe6f0e109c0a3ffe3bca2efd6,BAD_SEED,0,2ca06576ec820737d94adad1a24433a58e74d35fe6f0e109c0a3ffe3bca2efd6,train
/content/drive/MyDrive/MaizeData/prepared_images/rgb_bilinear_v1_224/f3bfb91d44d00e33b97d5893b588daa32998c16d44e28753f8a6561230939af1_224x224.png,/content/drive/MyDrive/MaizeData/BAD_SEED/IMG_20260707_085044.jpg,f3bfb91d44d00e33b97d5893b588daa32998c16d44e28753f8a6561230939af1,BAD_SEED,0,f3bfb91d44d00e33b97d5893b588daa32998c16d44e28753f8a6561230939af1,train
/content/drive/MyDrive/MaizeData/prepared_images/rgb_bilinear_v1_224/1d2f6af443b9f5a4fb25d8a7659e828b86f5e559dc1b7aa1374fd332017391fc_224x224.png,/content/drive/MyDrive/MaizeData/GOOD_SEED/IMG_20260706_104149.jpg,1d2f6af443b9f5a4fb25d8a7659e828b86f5e559dc1b7aa1374fd332017391fc,GOOD_SEED,1,1d2f6af443b9f5a4fb25d8a7659e828b86f5e559dc1b7aa1374fd332017391fc,train
/content/drive/MyDrive/MaizeData/prepared_images/rgb_bilinear_v1_224/306ddb757dddf7688f8b04bf17a2e3d4d6135ffb4da8db1f60123664132a48d0_224x224.png,/content/drive/MyDrive/MaizeData/GOOD_SEED/IMG_20260706_084125.jpg,306ddb757dddf7688f8b04bf17a2e3d4d6135ffb4da8db1f60123664132a48d0,GOOD_SEED,1,306ddb757dddf7688f8b04bf17a2e3d4d6135ffb4da8db1f60123664132a48d0,train
/content/drive/MyDrive/MaizeData/prepared_images/rgb_bilinear_v1_224/37fd6f79d4aeefb70bfe155b7949ca2ecdc82f77941ccd079027b6a02da43f69_224x224.png,/content/drive/MyDrive/MaizeData/GOOD_SEED/IMG_20260706_090223.jpg,37fd6f79d4aeefb70bfe155b7949ca2ecdc82f77941ccd079027b6a02da43f69,GOOD_SEED,1,37fd6f79d4aeefb70bfe155b7949ca2ecdc82f77941ccd079027b6a02da43f69,train
/content/drive/MyDrive/MaizeData/prepared_images/rgb_bilinear_v1_224/b6f3429f19d01d43e2d3d38368d2d9e6673dcd9c0505ce95ad01839913608c3a_224x224.png,/content/drive/MyDrive/MaizeData/GOOD_SEED/IMG_20260706_113217.jpg,b6f3429f19d01d43e2d3d38368d2d9e6673dcd9c0505ce95ad01839913608c3a,GOOD_SEED,1,b6f3429f19d01d43e2d3d38368d2d9e6673dcd9c0505ce95ad01839913608c3a,train
/content/drive/MyDrive/MaizeData/prepared_images/rgb_bilinear_v1_224/c996a40bb18efd0092cccd9877cf6f41cf4894d5fbe7d8c58a2cd8ef710bff31_224x224.png,/content/drive/MyDrive/MaizeData/GOOD_SEED/IMG_20260706_082054.jpg,c996a40bb18efd0092cccd9877cf6f41cf4894d5fbe7d8c58a2cd8ef710bff31,GOOD_SEED,1,c996a40bb18efd0092cccd9877cf6f41cf4894d5fbe7d8c58a2cd8ef710bff31,train
/content/drive/MyDrive/MaizeData/prepared_images/rgb_bilinear_v1_224/c5d0958be9cd4c89848549b3b61aa298b512f14fa2b63214a717fd5e80e4c80b_224x224.png,/content/drive/MyDrive/MaizeData/GOOD_SEED/IMG_20260706_114003.jpg,c5d0958be9cd4c89848549b3b61aa298b512f14fa2b63214a717fd5e80e4c80b,GOOD_SEED,1,c5d0958be9cd4c89848549b3b61aa298b512f14fa2b63214a717fd5e80e4c80b,train
/content/drive/MyDrive/MaizeData/prepared_images/rgb_bilinear_v1_224/d5a6ce7c2d5305b245992cba945a5fb78050323b582f5100f0a6d0de96dadae3_224x224.png,/content/drive/MyDrive/MaizeData/BAD_SEED/IMG_20260709_091551_1.jpg,d5a6ce7c2d5305b245992cba945a5fb78050323b582f5100f0a6d0de96dadae3,BAD_SEED,0,d5a6ce7c2d5305b245992cba945a5fb78050323b582f5100f0a6d0de96dadae3,train
/content/drive/MyDrive/MaizeData/prepared_images/rgb_bilinear_v1_224/ea54986e95af72451f9bf9d11473c164fc50d9a2b60466a5cff129c96e8206ab_224x224.png,/content/drive/MyDrive/MaizeData/NO_MAIZE/IMG_5610.jpg,ea54986e95af72451f9bf9d11473c164fc50d9a2b60466a5cff129c96e8206ab,NO_MAIZE,2,ea54986e95af72451f9bf9d11473c164fc50d9a2b60466a5cff129c96e8206ab,train
/content/drive/MyDrive/MaizeData/prepared_images/rgb_bilinear_v1_224/0f249175e76b639363adeef0774071ab5f32c07b2c07e304c63c8aa124110e03_224x224.png,/content/drive/MyDrive/MaizeData/GOOD_SEED/IMG_20260706_073550.jpg,0f249175e76b639363adeef0774071ab5f32c07b2c07e304c63c8aa124110e03,GOOD_SEED,1,0f249175e76b639363adeef0774071ab5f32c07b2c07e304c63c8aa124110e03,train
/content/drive/MyDrive/MaizeData/prepared_images/rgb_bilinear_v1_224/3f4dff646ef63954f3c70af6d4517b6781035af1f074fb796992207e92e17e1f_224x224.png,/content/drive/MyDrive/MaizeData/BAD_SEED/IMG_20260707_091733_1.jpg,3f4dff646ef63954f3c70af6d4517b6781035af1f074fb796992207e92e17e1f,BAD_SEED,0,3f4dff646ef63954f3c70af6d4517b6781035af1f074fb796992207e92e17e1f,train
/content/drive/MyDrive/MaizeData/prepared_images/rgb_bilinear_v1_224/ffd21e2adfa2b2198045b56f680c954de237a0c2cecee264ccd7512633a7f409_224x224.png,/content/drive/MyDrive/MaizeData/BAD_SEED/IMG_20260709_183959.jpg,ffd21e2adfa2b2198045b56f680c954de237a0c2cecee264ccd7512633a7f409,BAD_SEED,0,ffd21e2adfa2b2198045b56f680c954de237a0c2cecee264ccd7512633a7f409,train
/content/drive/MyDrive/MaizeData/prepared_images/rgb_bilinear_v1_224/a8a93663669cb532ec1c7bb3e24d1385d19d8bf7ed474e304235d9cc82c7c017_224x224.png,/content/drive/MyDrive/MaizeData/GOOD_SEED/IMG_20260706_101131.jpg,a8a93663669cb532ec1c7bb3e24d1385d19d8bf7ed474e304235d9cc82c7c017,GOOD_SEED,1,a8a93663669cb532ec1c7bb3e24d1385d19d8bf7ed474e304235d9cc82c7c017,train
/content/drive/MyDrive/MaizeData/prepared_images/rgb_bilinear_v1_224/7601df3c2663bab9b71c9fd4f33c9fc94fd7ca568e71cff9a9b4b6c0f9c692e8_224x224.png,/content/drive/MyDrive/MaizeData/BAD_SEED/IMG_20260707_102000.jpg,7601df3c2663bab9b71c9fd4f33c9fc94fd7ca568e71cff9a9b4b6c0f9c692e8,BAD_SEED,0,7601df3c2663bab9b71c9fd4f33c9fc94fd7ca568e71cff9a9b4b6c0f9c692e8,train
/content/drive/MyDrive/MaizeData/prepared_images/rgb_bilinear_v1_224/f8f14ac2ec05206a1b37c88c78ad140d612481ed5b648554627b87ea8d7ae2c5_224x224.png,/content/drive/MyDrive/MaizeData/GOOD_SEED/IMG_20260706_083941.jpg,f8f14ac2ec05206a1b37c88c78ad140d612481ed5b648554627b87ea8d7ae2c5,GOOD_SEED,1,f8f14ac2ec05206a1b37c88c78ad140d612481ed5b648554627b87ea8d7ae2c5,train
/content/drive/MyDrive/MaizeData/prepared_images/rgb_bilinear_v1_224/25400e793aebacffd464512a7a22a2f7a5b0123c60abff9046206138d36972e5_224x224.png,/content/drive/MyDrive/MaizeData/NO_MAIZE/IMG_5590.jpg,25400e793aebacffd464512a7a22a2f7a5b0123c60abff9046206138d36972e5,NO_MAIZE,2,25400e793aebacffd464512a7a22a2f7a5b0123c60abff9046206138d36972e5,train
/content/drive/MyDrive/MaizeData/prepared_images/rgb_bilinear_v1_224/f77ac97dc245e2fb4696c09031e2aeab066405620d1bb26d87d9b6bc941baaf5_224x224.png,/content/drive/MyDrive/MaizeData/BAD_SEED/IMG_20260709_093731.jpg,f77ac97dc245e2fb4696c09031e2aeab066405620d1bb26d87d9b6bc941baaf5,BAD_SEED,0,f77ac97dc245e2fb4696c09031e2aeab066405620d1bb26d87d9b6bc941baaf5,train
/content/drive/MyDrive/MaizeData/prepared_images/rgb_bilinear_v1_224/b70cf85070a343cb316331ff0984b8f28dd0fad85bfe684a7558718695190301_224x224.png,/content/drive/MyDrive/MaizeData/BAD_SEED/IMG_20260709_174816.jpg,b70cf85070a343cb316331ff0984b8f28dd0fad85bfe684a7558718695190301,BAD_SEED,0,b70cf85070a343cb316331ff0984b8f28dd0fad85bfe684a7558718695190301,train
/content/drive/MyDrive/MaizeData/prepared_images/rgb_bilinear_v1_224/e19e38008f2646f08d2db70b4065272a482006cb41893c321c6402e7b4e5e3cf_224x224.png,/content/drive/MyDrive/MaizeData/BAD_SEED/IMG_20260709_095614.jpg,e19e38008f2646f08d2db70b4065272a482006cb41893c321c6402e7b4e5e3cf,BAD_SEED,0,e19e38008f2646f08d2db70b4065272a482006cb41893c321c6402e7b4e5e3cf,train
/content/drive/MyDrive/MaizeData/prepared_images/rgb_bilinear_v1_224/6b1f733cd8e0f18571122bed0970e9a3b665b1651ca167bd7a7b8ccb000cac6c_224x224.png,/content/drive/MyDrive/MaizeData/GOOD_SEED/IMG_20260706_082829.jpg,6b1f733cd8e0f18571122bed0970e9a3b665b1651ca167bd7a7b8ccb000cac6c,GOOD_SEED,1,6b1f733cd8e0f18571122bed0970e9a3b665b1651ca167bd7a7b8ccb000cac6c,train
/content/drive/MyDrive/MaizeData/prepared_images/rgb_bilinear_v1_224/8ccc7d4ba8c9ec14a58a09b88f2f466142023bc61aa52e9806ae51dd3465fb55_224x224.png,/content/drive/MyDrive/MaizeData/BAD_SEED/IMG_20260707_090643.jpg,8ccc7d4ba8c9ec14a58a09b88f2f466142023bc61aa52e9806ae51dd3465fb55,BAD_SEED,0,8ccc7d4ba8c9ec14a58a09b88f2f466142023bc61aa52e9806ae51dd3465fb55,train
/content/drive/MyDrive/MaizeData/prepared_images/rgb_bilinear_v1_224/e32f545601ab255f423a5145137de73f2ec04838dc56273730419ff0e91ae269_224x224.png,/content/drive/MyDrive/MaizeData/NO_MAIZE/IMG_5591.jpg,e32f545601ab255f423a5145137de73f2ec04838dc56273730419ff0e91ae269,NO_MAIZE,2,e32f545601ab255f423a5145137de73f2ec04838dc56273730419ff0e91ae269,train
/content/drive/MyDrive/MaizeData/prepared_images/rgb_bilinear_v1_224/17dd2ac829c2576e4f269f6dceaa4768002f2470cc9843bb50d3f93481a07d33_224x224.png,/content/drive/MyDrive/MaizeData/BAD_SEED/IMG_20260709_093633.jpg,17dd2ac829c2576e4f269f6dceaa4768002f2470cc9843bb50d3f93481a07d33,BAD_SEED,0,17dd2ac829c2576e4f269f6dceaa4768002f2470cc9843bb50d3f93481a07d33,train
/content/drive/MyDrive/MaizeData/prepared_images/rgb_bilinear_v1_224/0e297c9363dcabcd66aa1a27bd5c45cbaa97d156a0735da2132c8a098ffcb4c1_224x224.png,/content/drive/MyDrive/MaizeData/BAD_SEED/IMG_20260709_180204.jpg,0e297c9363dcabcd66aa1a27bd5c45cbaa97d156a0735da2132c8a098ffcb4c1,BAD_SEED,0,0e297c9363dcabcd66aa1a27bd5c45cbaa97d156a0735da2132c8a098ffcb4c1,train
/content/drive/MyDrive/MaizeData/prepared_images/rgb_bilinear_v1_224/22555b499dc4463988735e971867a48c16117aa813e887811d45fbf0322e2575_224x224.png,/content/drive/MyDrive/MaizeData/BAD_SEED/IMG_20260709_180511.jpg,22555b499dc4463988735e971867a48c16117aa813e887811d45fbf0322e2575,BAD_SEED,0,22555b499dc4463988735e971867a48c16117aa813e887811d45fbf0322e2575,train
/content/drive/MyDrive/MaizeData/prepared_images/rgb_bilinear_v1_224/e9877010bd0961637c3f930e147e20bf9c0c0689a51ff8ecba993141e1620e22_224x224.png,/content/drive/MyDrive/MaizeData/GOOD_SEED/IMG_20260706_112851.jpg,e9877010bd0961637c3f930e147e20bf9c0c0689a51ff8ecba993141e1620e22,GOOD_SEED,1,e9877010bd0961637c3f930e147e20bf9c0c0689a51ff8ecba993141e1620e22,train
/content/drive/MyDrive/MaizeData/prepared_images/rgb_bilinear_v1_224/143f2cfcbb0efbd70bdf6d77a6b7f86307313787aad46a5efca4c124fbc20b41_224x224.png,/content/drive/MyDrive/MaizeData/BAD_SEED/IMG_20260709_175955.jpg,143f2cfcbb0efbd70bdf6d77a6b7f86307313787aad46a5efca4c124fbc20b41,BAD_SEED,0,143f2cfcbb0efbd70bdf6d77a6b7f86307313787aad46a5efca4c124fbc20b41,train
/content/drive/MyDrive/MaizeData/prepared_images/rgb_bilinear_v1_224/c5fd2808600ccf3b45f4b5fcd25099cd6bba62ed8d8eaa293ed70d17940de5b7_224x224.png,/content/drive/MyDrive/MaizeData/BAD_SEED/IMG_20260707_085539_1.jpg,c5fd2808600ccf3b45f4b5fcd25099cd6bba62ed8d8eaa293ed70d17940de5b7,BAD_SEED,0,c5fd2808600ccf3b45f4b5fcd25099cd6bba62ed8d8eaa293ed70d17940de5b7,train
/content/drive/MyDrive/MaizeData/prepared_images/rgb_bilinear_v1_224/628ea827037db5be4873b0904cf9eacee3e0244cee756cf2edb86d0aa4228b68_224x224.png,/content/drive/MyDrive/MaizeData/GOOD_SEED/IMG_20260706_090122.jpg,628ea827037db5be4873b0904cf9eacee3e0244cee756cf2edb86d0aa4228b68,GOOD_SEED,1,628ea827037db5be4873b0904cf9eacee3e0244cee756cf2edb86d0aa4228b68,train
/content/drive/MyDrive/MaizeData/prepared_images/rgb_bilinear_v1_224/6dd424c2397bd907f05638cbd546396ff00dc8dd68861f6f6fe1f29f8e2ee9d6_224x224.png,/content/drive/MyDrive/MaizeData/BAD_SEED/IMG_20260707_085911.jpg,6dd424c2397bd907f05638cbd546396ff00dc8dd68861f6f6fe1f29f8e2ee9d6,BAD_SEED,0,6dd424c2397bd907f05638cbd546396ff00dc8dd68861f6f6fe1f29f8e2ee9d6,train
/content/drive/MyDrive/MaizeData/prepared_images/rgb_bilinear_v1_224/2c9494a78fc262b6b9e2b0923412180601b0bc481cbff6f9ba51e74ea831e429_224x224.png,/content/drive/MyDrive/MaizeData/BAD_SEED/IMG_20260709_180250.jpg,2c9494a78fc262b6b9e2b0923412180601b0bc481cbff6f9ba51e74ea831e429,BAD_SEED,0,2c9494a78fc262b6b9e2b0923412180601b0bc481cbff6f9ba51e74ea831e429,train
/content/drive/MyDrive/MaizeData/prepared_images/rgb_bilinear_v1_224/8a86f5511e29ac039e535bf182cd6e4f5b75a12a0ccab7778dd8ec1fdf574cfb_224x224.png,/content/drive/MyDrive/MaizeData/GOOD_SEED/IMG_20260706_091048_1.jpg,8a86f5511e29ac039e535bf182cd6e4f5b75a12a0ccab7778dd8ec1fdf574cfb,GOOD_SEED,1,8a86f5511e29ac039e535bf182cd6e4f5b75a12a0ccab7778dd8ec1fdf574cfb,train
/content/drive/MyDrive/MaizeData/prepared_images/rgb_bilinear_v1_224/2e67fffc666f228f288f831fdb1418614ab68f4f0fd4647dd7731212950c391f_224x224.png,/content/drive/MyDrive/MaizeData/NO_MAIZE/IMG_5539.jpg,2e67fffc666f228f288f831fdb1418614ab68f4f0fd4647dd7731212950c391f,NO_MAIZE,2,2e67fffc666f228f288f831fdb1418614ab68f4f0fd4647dd7731212950c391f,train
/content/drive/MyDrive/MaizeData/prepared_images/rgb_bilinear_v1_224/fd3bf2b7613f5fc0be5d90b622206ea1554f791b3c9125375013c4ed0e4953d9_224x224.png,/content/drive/MyDrive/MaizeData/BAD_SEED/IMG_20260707_100658.jpg,fd3bf2b7613f5fc0be5d90b622206ea1554f791b3c9125375013c4ed0e4953d9,BAD_SEED,0,fd3bf2b7613f5fc0be5d90b622206ea1554f791b3c9125375013c4ed0e4953d9,train
/content/drive/MyDrive/MaizeData/prepared_images/rgb_bilinear_v1_224/62d7ae4afc5b2ef18e68d782ae9387b40a10c480261080ac21076f01358a82d3_224x224.png,/content/drive/MyDrive/MaizeData/GOOD_SEED/IMG_20260706_085259_1.jpg,62d7ae4afc5b2ef18e68d782ae9387b40a10c480261080ac21076f01358a82d3,GOOD_SEED,1,62d7ae4afc5b2ef18e68d782ae9387b40a10c480261080ac21076f01358a82d3,train
/content/drive/MyDrive/MaizeData/prepared_images/rgb_bilinear_v1_224/5bf3140d3168f05c35198f54d49b3d795e739d2dc9e926663c74921364d86a4b_224x224.png,/content/drive/MyDrive/MaizeData/BAD_SEED/IMG_20260707_093108.jpg,5bf3140d3168f05c35198f54d49b3d795e739d2dc9e926663c74921364d86a4b,BAD_SEED,0,5bf3140d3168f05c35198f54d49b3d795e739d2dc9e926663c74921364d86a4b,train
/content/drive/MyDrive/MaizeData/prepared_images/rgb_bilinear_v1_224/3215bf0eaca9f3edd81dac31693cae01484bb07a8c6a7133e9b99548a53ef0ee_224x224.png,/content/drive/MyDrive/MaizeData/GOOD_SEED/IMG_20260706_100016_1.jpg,3215bf0eaca9f3edd81dac31693cae01484bb07a8c6a7133e9b99548a53ef0ee,GOOD_SEED,1,3215bf0eaca9f3edd81dac31693cae01484bb07a8c6a7133e9b99548a53ef0ee,train
/content/drive/MyDrive/MaizeData/prepared_images/rgb_bilinear_v1_224/c50d3cc3878d3860a8410ec3db531293516de0990a1a8cffcc44ee8184fda6ea_224x224.png,/content/drive/MyDrive/MaizeData/GOOD_SEED/IMG_20260706_112111.jpg,c50d3cc3878d3860a8410ec3db531293516de0990a1a8cffcc44ee8184fda6ea,GOOD_SEED,1,c50d3cc3878d3860a8410ec3db531293516de0990a1a8cffcc44ee8184fda6ea,train
/content/drive/MyDrive/MaizeData/prepared_images/rgb_bilinear_v1_224/b0c009e67b534b806dc923ac18bfc5f0be3e3f31a5d806d0b702e3cce0c67527_224x224.png,/content/drive/MyDrive/MaizeData/GOOD_SEED/IMG_20260706_080110_1.jpg,b0c009e67b534b806dc923ac18bfc5f0be3e3f31a5d806d0b702e3cce0c67527,GOOD_SEED,1,b0c009e67b534b806dc923ac18bfc5f0be3e3f31a5d806d0b702e3cce0c67527,train
/content/drive/MyDrive/MaizeData/prepared_images/rgb_bilinear_v1_224/b52ce966b9155c1e3e4c8cb05e080978d37a61f11339849acb3e132b074d089f_224x224.png,/content/drive/MyDrive/MaizeData/BAD_SEED/IMG_20260707_102156.jpg,b52ce966b9155c1e3e4c8cb05e080978d37a61f11339849acb3e132b074d089f,BAD_SEED,0,b52ce966b9155c1e3e4c8cb05e080978d37a61f11339849acb3e132b074d089f,train
/content/drive/MyDrive/MaizeData/prepared_images/rgb_bilinear_v1_224/ff53fa0dd0b1aab98eebc05e113905a0795748b915d00c5ef39c0bb09798a715_224x224.png,/content/drive/MyDrive/MaizeData/GOOD_SEED/IMG_20260706_094247_1.jpg,ff53fa0dd0b1aab98eebc05e113905a0795748b915d00c5ef39c0bb09798a715,GOOD_SEED,1,ff53fa0dd0b1aab98eebc05e113905a0795748b915d00c5ef39c0bb09798a715,train
/content/drive/MyDrive/MaizeData/prepared_images/rgb_bilinear_v1_224/2610eef0c6777836e70b970f825ca0d320eb84cdd28d4758efbf725356ee9264_224x224.png,/content/drive/MyDrive/MaizeData/BAD_SEED/IMG_20260707_091316.jpg,2610eef0c6777836e70b970f825ca0d320eb84cdd28d4758efbf725356ee9264,BAD_SEED,0,2610eef0c6777836e70b970f825ca0d320eb84cdd28d4758efbf725356ee9264,train
/content/drive/MyDrive/MaizeData/prepared_images/rgb_bilinear_v1_224/41666e147082ea7d5c883d7fed1f7a863cec015902e18ad3e69e1bdfd8576aee_224x224.png,/content/drive/MyDrive/MaizeData/GOOD_SEED/IMG_20260706_112529.jpg,41666e147082ea7d5c883d7fed1f7a863cec015902e18ad3e69e1bdfd8576aee,GOOD_SEED,1,41666e147082ea7d5c883d7fed1f7a863cec015902e18ad3e69e1bdfd8576aee,train
/content/drive/MyDrive/MaizeData/prepared_images/rgb_bilinear_v1_224/c0b4cf46c35b15acfeb11189b8b2105e2734a85754dbb93f61e0fa9322fdd99d_224x224.png,/content/drive/MyDrive/MaizeData/BAD_SEED/IMG_20260707_102122.jpg,c0b4cf46c35b15acfeb11189b8b2105e2734a85754dbb93f61e0fa9322fdd99d,BAD_SEED,0,c0b4cf46c35b15acfeb11189b8b2105e2734a85754dbb93f61e0fa9322fdd99d,train
/content/drive/MyDrive/MaizeData/prepared_images/rgb_bilinear_v1_224/5a9ee634f4b8c65f83c7fd7d949d11d9b4fa00ea74bdba8bc8642fde6523f7cb_224x224.png,/content/drive/MyDrive/MaizeData/GOOD_SEED/IMG_20260706_100327.jpg,5a9ee634f4b8c65f83c7fd7d949d11d9b4fa00ea74bdba8bc8642fde6523f7cb,GOOD_SEED,1,5a9ee634f4b8c65f83c7fd7d949d11d9b4fa00ea74bdba8bc8642fde6523f7cb,train
/content/drive/MyDrive/MaizeData/prepared_images/rgb_bilinear_v1_224/81339d04988f5e4ceef1aa9af7fd05ffd0b23e35e8bcaceced4a5cc81ccc2f48_224x224.png,/content/drive/MyDrive/MaizeData/BAD_SEED/IMG_20260707_100144.jpg,81339d04988f5e4ceef1aa9af7fd05ffd0b23e35e8bcaceced4a5cc81ccc2f48,BAD_SEED,0,81339d04988f5e4ceef1aa9af7fd05ffd0b23e35e8bcaceced4a5cc81ccc2f48,train
/content/drive/MyDrive/MaizeData/prepared_images/rgb_bilinear_v1_224/112e9b745cf21b5c66d6a0a505e1f90a44aaa5f69ae0138fc60aec95aea4b6ec_224x224.png,/content/drive/MyDrive/MaizeData/BAD_SEED/IMG_20260709_183300.jpg,112e9b745cf21b5c66d6a0a505e1f90a44aaa5f69ae0138fc60aec95aea4b6ec,BAD_SEED,0,112e9b745cf21b5c66d6a0a505e1f90a44aaa5f69ae0138fc60aec95aea4b6ec,train
/content/drive/MyDrive/MaizeData/prepared_images/rgb_bilinear_v1_224/4aef47943f22ab1d1a6371124cbc51c8ba41c5313b95d6197cf11f02aa0eb151_224x224.png,/content/drive/MyDrive/MaizeData/BAD_SEED/IMG_20260709_174727.jpg,4aef47943f22ab1d1a6371124cbc51c8ba41c5313b95d6197cf11f02aa0eb151,BAD_SEED,0,4aef47943f22ab1d1a6371124cbc51c8ba41c5313b95d6197cf11f02aa0eb151,train
/content/drive/MyDrive/MaizeData/prepared_images/rgb_bilinear_v1_224/4f4024fe24de5eaa7be5a858006655b2e3c6c5ccc8fe17efd3abb88d702b0f30_224x224.png,/content/drive/MyDrive/MaizeData/NO_MAIZE/IMG_5600.jpg,4f4024fe24de5eaa7be5a858006655b2e3c6c5ccc8fe17efd3abb88d702b0f30,NO_MAIZE,2,4f4024fe24de5eaa7be5a858006655b2e3c6c5ccc8fe17efd3abb88d702b0f30,train
/content/drive/MyDrive/MaizeData/prepared_images/rgb_bilinear_v1_224/477d982e77a12ce4945c9aae0efcc866d8cf7a00b88fbd9126f743e0e7b46d87_224x224.png,/content/drive/MyDrive/MaizeData/NO_MAIZE/IMG_5582.jpg,477d982e77a12ce4945c9aae0efcc866d8cf7a00b88fbd9126f743e0e7b46d87,NO_MAIZE,2,477d982e77a12ce4945c9aae0efcc866d8cf7a00b88fbd9126f743e0e7b46d87,train
/content/drive/MyDrive/MaizeData/prepared_images/rgb_bilinear_v1_224/918c2e09ded788ec20301577d71d1e07d34743cb541a269e8dfcbd148acafda5_224x224.png,/content/drive/MyDrive/MaizeData/BAD_SEED/IMG_20260709_183618.jpg,918c2e09ded788ec20301577d71d1e07d34743cb541a269e8dfcbd148acafda5,BAD_SEED,0,918c2e09ded788ec20301577d71d1e07d34743cb541a269e8dfcbd148acafda5,train
/content/drive/MyDrive/MaizeData/prepared_images/rgb_bilinear_v1_224/d2bd5ff97465e0c9bdb2d0ad9283fc2efea027685e2ed52cf6de4ae14ad59851_224x224.png,/content/drive/MyDrive/MaizeData/GOOD_SEED/IMG_20260706_075357.jpg,d2bd5ff97465e0c9bdb2d0ad9283fc2efea027685e2ed52cf6de4ae14ad59851,GOOD_SEED,1,d2bd5ff97465e0c9bdb2d0ad9283fc2efea027685e2ed52cf6de4ae14ad59851,train
/content/drive/MyDrive/MaizeData/prepared_images/rgb_bilinear_v1_224/4d76c38cf26c54ad7ff70417346975878fe561c072888a3a452041f5c8a2ad2e_224x224.png,/content/drive/MyDrive/MaizeData/BAD_SEED/IMG_20260707_084440.jpg,4d76c38cf26c54ad7ff70417346975878fe561c072888a3a452041f5c8a2ad2e,BAD_SEED,0,4d76c38cf26c54ad7ff70417346975878fe561c072888a3a452041f5c8a2ad2e,train
/content/drive/MyDrive/MaizeData/prepared_images/rgb_bilinear_v1_224/b2302e38f043378935a296f8bceb0cb78049ccde99a6cecd2e1e38ecb550cdf3_224x224.png,/content/drive/MyDrive/MaizeData/BAD_SEED/IMG_20260709_094154.jpg,b2302e38f043378935a296f8bceb0cb78049ccde99a6cecd2e1e38ecb550cdf3,BAD_SEED,0,b2302e38f043378935a296f8bceb0cb78049ccde99a6cecd2e1e38ecb550cdf3,train
/content/drive/MyDrive/MaizeData/prepared_images/rgb_bilinear_v1_224/2c941caf098621bbce7a1dafbd7a0812b3096c0c8a14806beb50829e37525e62_224x224.png,/content/drive/MyDrive/MaizeData/GOOD_SEED/IMG_20260706_075503.jpg,2c941caf098621bbce7a1dafbd7a0812b3096c0c8a14806beb50829e37525e62,GOOD_SEED,1,2c941caf098621bbce7a1dafbd7a0812b3096c0c8a14806beb50829e37525e62,train
/content/drive/MyDrive/MaizeData/prepared_images/rgb_bilinear_v1_224/e23dde2c8816f15dc22fdba776f00e9224a1184a91a0ee53e667b2b840bb7277_224x224.png,/content/drive/MyDrive/MaizeData/GOOD_SEED/IMG_20260706_103416.jpg,e23dde2c8816f15dc22fdba776f00e9224a1184a91a0ee53e667b2b840bb7277,GOOD_SEED,1,e23dde2c8816f15dc22fdba776f00e9224a1184a91a0ee53e667b2b840bb7277,train
/content/drive/MyDrive/MaizeData/prepared_images/rgb_bilinear_v1_224/9b77dba282494e20318de288f1655c1efd48f5bcd05f97be1e42027988ce81ad_224x224.png,/content/drive/MyDrive/MaizeData/BAD_SEED/IMG_20260709_183930.jpg,9b77dba282494e20318de288f1655c1efd48f5bcd05f97be1e42027988ce81ad,BAD_SEED,0,9b77dba282494e20318de288f1655c1efd48f5bcd05f97be1e42027988ce81ad,train
/content/drive/MyDrive/MaizeData/prepared_images/rgb_bilinear_v1_224/1ef58b820499ee5415b5d1e9a3ee5569f9f52ea533aa06791260b3dfa6809833_224x224.png,/content/drive/MyDrive/MaizeData/NO_MAIZE/IMG_5596.jpg,1ef58b820499ee5415b5d1e9a3ee5569f9f52ea533aa06791260b3dfa6809833,NO_MAIZE,2,1ef58b820499ee5415b5d1e9a3ee5569f9f52ea533aa06791260b3dfa6809833,train
/content/drive/MyDrive/MaizeData/prepared_images/rgb_bilinear_v1_224/feb46c84668db4c5586aea9649efc4f049a42fcdb11987a6ca7c14c1afd42f32_224x224.png,/content/drive/MyDrive/MaizeData/GOOD_SEED/IMG_20260706_073845_1.jpg,feb46c84668db4c5586aea9649efc4f049a42fcdb11987a6ca7c14c1afd42f32,GOOD_SEED,1,feb46c84668db4c5586aea9649efc4f049a42fcdb11987a6ca7c14c1afd42f32,train
/content/drive/MyDrive/MaizeData/prepared_images/rgb_bilinear_v1_224/e9572362694401f602e4cee80c5e8b2039739d3a0d611754fc8ca47eb4ceb735_224x224.png,/content/drive/MyDrive/MaizeData/GOOD_SEED/IMG_20260706_112754.jpg,e9572362694401f602e4cee80c5e8b2039739d3a0d611754fc8ca47eb4ceb735,GOOD_SEED,1,e9572362694401f602e4cee80c5e8b2039739d3a0d611754fc8ca47eb4ceb735,train
/content/drive/MyDrive/MaizeData/prepared_images/rgb_bilinear_v1_224/8a795fc7844fa056d380f3544c61c2aa50f2398da652a68dbb70944cc3c0d702_224x224.png,/content/drive/MyDrive/MaizeData/BAD_SEED/IMG_20260707_090057.jpg,8a795fc7844fa056d380f3544c61c2aa50f2398da652a68dbb70944cc3c0d702,BAD_SEED,0,8a795fc7844fa056d380f3544c61c2aa50f2398da652a68dbb70944cc3c0d702,train
/content/drive/MyDrive/MaizeData/prepared_images/rgb_bilinear_v1_224/601f59edab60ebd5fa79a299097bc8c3c70410ba987dae8fadb71bfafd06e0e6_224x224.png,/content/drive/MyDrive/MaizeData/BAD_SEED/IMG_20260709_091024.jpg,601f59edab60ebd5fa79a299097bc8c3c70410ba987dae8fadb71bfafd06e0e6,BAD_SEED,0,601f59edab60ebd5fa79a299097bc8c3c70410ba987dae8fadb71bfafd06e0e6,train
/content/drive/MyDrive/MaizeData/prepared_images/rgb_bilinear_v1_224/6b571a45b3721f8c6f48b959b142eaf0fc5f27fef3879e8be14a01831498d253_224x224.png,/content/drive/MyDrive/MaizeData/GOOD_SEED/IMG_20260706_075953.jpg,6b571a45b3721f8c6f48b959b142eaf0fc5f27fef3879e8be14a01831498d253,GOOD_SEED,1,6b571a45b3721f8c6f48b959b142eaf0fc5f27fef3879e8be14a01831498d253,train
/content/drive/MyDrive/MaizeData/prepared_images/rgb_bilinear_v1_224/285afd51e5f7bc63008e4e56ee9d6f9a3453a5b18c80f6fe04eaf0c70212d6db_224x224.png,/content/drive/MyDrive/MaizeData/NO_MAIZE/IMG_5554.jpg,285afd51e5f7bc63008e4e56ee9d6f9a3453a5b18c80f6fe04eaf0c70212d6db,NO_MAIZE,2,285afd51e5f7bc63008e4e56ee9d6f9a3453a5b18c80f6fe04eaf0c70212d6db,train
/content/drive/MyDrive/MaizeData/prepared_images/rgb_bilinear_v1_224/27477d1f3463951a5d57a1155e0b7cbd526c437e503cebae45fadffc68bb8d7b_224x224.png,/content/drive/MyDrive/MaizeData/NO_MAIZE/IMG_5556.jpg,27477d1f3463951a5d57a1155e0b7cbd526c437e503cebae45fadffc68bb8d7b,NO_MAIZE,2,27477d1f3463951a5d57a1155e0b7cbd526c437e503cebae45fadffc68bb8d7b,train
/content/drive/MyDrive/MaizeData/prepared_images/rgb_bilinear_v1_224/9b8ef652aeeeb30a4f538d1e48ab3b102796e685c2f1805eda623dc9aab377e8_224x224.png,/content/drive/MyDrive/MaizeData/NO_MAIZE/IMG_5550.jpg,9b8ef652aeeeb30a4f538d1e48ab3b102796e685c2f1805eda623dc9aab377e8,NO_MAIZE,2,9b8ef652aeeeb30a4f538d1e48ab3b102796e685c2f1805eda623dc9aab377e8,train
/content/drive/MyDrive/MaizeData/prepared_images/rgb_bilinear_v1_224/8e12ecbb67d0ca325e1bcfc59c4cd7dad36c2222d78c6d2b7d6f35a909122ba7_224x224.png,/content/drive/MyDrive/MaizeData/BAD_SEED/IMG_20260707_102113.jpg,8e12ecbb67d0ca325e1bcfc59c4cd7dad36c2222d78c6d2b7d6f35a909122ba7,BAD_SEED,0,8e12ecbb67d0ca325e1bcfc59c4cd7dad36c2222d78c6d2b7d6f35a909122ba7,train
/content/drive/MyDrive/MaizeData/prepared_images/rgb_bilinear_v1_224/0083d0919583231f05de164238caeb866613ec35b0c34d25d17018e33388073b_224x224.png,/content/drive/MyDrive/MaizeData/GOOD_SEED/IMG_20260706_083223.jpg,0083d0919583231f05de164238caeb866613ec35b0c34d25d17018e33388073b,GOOD_SEED,1,0083d0919583231f05de164238caeb866613ec35b0c34d25d17018e33388073b,train
/content/drive/MyDrive/MaizeData/prepared_images/rgb_bilinear_v1_224/ed24353353c56e7a16d3ab41361876d3179a33dfbcb0ec6a5d0c80d5af4de65b_224x224.png,/content/drive/MyDrive/MaizeData/GOOD_SEED/IMG_20260706_103631_1.jpg,ed24353353c56e7a16d3ab41361876d3179a33dfbcb0ec6a5d0c80d5af4de65b,GOOD_SEED,1,ed24353353c56e7a16d3ab41361876d3179a33dfbcb0ec6a5d0c80d5af4de65b,train
/content/drive/MyDrive/MaizeData/prepared_images/rgb_bilinear_v1_224/e22e785a7071410e9a295410eaf1fe3347eb5e7d9bb44946196e7140315f106a_224x224.png,/content/drive/MyDrive/MaizeData/GOOD_SEED/IMG_20260706_090322.jpg,e22e785a7071410e9a295410eaf1fe3347eb5e7d9bb44946196e7140315f106a,GOOD_SEED,1,e22e785a7071410e9a295410eaf1fe3347eb5e7d9bb44946196e7140315f106a,train
/content/drive/MyDrive/MaizeData/prepared_images/rgb_bilinear_v1_224/dc2e0960cebcb3fd357a273e728d921821c495fa6e235232a49515e68e50a9ad_224x224.png,/content/drive/MyDrive/MaizeData/BAD_SEED/IMG_20260707_085944.jpg,dc2e0960cebcb3fd357a273e728d921821c495fa6e235232a49515e68e50a9ad,BAD_SEED,0,dc2e0960cebcb3fd357a273e728d921821c495fa6e235232a49515e68e50a9ad,train
/content/drive/MyDrive/MaizeData/prepared_images/rgb_bilinear_v1_224/b441b6847a09b2eb40249084605b06762265ba349960756f93c246d6ce64d11b_224x224.png,/content/drive/MyDrive/MaizeData/GOOD_SEED/IMG_20260706_101203.jpg,b441b6847a09b2eb40249084605b06762265ba349960756f93c246d6ce64d11b,GOOD_SEED,1,b441b6847a09b2eb40249084605b06762265ba349960756f93c246d6ce64d11b,train
/content/drive/MyDrive/MaizeData/prepared_images/rgb_bilinear_v1_224/f6c1989743150f22f856f6f00ed6aac5531e736c9ee879b8722d977a06d81343_224x224.png,/content/drive/MyDrive/MaizeData/GOOD_SEED/IMG_20260706_090152_1.jpg,f6c1989743150f22f856f6f00ed6aac5531e736c9ee879b8722d977a06d81343,GOOD_SEED,1,f6c1989743150f22f856f6f00ed6aac5531e736c9ee879b8722d977a06d81343,train
/content/drive/MyDrive/MaizeData/prepared_images/rgb_bilinear_v1_224/be7b06f54a228dcb96b34649e129d8345da33d66b090b4d0b3da77899fa34ab2_224x224.png,/content/drive/MyDrive/MaizeData/BAD_SEED/IMG_20260709_174018_1.jpg,be7b06f54a228dcb96b34649e129d8345da33d66b090b4d0b3da77899fa34ab2,BAD_SEED,0,be7b06f54a228dcb96b34649e129d8345da33d66b090b4d0b3da77899fa34ab2,train
/content/drive/MyDrive/MaizeData/prepared_images/rgb_bilinear_v1_224/3127a35a2aa9faf99b4ef92daa7cbfa399cebe51a432b43784c90c3d39283253_224x224.png,/content/drive/MyDrive/MaizeData/GOOD_SEED/IMG_20260706_113436_1.jpg,3127a35a2aa9faf99b4ef92daa7cbfa399cebe51a432b43784c90c3d39283253,GOOD_SEED,1,3127a35a2aa9faf99b4ef92daa7cbfa399cebe51a432b43784c90c3d39283253,train
/content/drive/MyDrive/MaizeData/prepared_images/rgb_bilinear_v1_224/a35efbb6a8943fc63c7028a0619ef41b8086b1ab0443cb8c47eba17d0bcfb5ad_224x224.png,/content/drive/MyDrive/MaizeData/GOOD_SEED/IMG_20260706_102907.jpg,a35efbb6a8943fc63c7028a0619ef41b8086b1ab0443cb8c47eba17d0bcfb5ad,GOOD_SEED,1,a35efbb6a8943fc63c7028a0619ef41b8086b1ab0443cb8c47eba17d0bcfb5ad,train
/content/drive/MyDrive/MaizeData/prepared_images/rgb_bilinear_v1_224/4eda38b50b54c34efde4a0f1f30f3b6fcacdd307799573d7785f1367e4291e65_224x224.png,/content/drive/MyDrive/MaizeData/BAD_SEED/IMG_20260707_100352.jpg,4eda38b50b54c34efde4a0f1f30f3b6fcacdd307799573d7785f1367e4291e65,BAD_SEED,0,4eda38b50b54c34efde4a0f1f30f3b6fcacdd307799573d7785f1367e4291e65,train
/content/drive/MyDrive/MaizeData/prepared_images/rgb_bilinear_v1_224/036fbc63df6b3aa9ee5b3c4f93153b719917f35f653a16c0db485fed9408efda_224x224.png,/content/drive/MyDrive/MaizeData/BAD_SEED/IMG_20260707_102052.jpg,036fbc63df6b3aa9ee5b3c4f93153b719917f35f653a16c0db485fed9408efda,BAD_SEED,0,036fbc63df6b3aa9ee5b3c4f93153b719917f35f653a16c0db485fed9408efda,train
/content/drive/MyDrive/MaizeData/prepared_images/rgb_bilinear_v1_224/c8192ec0bab7469d7c75e85e6e0999dd02253d8dc3ae16512049337ae116df6f_224x224.png,/content/drive/MyDrive/MaizeData/BAD_SEED/IMG_20260709_174548.jpg,c8192ec0bab7469d7c75e85e6e0999dd02253d8dc3ae16512049337ae116df6f,BAD_SEED,0,c8192ec0bab7469d7c75e85e6e0999dd02253d8dc3ae16512049337ae116df6f,train
/content/drive/MyDrive/MaizeData/prepared_images/rgb_bilinear_v1_224/048b18ac75acf13a7ac00cf1d3acd55796b83e256f53e1c933d7e0bec61a1279_224x224.png,/content/drive/MyDrive/MaizeData/NO_MAIZE/IMG_5553.jpg,048b18ac75acf13a7ac00cf1d3acd55796b83e256f53e1c933d7e0bec61a1279,NO_MAIZE,2,048b18ac75acf13a7ac00cf1d3acd55796b83e256f53e1c933d7e0bec61a1279,train
/content/drive/MyDrive/MaizeData/prepared_images/rgb_bilinear_v1_224/095c7029061200c2aee9e5a04961bfd7cab2760277f17636533f0b5ba964809a_224x224.png,/content/drive/MyDrive/MaizeData/BAD_SEED/IMG_20260707_094000.jpg,095c7029061200c2aee9e5a04961bfd7cab2760277f17636533f0b5ba964809a,BAD_SEED,0,095c7029061200c2aee9e5a04961bfd7cab2760277f17636533f0b5ba964809a,train
/content/drive/MyDrive/MaizeData/prepared_images/rgb_bilinear_v1_224/11a1ad54951af8add7bdaf85aa3f1c028d6c57637dd9c47956caa1d8c0701a43_224x224.png,/content/drive/MyDrive/MaizeData/BAD_SEED/IMG_20260709_094726.jpg,11a1ad54951af8add7bdaf85aa3f1c028d6c57637dd9c47956caa1d8c0701a43,BAD_SEED,0,11a1ad54951af8add7bdaf85aa3f1c028d6c57637dd9c47956caa1d8c0701a43,train
/content/drive/MyDrive/MaizeData/prepared_images/rgb_bilinear_v1_224/42c629d0ca141248b9055d7b86062da199ef87f368e9d760c996bdaae0d3128f_224x224.png,/content/drive/MyDrive/MaizeData/GOOD_SEED/IMG_20260706_081810.jpg,42c629d0ca141248b9055d7b86062da199ef87f368e9d760c996bdaae0d3128f,GOOD_SEED,1,42c629d0ca141248b9055d7b86062da199ef87f368e9d760c996bdaae0d3128f,train
/content/drive/MyDrive/MaizeData/prepared_images/rgb_bilinear_v1_224/d4b3bcf42f30aa2ad2c82f6bcd5195fbf25f8dd8424b05b89e94a75189a2e205_224x224.png,/content/drive/MyDrive/MaizeData/GOOD_SEED/IMG_20260706_090834.jpg,d4b3bcf42f30aa2ad2c82f6bcd5195fbf25f8dd8424b05b89e94a75189a2e205,GOOD_SEED,1,d4b3bcf42f30aa2ad2c82f6bcd5195fbf25f8dd8424b05b89e94a75189a2e205,train
/content/drive/MyDrive/MaizeData/prepared_images/rgb_bilinear_v1_224/cc96568a11bcb0b06cb5c8169d3c9d412d99e450390e3ce6f687c5a1e7578f73_224x224.png,/content/drive/MyDrive/MaizeData/GOOD_SEED/IMG_20260706_102035.jpg,cc96568a11bcb0b06cb5c8169d3c9d412d99e450390e3ce6f687c5a1e7578f73,GOOD_SEED,1,cc96568a11bcb0b06cb5c8169d3c9d412d99e450390e3ce6f687c5a1e7578f73,train
/content/drive/MyDrive/MaizeData/prepared_images/rgb_bilinear_v1_224/856af9730dc34bbf28bbd7bd5cf708bac9a354562ee142eb9854f554ffef416e_224x224.png,/content/drive/MyDrive/MaizeData/GOOD_SEED/IMG_20260706_112130_1.jpg,856af9730dc34bbf28bbd7bd5cf708bac9a354562ee142eb9854f554ffef416e,GOOD_SEED,1,856af9730dc34bbf28bbd7bd5cf708bac9a354562ee142eb9854f554ffef416e,train
/content/drive/MyDrive/MaizeData/prepared_images/rgb_bilinear_v1_224/137c6dccc1a253956ccdca72b607b5d7bb27b3bd35a3d43897d8b66e1ad6419d_224x224.png,/content/drive/MyDrive/MaizeData/GOOD_SEED/IMG_20260706_081508.jpg,137c6dccc1a253956ccdca72b607b5d7bb27b3bd35a3d43897d8b66e1ad6419d,GOOD_SEED,1,137c6dccc1a253956ccdca72b607b5d7bb27b3bd35a3d43897d8b66e1ad6419d,train
/content/drive/MyDrive/MaizeData/prepared_images/rgb_bilinear_v1_224/7b56e8b1dab6486275cd2ff9f4e8a21a27d7d7946c1ebf4612d236d4fb25c49e_224x224.png,/content/drive/MyDrive/MaizeData/GOOD_SEED/IMG_20260706_113016.jpg,7b56e8b1dab6486275cd2ff9f4e8a21a27d7d7946c1ebf4612d236d4fb25c49e,GOOD_SEED,1,7b56e8b1dab6486275cd2ff9f4e8a21a27d7d7946c1ebf4612d236d4fb25c49e,train
/content/drive/MyDrive/MaizeData/prepared_images/rgb_bilinear_v1_224/5e3c479b6a421fe69f8fc343045b614c3ce555b5dfa369b8adb5f1dc4a526963_224x224.png,/content/drive/MyDrive/MaizeData/NO_MAIZE/IMG_5593.jpg,5e3c479b6a421fe69f8fc343045b614c3ce555b5dfa369b8adb5f1dc4a526963,NO_MAIZE,2,5e3c479b6a421fe69f8fc343045b614c3ce555b5dfa369b8adb5f1dc4a526963,train
/content/drive/MyDrive/MaizeData/prepared_images/rgb_bilinear_v1_224/eb054bd1857f26eef1cf0657e2daf2f9a210c048ea3dfd7a688e5fc2b897fc1b_224x224.png,/content/drive/MyDrive/MaizeData/BAD_SEED/IMG_20260709_183758.jpg,eb054bd1857f26eef1cf0657e2daf2f9a210c048ea3dfd7a688e5fc2b897fc1b,BAD_SEED,0,eb054bd1857f26eef1cf0657e2daf2f9a210c048ea3dfd7a688e5fc2b897fc1b,train
/content/drive/MyDrive/MaizeData/prepared_images/rgb_bilinear_v1_224/c4ad00718575b7fec14184ec4fa5f055b49182a98e6194c3a32e01dc36737147_224x224.png,/content/drive/MyDrive/MaizeData/BAD_SEED/IMG_20260709_091708.jpg,c4ad00718575b7fec14184ec4fa5f055b49182a98e6194c3a32e01dc36737147,BAD_SEED,0,c4ad00718575b7fec14184ec4fa5f055b49182a98e6194c3a32e01dc36737147,train
/content/drive/MyDrive/MaizeData/prepared_images/rgb_bilinear_v1_224/4f752d858ad84a06e27726004493ea6472b65bf79698909fc8b851dec448a213_224x224.png,/content/drive/MyDrive/MaizeData/GOOD_SEED/IMG_20260706_084338.jpg,4f752d858ad84a06e27726004493ea6472b65bf79698909fc8b851dec448a213,GOOD_SEED,1,4f752d858ad84a06e27726004493ea6472b65bf79698909fc8b851dec448a213,train
/content/drive/MyDrive/MaizeData/prepared_images/rgb_bilinear_v1_224/ec2d9c022599e20cc98dec56924bffeca57ea93850ba06e070a042b99e299ba3_224x224.png,/content/drive/MyDrive/MaizeData/BAD_SEED/IMG_20260707_091604.jpg,ec2d9c022599e20cc98dec56924bffeca57ea93850ba06e070a042b99e299ba3,BAD_SEED,0,ec2d9c022599e20cc98dec56924bffeca57ea93850ba06e070a042b99e299ba3,train
/content/drive/MyDrive/MaizeData/prepared_images/rgb_bilinear_v1_224/2284283408683a9d8aed6fe3bd77f84edce4556c0598609a31ab016f99ae3369_224x224.png,/content/drive/MyDrive/MaizeData/BAD_SEED/IMG_20260709_175143.jpg,2284283408683a9d8aed6fe3bd77f84edce4556c0598609a31ab016f99ae3369,BAD_SEED,0,2284283408683a9d8aed6fe3bd77f84edce4556c0598609a31ab016f99ae3369,train
/content/drive/MyDrive/MaizeData/prepared_images/rgb_bilinear_v1_224/3806980cd7dc9e6678509ffb14818392e100275c734c5729b7f9891f172c80ae_224x224.png,/content/drive/MyDrive/MaizeData/GOOD_SEED/IMG_20260706_112228.jpg,3806980cd7dc9e6678509ffb14818392e100275c734c5729b7f9891f172c80ae,GOOD_SEED,1,3806980cd7dc9e6678509ffb14818392e100275c734c5729b7f9891f172c80ae,train
/content/drive/MyDrive/MaizeData/prepared_images/rgb_bilinear_v1_224/f5736942f2428b036a2e9d226f3bf6f68eb2b66473aeff68ee6edebbb6b4154b_224x224.png,/content/drive/MyDrive/MaizeData/BAD_SEED/IMG_20260707_093429_1.jpg,f5736942f2428b036a2e9d226f3bf6f68eb2b66473aeff68ee6edebbb6b4154b,BAD_SEED,0,f5736942f2428b036a2e9d226f3bf6f68eb2b66473aeff68ee6edebbb6b4154b,train
/content/drive/MyDrive/MaizeData/prepared_images/rgb_bilinear_v1_224/36d1d42196ad4bb1c6639b24eba1e604e5a56f76f0cd82d4fe6de466c80b8965_224x224.png,/content/drive/MyDrive/MaizeData/BAD_SEED/IMG_20260709_183150.jpg,36d1d42196ad4bb1c6639b24eba1e604e5a56f76f0cd82d4fe6de466c80b8965,BAD_SEED,0,36d1d42196ad4bb1c6639b24eba1e604e5a56f76f0cd82d4fe6de466c80b8965,train
/content/drive/MyDrive/MaizeData/prepared_images/rgb_bilinear_v1_224/84c050ca923081c32e136d7554175885415c9a6e65672f3da0e3344d9d8e78a8_224x224.png,/content/drive/MyDrive/MaizeData/GOOD_SEED/IMG_20260706_090522.jpg,84c050ca923081c32e136d7554175885415c9a6e65672f3da0e3344d9d8e78a8,GOOD_SEED,1,84c050ca923081c32e136d7554175885415c9a6e65672f3da0e3344d9d8e78a8,train
/content/drive/MyDrive/MaizeData/prepared_images/rgb_bilinear_v1_224/0f3314360b32a4fb1a03da4a11af44c2a1c87683bdd61f85b6d00b30d0a1e05a_224x224.png,/content/drive/MyDrive/MaizeData/GOOD_SEED/IMG_20260706_073445.jpg,0f3314360b32a4fb1a03da4a11af44c2a1c87683bdd61f85b6d00b30d0a1e05a,GOOD_SEED,1,0f3314360b32a4fb1a03da4a11af44c2a1c87683bdd61f85b6d00b30d0a1e05a,train
/content/drive/MyDrive/MaizeData/prepared_images/rgb_bilinear_v1_224/a9c5f33de1ed4d52cdbb1d302cf740e160954ef733e22763e7279150fe97408f_224x224.png,/content/drive/MyDrive/MaizeData/GOOD_SEED/IMG_20260706_100136_1.jpg,a9c5f33de1ed4d52cdbb1d302cf740e160954ef733e22763e7279150fe97408f,GOOD_SEED,1,a9c5f33de1ed4d52cdbb1d302cf740e160954ef733e22763e7279150fe97408f,train
/content/drive/MyDrive/MaizeData/prepared_images/rgb_bilinear_v1_224/93e322547590a9a015fe56129a42a5f14df5177a474a0696f31d75cb18419f22_224x224.png,/content/drive/MyDrive/MaizeData/BAD_SEED/IMG_20260709_095105.jpg,93e322547590a9a015fe56129a42a5f14df5177a474a0696f31d75cb18419f22,BAD_SEED,0,93e322547590a9a015fe56129a42a5f14df5177a474a0696f31d75cb18419f22,train
/content/drive/MyDrive/MaizeData/prepared_images/rgb_bilinear_v1_224/96cca691c0f17d86186de3b6d4167e95609bed40522fe63b3fc17a842e4b298a_224x224.png,/content/drive/MyDrive/MaizeData/BAD_SEED/IMG_20260707_093047.jpg,96cca691c0f17d86186de3b6d4167e95609bed40522fe63b3fc17a842e4b298a,BAD_SEED,0,96cca691c0f17d86186de3b6d4167e95609bed40522fe63b3fc17a842e4b298a,train
/content/drive/MyDrive/MaizeData/prepared_images/rgb_bilinear_v1_224/7c066be0475b664525d434ea6389c234af2e72b8706b6985a62b10a4a9e601e2_224x224.png,/content/drive/MyDrive/MaizeData/NO_MAIZE/IMG_5599.jpg,7c066be0475b664525d434ea6389c234af2e72b8706b6985a62b10a4a9e601e2,NO_MAIZE,2,7c066be0475b664525d434ea6389c234af2e72b8706b6985a62b10a4a9e601e2,train
/content/drive/MyDrive/MaizeData/prepared_images/rgb_bilinear_v1_224/afcd779cbb42e7bc9f557349f2b4b0d509846c01f8b509ef67dfa9c4bea456c5_224x224.png,/content/drive/MyDrive/MaizeData/BAD_SEED/IMG_20260709_091845.jpg,afcd779cbb42e7bc9f557349f2b4b0d509846c01f8b509ef67dfa9c4bea456c5,BAD_SEED,0,afcd779cbb42e7bc9f557349f2b4b0d509846c01f8b509ef67dfa9c4bea456c5,train
/content/drive/MyDrive/MaizeData/prepared_images/rgb_bilinear_v1_224/48984002ddd6af57b11017e49d9e012fa6fba0253f231092ade6f4baf6136629_224x224.png,/content/drive/MyDrive/MaizeData/BAD_SEED/IMG_20260709_173706_1.jpg,48984002ddd6af57b11017e49d9e012fa6fba0253f231092ade6f4baf6136629,BAD_SEED,0,48984002ddd6af57b11017e49d9e012fa6fba0253f231092ade6f4baf6136629,train
/content/drive/MyDrive/MaizeData/prepared_images/rgb_bilinear_v1_224/c492bd36e1e1297ee9192db83c2350bb164b8da7277b61995c3c9355a213e8ea_224x224.png,/content/drive/MyDrive/MaizeData/BAD_SEED/IMG_20260707_101318.jpg,c492bd36e1e1297ee9192db83c2350bb164b8da7277b61995c3c9355a213e8ea,BAD_SEED,0,c492bd36e1e1297ee9192db83c2350bb164b8da7277b61995c3c9355a213e8ea,train
/content/drive/MyDrive/MaizeData/prepared_images/rgb_bilinear_v1_224/1b696774093e9122dff16f0635b9555d605fe41dc0deaa0595fd61d9c7dee65e_224x224.png,/content/drive/MyDrive/MaizeData/GOOD_SEED/IMG_20260706_100921_1.jpg,1b696774093e9122dff16f0635b9555d605fe41dc0deaa0595fd61d9c7dee65e,GOOD_SEED,1,1b696774093e9122dff16f0635b9555d605fe41dc0deaa0595fd61d9c7dee65e,train
/content/drive/MyDrive/MaizeData/prepared_images/rgb_bilinear_v1_224/fccd41b05ee4c1d00d12e769b92c114c70d7df0b93ff70e922b99120730825d4_224x224.png,/content/drive/MyDrive/MaizeData/BAD_SEED/IMG_20260709_180153.jpg,fccd41b05ee4c1d00d12e769b92c114c70d7df0b93ff70e922b99120730825d4,BAD_SEED,0,fccd41b05ee4c1d00d12e769b92c114c70d7df0b93ff70e922b99120730825d4,train
/content/drive/MyDrive/MaizeData/prepared_images/rgb_bilinear_v1_224/4407100eede8aef74a955c06b8d9297aea8c203f6e20eb79f3f6760a3d79ef07_224x224.png,/content/drive/MyDrive/MaizeData/GOOD_SEED/IMG_20260706_112720.jpg,4407100eede8aef74a955c06b8d9297aea8c203f6e20eb79f3f6760a3d79ef07,GOOD_SEED,1,4407100eede8aef74a955c06b8d9297aea8c203f6e20eb79f3f6760a3d79ef07,train
/content/drive/MyDrive/MaizeData/prepared_images/rgb_bilinear_v1_224/8e97b283197f725928e9b50ead80ffa97280c9ee9fd53f35a39061be24ffebb1_224x224.png,/content/drive/MyDrive/MaizeData/GOOD_SEED/IMG_20260706_111933.jpg,8e97b283197f725928e9b50ead80ffa97280c9ee9fd53f35a39061be24ffebb1,GOOD_SEED,1,8e97b283197f725928e9b50ead80ffa97280c9ee9fd53f35a39061be24ffebb1,train
/content/drive/MyDrive/MaizeData/prepared_images/rgb_bilinear_v1_224/ee0dc1a84d856a97fe0d163f86ba9f8390ca5ccee2f4f9a39a85b83a86b6845a_224x224.png,/content/drive/MyDrive/MaizeData/BAD_SEED/IMG_20260707_085242_1.jpg,ee0dc1a84d856a97fe0d163f86ba9f8390ca5ccee2f4f9a39a85b83a86b6845a,BAD_SEED,0,ee0dc1a84d856a97fe0d163f86ba9f8390ca5ccee2f4f9a39a85b83a86b6845a,train
/content/drive/MyDrive/MaizeData/prepared_images/rgb_bilinear_v1_224/01fe95240acea1aa230e29e0cecf9a513c4ef6ec5fd026eec800580f8a4c7ae1_224x224.png,/content/drive/MyDrive/MaizeData/GOOD_SEED/IMG_20260706_073632_1.jpg,01fe95240acea1aa230e29e0cecf9a513c4ef6ec5fd026eec800580f8a4c7ae1,GOOD_SEED,1,01fe95240acea1aa230e29e0cecf9a513c4ef6ec5fd026eec800580f8a4c7ae1,train
/content/drive/MyDrive/MaizeData/prepared_images/rgb_bilinear_v1_224/b804e30481cdffdac3b3f19cb4f2f3df26a275ff0a8e675c9d257d7a3fa2e5a3_224x224.png,/content/drive/MyDrive/MaizeData/BAD_SEED/IMG_20260709_175805.jpg,b804e30481cdffdac3b3f19cb4f2f3df26a275ff0a8e675c9d257d7a3fa2e5a3,BAD_SEED,0,b804e30481cdffdac3b3f19cb4f2f3df26a275ff0a8e675c9d257d7a3fa2e5a3,train
/content/drive/MyDrive/MaizeData/prepared_images/rgb_bilinear_v1_224/9ef0b5e06ee91642ab954df33fd71e6aaa64359d3f061ed6ec66022c167c9c42_224x224.png,/content/drive/MyDrive/MaizeData/BAD_SEED/IMG_20260709_180141.jpg,9ef0b5e06ee91642ab954df33fd71e6aaa64359d3f061ed6ec66022c167c9c42,BAD_SEED,0,9ef0b5e06ee91642ab954df33fd71e6aaa64359d3f061ed6ec66022c167c9c42,train
/content/drive/MyDrive/MaizeData/prepared_images/rgb_bilinear_v1_224/689dd6cf2477889afe665ab9d5d0ae07a602f4c5d2bbbe77c52d93253259f0cb_224x224.png,/content/drive/MyDrive/MaizeData/BAD_SEED/IMG_20260707_084505_1.jpg,689dd6cf2477889afe665ab9d5d0ae07a602f4c5d2bbbe77c52d93253259f0cb,BAD_SEED,0,689dd6cf2477889afe665ab9d5d0ae07a602f4c5d2bbbe77c52d93253259f0cb,train
/content/drive/MyDrive/MaizeData/prepared_images/rgb_bilinear_v1_224/cdd91bce77b92c920f982c70d17a0c749618ac1764206f5be920b0c1474a602a_224x224.png,/content/drive/MyDrive/MaizeData/GOOD_SEED/IMG_20260706_103838.jpg,cdd91bce77b92c920f982c70d17a0c749618ac1764206f5be920b0c1474a602a,GOOD_SEED,1,cdd91bce77b92c920f982c70d17a0c749618ac1764206f5be920b0c1474a602a,train
/content/drive/MyDrive/MaizeData/prepared_images/rgb_bilinear_v1_224/cc4ffac0f525e598252f9039cee09d4d5ef60b3cf386a057b2c6815270eaa574_224x224.png,/content/drive/MyDrive/MaizeData/BAD_SEED/IMG_20260709_183426.jpg,cc4ffac0f525e598252f9039cee09d4d5ef60b3cf386a057b2c6815270eaa574,BAD_SEED,0,cc4ffac0f525e598252f9039cee09d4d5ef60b3cf386a057b2c6815270eaa574,train
/content/drive/MyDrive/MaizeData/prepared_images/rgb_bilinear_v1_224/4d04094fec8a9fd9bfff7a2130922c2759db09422eb924f570bbb36790df266e_224x224.png,/content/drive/MyDrive/MaizeData/BAD_SEED/IMG_20260707_095223.jpg,4d04094fec8a9fd9bfff7a2130922c2759db09422eb924f570bbb36790df266e,BAD_SEED,0,4d04094fec8a9fd9bfff7a2130922c2759db09422eb924f570bbb36790df266e,train
/content/drive/MyDrive/MaizeData/prepared_images/rgb_bilinear_v1_224/e7a94d94c95417ad3481200d7884505c9e326e24eec429c900f18371e3519add_224x224.png,/content/drive/MyDrive/MaizeData/BAD_SEED/IMG_20260709_093846.jpg,e7a94d94c95417ad3481200d7884505c9e326e24eec429c900f18371e3519add,BAD_SEED,0,e7a94d94c95417ad3481200d7884505c9e326e24eec429c900f18371e3519add,train
/content/drive/MyDrive/MaizeData/prepared_images/rgb_bilinear_v1_224/5fdedc045a63ae6bc1c03e4de2d95c4182600b4c80d4d54fec19339fc409eca2_224x224.png,/content/drive/MyDrive/MaizeData/BAD_SEED/IMG_20260707_094328.jpg,5fdedc045a63ae6bc1c03e4de2d95c4182600b4c80d4d54fec19339fc409eca2,BAD_SEED,0,5fdedc045a63ae6bc1c03e4de2d95c4182600b4c80d4d54fec19339fc409eca2,train
/content/drive/MyDrive/MaizeData/prepared_images/rgb_bilinear_v1_224/71283d3f898df439a4edf6d970d53ccd251be35e3caf2cc7c31bbcef9bd46524_224x224.png,/content/drive/MyDrive/MaizeData/GOOD_SEED/IMG_20260706_102848.jpg,71283d3f898df439a4edf6d970d53ccd251be35e3caf2cc7c31bbcef9bd46524,GOOD_SEED,1,71283d3f898df439a4edf6d970d53ccd251be35e3caf2cc7c31bbcef9bd46524,train
/content/drive/MyDrive/MaizeData/prepared_images/rgb_bilinear_v1_224/5ead56aaa9baedb4992fac61fe44e785e1b3c6de4291bb51470b958c1e50efbe_224x224.png,/content/drive/MyDrive/MaizeData/GOOD_SEED/IMG_20260706_074935.jpg,5ead56aaa9baedb4992fac61fe44e785e1b3c6de4291bb51470b958c1e50efbe,GOOD_SEED,1,5ead56aaa9baedb4992fac61fe44e785e1b3c6de4291bb51470b958c1e50efbe,train
/content/drive/MyDrive/MaizeData/prepared_images/rgb_bilinear_v1_224/3ef5f891f939dd1946dcbf49593288b3b81d454504c06c339d3942d8588c592a_224x224.png,/content/drive/MyDrive/MaizeData/BAD_SEED/IMG_20260707_092929.jpg,3ef5f891f939dd1946dcbf49593288b3b81d454504c06c339d3942d8588c592a,BAD_SEED,0,3ef5f891f939dd1946dcbf49593288b3b81d454504c06c339d3942d8588c592a,train
/content/drive/MyDrive/MaizeData/prepared_images/rgb_bilinear_v1_224/fed78c07f6c637ca42fc2c875a0bbd79486967b6852bd019c27d508c89fbd40c_224x224.png,/content/drive/MyDrive/MaizeData/BAD_SEED/IMG_20260709_091503.jpg,fed78c07f6c637ca42fc2c875a0bbd79486967b6852bd019c27d508c89fbd40c,BAD_SEED,0,fed78c07f6c637ca42fc2c875a0bbd79486967b6852bd019c27d508c89fbd40c,train
/content/drive/MyDrive/MaizeData/prepared_images/rgb_bilinear_v1_224/5480ec8242c2b5195ed8d50a6ec9f6477c59cdca27a1d9222bce56b507d64ae1_224x224.png,/content/drive/MyDrive/MaizeData/BAD_SEED/IMG_20260709_174048.jpg,5480ec8242c2b5195ed8d50a6ec9f6477c59cdca27a1d9222bce56b507d64ae1,BAD_SEED,0,5480ec8242c2b5195ed8d50a6ec9f6477c59cdca27a1d9222bce56b507d64ae1,train
/content/drive/MyDrive/MaizeData/prepared_images/rgb_bilinear_v1_224/08c46cbcf297b6c7fcc6809e5a5966f0c6aec36e892e2c41e3418a3b0f61e389_224x224.png,/content/drive/MyDrive/MaizeData/BAD_SEED/IMG_20260709_175936.jpg,08c46cbcf297b6c7fcc6809e5a5966f0c6aec36e892e2c41e3418a3b0f61e389,BAD_SEED,0,08c46cbcf297b6c7fcc6809e5a5966f0c6aec36e892e2c41e3418a3b0f61e389,train
/content/drive/MyDrive/MaizeData/prepared_images/rgb_bilinear_v1_224/06c8176afa59c37edbb4052458139d103c46ff97ef501b80ca63cb8ba2ff1735_224x224.png,/content/drive/MyDrive/MaizeData/BAD_SEED/IMG_20260707_101340.jpg,06c8176afa59c37edbb4052458139d103c46ff97ef501b80ca63cb8ba2ff1735,BAD_SEED,0,06c8176afa59c37edbb4052458139d103c46ff97ef501b80ca63cb8ba2ff1735,train
/content/drive/MyDrive/MaizeData/prepared_images/rgb_bilinear_v1_224/3f4c8c0cff150e867cfc8a37eede4fa4ddc218cf7364fd6ee54b6af3e70378fc_224x224.png,/content/drive/MyDrive/MaizeData/BAD_SEED/IMG_20260709_173906_1.jpg,3f4c8c0cff150e867cfc8a37eede4fa4ddc218cf7364fd6ee54b6af3e70378fc,BAD_SEED,0,3f4c8c0cff150e867cfc8a37eede4fa4ddc218cf7364fd6ee54b6af3e70378fc,train
/content/drive/MyDrive/MaizeData/prepared_images/rgb_bilinear_v1_224/344344eeb23e59f3c00fbc0d41d3c5e41428e58685257b224c9d6b4fdc224372_224x224.png,/content/drive/MyDrive/MaizeData/GOOD_SEED/IMG_20260706_083834.jpg,344344eeb23e59f3c00fbc0d41d3c5e41428e58685257b224c9d6b4fdc224372,GOOD_SEED,1,344344eeb23e59f3c00fbc0d41d3c5e41428e58685257b224c9d6b4fdc224372,train
/content/drive/MyDrive/MaizeData/prepared_images/rgb_bilinear_v1_224/3e711107919e3c355687ece294cc171394dbe63b39855827dd602a3ec2717140_224x224.png,/content/drive/MyDrive/MaizeData/BAD_SEED/IMG_20260709_174807.jpg,3e711107919e3c355687ece294cc171394dbe63b39855827dd602a3ec2717140,BAD_SEED,0,3e711107919e3c355687ece294cc171394dbe63b39855827dd602a3ec2717140,train
/content/drive/MyDrive/MaizeData/prepared_images/rgb_bilinear_v1_224/7fb3712cac635b984bb2082bdc2b832a924074775decaccb13b92dcb9f282aaa_224x224.png,/content/drive/MyDrive/MaizeData/BAD_SEED/IMG_20260709_185514.jpg,7fb3712cac635b984bb2082bdc2b832a924074775decaccb13b92dcb9f282aaa,BAD_SEED,0,7fb3712cac635b984bb2082bdc2b832a924074775decaccb13b92dcb9f282aaa,train
/content/drive/MyDrive/MaizeData/prepared_images/rgb_bilinear_v1_224/c776c4d6b065611babb546e62377b248923b0c94e40ca1772a1319414d976624_224x224.png,/content/drive/MyDrive/MaizeData/GOOD_SEED/IMG_20260706_085728.jpg,c776c4d6b065611babb546e62377b248923b0c94e40ca1772a1319414d976624,GOOD_SEED,1,c776c4d6b065611babb546e62377b248923b0c94e40ca1772a1319414d976624,train
/content/drive/MyDrive/MaizeData/prepared_images/rgb_bilinear_v1_224/6b2e89503909748cd4d07d0ea76e4b60b84cd61ab75980b76172b240f1524e06_224x224.png,/content/drive/MyDrive/MaizeData/GOOD_SEED/IMG_20260706_100820.jpg,6b2e89503909748cd4d07d0ea76e4b60b84cd61ab75980b76172b240f1524e06,GOOD_SEED,1,6b2e89503909748cd4d07d0ea76e4b60b84cd61ab75980b76172b240f1524e06,train
/content/drive/MyDrive/MaizeData/prepared_images/rgb_bilinear_v1_224/68ebf0683f7b33ee685a7dec0ca5410d9812f8c0ae519d8399dfea6968260bb1_224x224.png,/content/drive/MyDrive/MaizeData/BAD_SEED/IMG_20260709_183240.jpg,68ebf0683f7b33ee685a7dec0ca5410d9812f8c0ae519d8399dfea6968260bb1,BAD_SEED,0,68ebf0683f7b33ee685a7dec0ca5410d9812f8c0ae519d8399dfea6968260bb1,train
/content/drive/MyDrive/MaizeData/prepared_images/rgb_bilinear_v1_224/b3fc994f7c59bb9cfc0c0ba5ba10d85207187b10c6030aafadee1322aed96bdd_224x224.png,/content/drive/MyDrive/MaizeData/BAD_SEED/IMG_20260707_093327_1.jpg,b3fc994f7c59bb9cfc0c0ba5ba10d85207187b10c6030aafadee1322aed96bdd,BAD_SEED,0,b3fc994f7c59bb9cfc0c0ba5ba10d85207187b10c6030aafadee1322aed96bdd,train
/content/drive/MyDrive/MaizeData/prepared_images/rgb_bilinear_v1_224/90db976377358641a2c40d4c43a67682a588271bd4555e4a8a034a3605386b09_224x224.png,/content/drive/MyDrive/MaizeData/NO_MAIZE/IMG_5573.jpg,90db976377358641a2c40d4c43a67682a588271bd4555e4a8a034a3605386b09,NO_MAIZE,2,90db976377358641a2c40d4c43a67682a588271bd4555e4a8a034a3605386b09,train
/content/drive/MyDrive/MaizeData/prepared_images/rgb_bilinear_v1_224/354cbf1820f7716591ee169e88655c6fe0177548ac66c3b9f506fd9371a3f189_224x224.png,/content/drive/MyDrive/MaizeData/BAD_SEED/IMG_20260707_091709.jpg,354cbf1820f7716591ee169e88655c6fe0177548ac66c3b9f506fd9371a3f189,BAD_SEED,0,354cbf1820f7716591ee169e88655c6fe0177548ac66c3b9f506fd9371a3f189,train
/content/drive/MyDrive/MaizeData/prepared_images/rgb_bilinear_v1_224/20bb9ff8ad16bf9b511253b91eebfbec27d5ad3db64c1a25f18d7607a6399c48_224x224.png,/content/drive/MyDrive/MaizeData/GOOD_SEED/IMG_20260706_102543.jpg,20bb9ff8ad16bf9b511253b91eebfbec27d5ad3db64c1a25f18d7607a6399c48,GOOD_SEED,1,20bb9ff8ad16bf9b511253b91eebfbec27d5ad3db64c1a25f18d7607a6399c48,train
/content/drive/MyDrive/MaizeData/prepared_images/rgb_bilinear_v1_224/ad132e7f98116b59258462cf1057add21e16c318391057af5625bf650fc8eb7d_224x224.png,/content/drive/MyDrive/MaizeData/NO_MAIZE/IMG_5579.jpg,ad132e7f98116b59258462cf1057add21e16c318391057af5625bf650fc8eb7d,NO_MAIZE,2,ad132e7f98116b59258462cf1057add21e16c318391057af5625bf650fc8eb7d,train
/content/drive/MyDrive/MaizeData/prepared_images/rgb_bilinear_v1_224/333e9f02ab1b954881fe73b1c7244cf55d1d2f880ca72a3a29965b943730fea4_224x224.png,/content/drive/MyDrive/MaizeData/GOOD_SEED/IMG_20260706_073100.jpg,333e9f02ab1b954881fe73b1c7244cf55d1d2f880ca72a3a29965b943730fea4,GOOD_SEED,1,333e9f02ab1b954881fe73b1c7244cf55d1d2f880ca72a3a29965b943730fea4,train
/content/drive/MyDrive/MaizeData/prepared_images/rgb_bilinear_v1_224/f09e3e7f9475a4113ecb57c5a3a6f61bd3cbd9cd614b5e66fe9de75c27ad934a_224x224.png,/content/drive/MyDrive/MaizeData/NO_MAIZE/IMG_5535.jpg,f09e3e7f9475a4113ecb57c5a3a6f61bd3cbd9cd614b5e66fe9de75c27ad934a,NO_MAIZE,2,f09e3e7f9475a4113ecb57c5a3a6f61bd3cbd9cd614b5e66fe9de75c27ad934a,train
/content/drive/MyDrive/MaizeData/prepared_images/rgb_bilinear_v1_224/daf6eee490a38ef954dfb91468d3354422c1e2d30d0317403b74b67ee96f4099_224x224.png,/content/drive/MyDrive/MaizeData/GOOD_SEED/IMG_20260706_072858.jpg,daf6eee490a38ef954dfb91468d3354422c1e2d30d0317403b74b67ee96f4099,GOOD_SEED,1,daf6eee490a38ef954dfb91468d3354422c1e2d30d0317403b74b67ee96f4099,train
/content/drive/MyDrive/MaizeData/prepared_images/rgb_bilinear_v1_224/d696af53c6d19b2fb341d63a1be30a788446c976def2d2987239591f55590739_224x224.png,/content/drive/MyDrive/MaizeData/BAD_SEED/IMG_20260709_173718.jpg,d696af53c6d19b2fb341d63a1be30a788446c976def2d2987239591f55590739,BAD_SEED,0,d696af53c6d19b2fb341d63a1be30a788446c976def2d2987239591f55590739,train
/content/drive/MyDrive/MaizeData/prepared_images/rgb_bilinear_v1_224/cd287a77c41ee7cfd0c74491827d1a9c90fc504a264a5d59c6c79f82c8bf3a9b_224x224.png,/content/drive/MyDrive/MaizeData/BAD_SEED/IMG_20260709_095201_1.jpg,cd287a77c41ee7cfd0c74491827d1a9c90fc504a264a5d59c6c79f82c8bf3a9b,BAD_SEED,0,cd287a77c41ee7cfd0c74491827d1a9c90fc504a264a5d59c6c79f82c8bf3a9b,train
/content/drive/MyDrive/MaizeData/prepared_images/rgb_bilinear_v1_224/ec8fd6e59e57c0c05a1e8e880c32eea463ff88d4d9e8015d097c8b92b0b53fd0_224x224.png,/content/drive/MyDrive/MaizeData/BAD_SEED/IMG_20260707_094226.jpg,ec8fd6e59e57c0c05a1e8e880c32eea463ff88d4d9e8015d097c8b92b0b53fd0,BAD_SEED,0,ec8fd6e59e57c0c05a1e8e880c32eea463ff88d4d9e8015d097c8b92b0b53fd0,train
/content/drive/MyDrive/MaizeData/prepared_images/rgb_bilinear_v1_224/e940a74fab8ab6c1f58b8a9c91853d7e06996567d3830d95aff3e1baaee10fbd_224x224.png,/content/drive/MyDrive/MaizeData/GOOD_SEED/IMG_20260706_095611.jpg,e940a74fab8ab6c1f58b8a9c91853d7e06996567d3830d95aff3e1baaee10fbd,GOOD_SEED,1,e940a74fab8ab6c1f58b8a9c91853d7e06996567d3830d95aff3e1baaee10fbd,train
/content/drive/MyDrive/MaizeData/prepared_images/rgb_bilinear_v1_224/2ae214487127f89aa030ab815c3b8e8c069fff88e0f446cf8fa9dd609eb9f0c5_224x224.png,/content/drive/MyDrive/MaizeData/GOOD_SEED/IMG_20260706_113542.jpg,2ae214487127f89aa030ab815c3b8e8c069fff88e0f446cf8fa9dd609eb9f0c5,GOOD_SEED,1,2ae214487127f89aa030ab815c3b8e8c069fff88e0f446cf8fa9dd609eb9f0c5,train
/content/drive/MyDrive/MaizeData/prepared_images/rgb_bilinear_v1_224/4516a471bb16b0f89054f7b0dd1b2d253c3e4d38baef6f1df5fc85ab771ff6ee_224x224.png,/content/drive/MyDrive/MaizeData/BAD_SEED/IMG_20260709_183331.jpg,4516a471bb16b0f89054f7b0dd1b2d253c3e4d38baef6f1df5fc85ab771ff6ee,BAD_SEED,0,4516a471bb16b0f89054f7b0dd1b2d253c3e4d38baef6f1df5fc85ab771ff6ee,train
/content/drive/MyDrive/MaizeData/prepared_images/rgb_bilinear_v1_224/afd113835710e0d7faa618c3303b9fd9e5ca75caea032ebf67b8bd2a5ae37147_224x224.png,/content/drive/MyDrive/MaizeData/BAD_SEED/IMG_20260709_093135.jpg,afd113835710e0d7faa618c3303b9fd9e5ca75caea032ebf67b8bd2a5ae37147,BAD_SEED,0,afd113835710e0d7faa618c3303b9fd9e5ca75caea032ebf67b8bd2a5ae37147,train
/content/drive/MyDrive/MaizeData/prepared_images/rgb_bilinear_v1_224/37dd0665949f2f650c26c2b818743e408a30d22d678d18b59f706c3edb691944_224x224.png,/content/drive/MyDrive/MaizeData/GOOD_SEED/IMG_20260706_073304.jpg,37dd0665949f2f650c26c2b818743e408a30d22d678d18b59f706c3edb691944,GOOD_SEED,1,37dd0665949f2f650c26c2b818743e408a30d22d678d18b59f706c3edb691944,train
/content/drive/MyDrive/MaizeData/prepared_images/rgb_bilinear_v1_224/6e7f57a2ec2f765d0064186be2af149cc0c2cb1ff4dcb83ebfa6496b162cc0d7_224x224.png,/content/drive/MyDrive/MaizeData/BAD_SEED/IMG_20260709_180259.jpg,6e7f57a2ec2f765d0064186be2af149cc0c2cb1ff4dcb83ebfa6496b162cc0d7,BAD_SEED,0,6e7f57a2ec2f765d0064186be2af149cc0c2cb1ff4dcb83ebfa6496b162cc0d7,train
/content/drive/MyDrive/MaizeData/prepared_images/rgb_bilinear_v1_224/3b738b1f0cb4cd37265e76739185113e0a5ee685006e930e68a3f2ad17b12ff7_224x224.png,/content/drive/MyDrive/MaizeData/GOOD_SEED/IMG_20260706_075148.jpg,3b738b1f0cb4cd37265e76739185113e0a5ee685006e930e68a3f2ad17b12ff7,GOOD_SEED,1,3b738b1f0cb4cd37265e76739185113e0a5ee685006e930e68a3f2ad17b12ff7,train
/content/drive/MyDrive/MaizeData/prepared_images/rgb_bilinear_v1_224/58303e206a7d22d342f8c4bc357c304717d039c9eff74035f00e2dd00e3fdcfe_224x224.png,/content/drive/MyDrive/MaizeData/BAD_SEED/IMG_20260709_185450.jpg,58303e206a7d22d342f8c4bc357c304717d039c9eff74035f00e2dd00e3fdcfe,BAD_SEED,0,58303e206a7d22d342f8c4bc357c304717d039c9eff74035f00e2dd00e3fdcfe,train
/content/drive/MyDrive/MaizeData/prepared_images/rgb_bilinear_v1_224/bf5aefa3b470df591aa699252690948f53ae7a5384b87f4639b3cbd2846a9206_224x224.png,/content/drive/MyDrive/MaizeData/BAD_SEED/IMG_20260707_085404.jpg,bf5aefa3b470df591aa699252690948f53ae7a5384b87f4639b3cbd2846a9206,BAD_SEED,0,bf5aefa3b470df591aa699252690948f53ae7a5384b87f4639b3cbd2846a9206,train
/content/drive/MyDrive/MaizeData/prepared_images/rgb_bilinear_v1_224/073585ae9e4f8900fed74d89e1346d42f31fbca3e3d876f7f2d96359d2a57c90_224x224.png,/content/drive/MyDrive/MaizeData/GOOD_SEED/IMG_20260706_074917.jpg,073585ae9e4f8900fed74d89e1346d42f31fbca3e3d876f7f2d96359d2a57c90,GOOD_SEED,1,073585ae9e4f8900fed74d89e1346d42f31fbca3e3d876f7f2d96359d2a57c90,train
/content/drive/MyDrive/MaizeData/prepared_images/rgb_bilinear_v1_224/590ca3bd0aeaf5655ed2791131e6f305b18befe0da215d4cb0272e2766a44d89_224x224.png,/content/drive/MyDrive/MaizeData/BAD_SEED/IMG_20260709_091425.jpg,590ca3bd0aeaf5655ed2791131e6f305b18befe0da215d4cb0272e2766a44d89,BAD_SEED,0,590ca3bd0aeaf5655ed2791131e6f305b18befe0da215d4cb0272e2766a44d89,train
/content/drive/MyDrive/MaizeData/prepared_images/rgb_bilinear_v1_224/ef375d7190b60c079952bfcf82c99fad1e9bde5793ede0195389d9e3fc13909d_224x224.png,/content/drive/MyDrive/MaizeData/BAD_SEED/IMG_20260709_174614.jpg,ef375d7190b60c079952bfcf82c99fad1e9bde5793ede0195389d9e3fc13909d,BAD_SEED,0,ef375d7190b60c079952bfcf82c99fad1e9bde5793ede0195389d9e3fc13909d,train
/content/drive/MyDrive/MaizeData/prepared_images/rgb_bilinear_v1_224/965aa5389d6c038a335d4232656ef9fee6fa55f140608deb359d02938363d430_224x224.png,/content/drive/MyDrive/MaizeData/GOOD_SEED/IMG_20260706_081302.jpg,965aa5389d6c038a335d4232656ef9fee6fa55f140608deb359d02938363d430,GOOD_SEED,1,965aa5389d6c038a335d4232656ef9fee6fa55f140608deb359d02938363d430,train
/content/drive/MyDrive/MaizeData/prepared_images/rgb_bilinear_v1_224/a97174cce6066102d3a026143ccc86c74dee12e3a1830b106b5a810f7f19b5b2_224x224.png,/content/drive/MyDrive/MaizeData/NO_MAIZE/IMG_5614.jpg,a97174cce6066102d3a026143ccc86c74dee12e3a1830b106b5a810f7f19b5b2,NO_MAIZE,2,a97174cce6066102d3a026143ccc86c74dee12e3a1830b106b5a810f7f19b5b2,train
/content/drive/MyDrive/MaizeData/prepared_images/rgb_bilinear_v1_224/19190dd373bd7f5ca2ca515b4a1f7d230e1b7fddc17113980069fc2343a04734_224x224.png,/content/drive/MyDrive/MaizeData/BAD_SEED/IMG_20260707_094440.jpg,19190dd373bd7f5ca2ca515b4a1f7d230e1b7fddc17113980069fc2343a04734,BAD_SEED,0,19190dd373bd7f5ca2ca515b4a1f7d230e1b7fddc17113980069fc2343a04734,train
/content/drive/MyDrive/MaizeData/prepared_images/rgb_bilinear_v1_224/1ce24ae142fe2541ced4393334de19084b970ccb05ca04202da3d7b72b6119ce_224x224.png,/content/drive/MyDrive/MaizeData/GOOD_SEED/IMG_20260706_102333.jpg,1ce24ae142fe2541ced4393334de19084b970ccb05ca04202da3d7b72b6119ce,GOOD_SEED,1,1ce24ae142fe2541ced4393334de19084b970ccb05ca04202da3d7b72b6119ce,train
/content/drive/MyDrive/MaizeData/prepared_images/rgb_bilinear_v1_224/215c821a8afb4fcc8a4401ef022ca80d1c4a15f9bcb61eef802ac84390dd6014_224x224.png,/content/drive/MyDrive/MaizeData/BAD_SEED/IMG_20260707_093941.jpg,215c821a8afb4fcc8a4401ef022ca80d1c4a15f9bcb61eef802ac84390dd6014,BAD_SEED,0,215c821a8afb4fcc8a4401ef022ca80d1c4a15f9bcb61eef802ac84390dd6014,train
/content/drive/MyDrive/MaizeData/prepared_images/rgb_bilinear_v1_224/e3999317e0478fb9e3de0d942386f08b3f177f477e605f8ec8349e08f79b777f_224x224.png,/content/drive/MyDrive/MaizeData/NO_MAIZE/IMG_5537.jpg,e3999317e0478fb9e3de0d942386f08b3f177f477e605f8ec8349e08f79b777f,NO_MAIZE,2,e3999317e0478fb9e3de0d942386f08b3f177f477e605f8ec8349e08f79b777f,train
/content/drive/MyDrive/MaizeData/prepared_images/rgb_bilinear_v1_224/fd563c54d43c5afe4515895a6e1b185a6f0b510f4ddccaee52d7e53f6286d89d_224x224.png,/content/drive/MyDrive/MaizeData/BAD_SEED/IMG_20260709_093826.jpg,fd563c54d43c5afe4515895a6e1b185a6f0b510f4ddccaee52d7e53f6286d89d,BAD_SEED,0,fd563c54d43c5afe4515895a6e1b185a6f0b510f4ddccaee52d7e53f6286d89d,train
/content/drive/MyDrive/MaizeData/prepared_images/rgb_bilinear_v1_224/3ac2a77ccccc6a31006c1db4adf5248b4f84ad697e991e1ce8f131699e03262a_224x224.png,/content/drive/MyDrive/MaizeData/GOOD_SEED/IMG_20260706_073048.jpg,3ac2a77ccccc6a31006c1db4adf5248b4f84ad697e991e1ce8f131699e03262a,GOOD_SEED,1,3ac2a77ccccc6a31006c1db4adf5248b4f84ad697e991e1ce8f131699e03262a,train
/content/drive/MyDrive/MaizeData/prepared_images/rgb_bilinear_v1_224/7eb1a789ce77a89bbb6095f67772e291a55b850250c72965a6d7c14a0536c3d3_224x224.png,/content/drive/MyDrive/MaizeData/GOOD_SEED/IMG_20260706_074753.jpg,7eb1a789ce77a89bbb6095f67772e291a55b850250c72965a6d7c14a0536c3d3,GOOD_SEED,1,7eb1a789ce77a89bbb6095f67772e291a55b850250c72965a6d7c14a0536c3d3,train
/content/drive/MyDrive/MaizeData/prepared_images/rgb_bilinear_v1_224/e4ef0a6ee1adb2903226170f9b18268ff979012b126fb6cb71e186bbd928f25f_224x224.png,/content/drive/MyDrive/MaizeData/GOOD_SEED/IMG_20260706_083213.jpg,e4ef0a6ee1adb2903226170f9b18268ff979012b126fb6cb71e186bbd928f25f,GOOD_SEED,1,e4ef0a6ee1adb2903226170f9b18268ff979012b126fb6cb71e186bbd928f25f,train
/content/drive/MyDrive/MaizeData/prepared_images/rgb_bilinear_v1_224/99c4d4688f9621b9705127dd7afc7f31b69ff4bb2b86168f85913d50acb9f1f4_224x224.png,/content/drive/MyDrive/MaizeData/GOOD_SEED/IMG_20260706_084325.jpg,99c4d4688f9621b9705127dd7afc7f31b69ff4bb2b86168f85913d50acb9f1f4,GOOD_SEED,1,99c4d4688f9621b9705127dd7afc7f31b69ff4bb2b86168f85913d50acb9f1f4,train
/content/drive/MyDrive/MaizeData/prepared_images/rgb_bilinear_v1_224/92d9d1e403a365c09a3ac1930a91ab5c338c27c64eb56d3cd2fe148b696e459e_224x224.png,/content/drive/MyDrive/MaizeData/BAD_SEED/IMG_20260709_174534.jpg,92d9d1e403a365c09a3ac1930a91ab5c338c27c64eb56d3cd2fe148b696e459e,BAD_SEED,0,92d9d1e403a365c09a3ac1930a91ab5c338c27c64eb56d3cd2fe148b696e459e,train
/content/drive/MyDrive/MaizeData/prepared_images/rgb_bilinear_v1_224/ee498733c61f513858c25537f8f77b6aa5170c010247c1ff79f50e0953d6b7ce_224x224.png,/content/drive/MyDrive/MaizeData/BAD_SEED/IMG_20260707_085031_1.jpg,ee498733c61f513858c25537f8f77b6aa5170c010247c1ff79f50e0953d6b7ce,BAD_SEED,0,ee498733c61f513858c25537f8f77b6aa5170c010247c1ff79f50e0953d6b7ce,train
/content/drive/MyDrive/MaizeData/prepared_images/rgb_bilinear_v1_224/b49bdc6a589afa75f7f6c4498a0bdb2a369d1d6f93d29bef8aec3c5761222c00_224x224.png,/content/drive/MyDrive/MaizeData/BAD_SEED/IMG_20260707_090235_1.jpg,b49bdc6a589afa75f7f6c4498a0bdb2a369d1d6f93d29bef8aec3c5761222c00,BAD_SEED,0,b49bdc6a589afa75f7f6c4498a0bdb2a369d1d6f93d29bef8aec3c5761222c00,train
/content/drive/MyDrive/MaizeData/prepared_images/rgb_bilinear_v1_224/d7b52e64655535bb9dd03a823062897327b723c6d63a9f1a488ca85799a31278_224x224.png,/content/drive/MyDrive/MaizeData/BAD_SEED/IMG_20260709_180346.jpg,d7b52e64655535bb9dd03a823062897327b723c6d63a9f1a488ca85799a31278,BAD_SEED,0,d7b52e64655535bb9dd03a823062897327b723c6d63a9f1a488ca85799a31278,train
/content/drive/MyDrive/MaizeData/prepared_images/rgb_bilinear_v1_224/722fc784ed6c9ec67c15d8d3f34d27cb86c8686c4dba39d9363db49026c97a5a_224x224.png,/content/drive/MyDrive/MaizeData/GOOD_SEED/IMG_20260706_080213.jpg,722fc784ed6c9ec67c15d8d3f34d27cb86c8686c4dba39d9363db49026c97a5a,GOOD_SEED,1,722fc784ed6c9ec67c15d8d3f34d27cb86c8686c4dba39d9363db49026c97a5a,train
/content/drive/MyDrive/MaizeData/prepared_images/rgb_bilinear_v1_224/5a01461b96e0955899dea5df55bbd4ad86d1cfc393bedc18492e5700815e20ef_224x224.png,/content/drive/MyDrive/MaizeData/BAD_SEED/IMG_20260709_185154.jpg,5a01461b96e0955899dea5df55bbd4ad86d1cfc393bedc18492e5700815e20ef,BAD_SEED,0,5a01461b96e0955899dea5df55bbd4ad86d1cfc393bedc18492e5700815e20ef,train
/content/drive/MyDrive/MaizeData/prepared_images/rgb_bilinear_v1_224/c4ebb987e0b7c376eb528f98537d9d9d23e140e197ad12d2edffbad5451bae38_224x224.png,/content/drive/MyDrive/MaizeData/BAD_SEED/IMG_20260707_084917.jpg,c4ebb987e0b7c376eb528f98537d9d9d23e140e197ad12d2edffbad5451bae38,BAD_SEED,0,c4ebb987e0b7c376eb528f98537d9d9d23e140e197ad12d2edffbad5451bae38,train
/content/drive/MyDrive/MaizeData/prepared_images/rgb_bilinear_v1_224/29af35c308ef41e4b5ca43012f74c966f60544602955298a013813313a3f1cf2_224x224.png,/content/drive/MyDrive/MaizeData/GOOD_SEED/IMG_20260706_080226.jpg,29af35c308ef41e4b5ca43012f74c966f60544602955298a013813313a3f1cf2,GOOD_SEED,1,29af35c308ef41e4b5ca43012f74c966f60544602955298a013813313a3f1cf2,train
/content/drive/MyDrive/MaizeData/prepared_images/rgb_bilinear_v1_224/84863bfe6fd94a16f6fa3ae379dbb8b2513b40d145ac96e488c7338877653c39_224x224.png,/content/drive/MyDrive/MaizeData/BAD_SEED/IMG_20260709_091652.jpg,84863bfe6fd94a16f6fa3ae379dbb8b2513b40d145ac96e488c7338877653c39,BAD_SEED,0,84863bfe6fd94a16f6fa3ae379dbb8b2513b40d145ac96e488c7338877653c39,train
/content/drive/MyDrive/MaizeData/prepared_images/rgb_bilinear_v1_224/03f5198723e9d56bcdfb107e30bed808d933bba83684f03fc29ac076cb3c43e1_224x224.png,/content/drive/MyDrive/MaizeData/GOOD_SEED/IMG_20260706_114113_1.jpg,03f5198723e9d56bcdfb107e30bed808d933bba83684f03fc29ac076cb3c43e1,GOOD_SEED,1,03f5198723e9d56bcdfb107e30bed808d933bba83684f03fc29ac076cb3c43e1,train
/content/drive/MyDrive/MaizeData/prepared_images/rgb_bilinear_v1_224/ccd9528f1b33169cdce736ecd8f38bd4305e410c66dcc2e931e2de5b821c6e88_224x224.png,/content/drive/MyDrive/MaizeData/BAD_SEED/IMG_20260707_095530.jpg,ccd9528f1b33169cdce736ecd8f38bd4305e410c66dcc2e931e2de5b821c6e88,BAD_SEED,0,ccd9528f1b33169cdce736ecd8f38bd4305e410c66dcc2e931e2de5b821c6e88,train
/content/drive/MyDrive/MaizeData/prepared_images/rgb_bilinear_v1_224/6a8b500cbee06acf99a6ff4ce66a1a5025762c6be85846b5c3b59537fa3ae601_224x224.png,/content/drive/MyDrive/MaizeData/BAD_SEED/IMG_20260709_091040.jpg,6a8b500cbee06acf99a6ff4ce66a1a5025762c6be85846b5c3b59537fa3ae601,BAD_SEED,0,6a8b500cbee06acf99a6ff4ce66a1a5025762c6be85846b5c3b59537fa3ae601,train
/content/drive/MyDrive/MaizeData/prepared_images/rgb_bilinear_v1_224/1938db98689b1c403558434fa11ad4f66da83881878b91b550aadcbe262c3061_224x224.png,/content/drive/MyDrive/MaizeData/GOOD_SEED/IMG_20260706_103515_1.jpg,1938db98689b1c403558434fa11ad4f66da83881878b91b550aadcbe262c3061,GOOD_SEED,1,1938db98689b1c403558434fa11ad4f66da83881878b91b550aadcbe262c3061,train
/content/drive/MyDrive/MaizeData/prepared_images/rgb_bilinear_v1_224/c0aa82737a30e5cf8d6b190ae84529b70cce2d66a8ff04553a5e5be68c37cbda_224x224.png,/content/drive/MyDrive/MaizeData/BAD_SEED/IMG_20260707_101245_1.jpg,c0aa82737a30e5cf8d6b190ae84529b70cce2d66a8ff04553a5e5be68c37cbda,BAD_SEED,0,c0aa82737a30e5cf8d6b190ae84529b70cce2d66a8ff04553a5e5be68c37cbda,train
/content/drive/MyDrive/MaizeData/prepared_images/rgb_bilinear_v1_224/35f3a94d58e080c2c99809d9a7de2da846aa6d541030db4a986bfc2c3bc23eaa_224x224.png,/content/drive/MyDrive/MaizeData/GOOD_SEED/IMG_20260706_081736.jpg,35f3a94d58e080c2c99809d9a7de2da846aa6d541030db4a986bfc2c3bc23eaa,GOOD_SEED,1,35f3a94d58e080c2c99809d9a7de2da846aa6d541030db4a986bfc2c3bc23eaa,train
/content/drive/MyDrive/MaizeData/prepared_images/rgb_bilinear_v1_224/42d91b32dd5a7cf337bbeac682bd59cc07330dc23a2cecbf43cb8b78857e379b_224x224.png,/content/drive/MyDrive/MaizeData/GOOD_SEED/IMG_20260706_073714.jpg,42d91b32dd5a7cf337bbeac682bd59cc07330dc23a2cecbf43cb8b78857e379b,GOOD_SEED,1,42d91b32dd5a7cf337bbeac682bd59cc07330dc23a2cecbf43cb8b78857e379b,train
/content/drive/MyDrive/MaizeData/prepared_images/rgb_bilinear_v1_224/42bd3fa98b61f7b040073c9330744f668864dd59b7c489db6e7a0db3cc7a25e0_224x224.png,/content/drive/MyDrive/MaizeData/BAD_SEED/IMG_20260707_084732.jpg,42bd3fa98b61f7b040073c9330744f668864dd59b7c489db6e7a0db3cc7a25e0,BAD_SEED,0,42bd3fa98b61f7b040073c9330744f668864dd59b7c489db6e7a0db3cc7a25e0,train
/content/drive/MyDrive/MaizeData/prepared_images/rgb_bilinear_v1_224/1eb9d1ad42af232c8dcebcc9d9066005fa2c51a421f6bc62a3dea72ffd700785_224x224.png,/content/drive/MyDrive/MaizeData/BAD_SEED/IMG_20260709_184424.jpg,1eb9d1ad42af232c8dcebcc9d9066005fa2c51a421f6bc62a3dea72ffd700785,BAD_SEED,0,1eb9d1ad42af232c8dcebcc9d9066005fa2c51a421f6bc62a3dea72ffd700785,train
/content/drive/MyDrive/MaizeData/prepared_images/rgb_bilinear_v1_224/8ab3051d5c26e2a3176357a9bba71b220363f99e93497feeba225184e9c999c8_224x224.png,/content/drive/MyDrive/MaizeData/NO_MAIZE/IMG_5551.jpg,8ab3051d5c26e2a3176357a9bba71b220363f99e93497feeba225184e9c999c8,NO_MAIZE,2,8ab3051d5c26e2a3176357a9bba71b220363f99e93497feeba225184e9c999c8,train
/content/drive/MyDrive/MaizeData/prepared_images/rgb_bilinear_v1_224/ca75f06c4e09c66e71e792688ce04aa2a655f7c6f48d2c4eeeb9f379dd13dd80_224x224.png,/content/drive/MyDrive/MaizeData/BAD_SEED/IMG_20260707_083922.jpg,ca75f06c4e09c66e71e792688ce04aa2a655f7c6f48d2c4eeeb9f379dd13dd80,BAD_SEED,0,ca75f06c4e09c66e71e792688ce04aa2a655f7c6f48d2c4eeeb9f379dd13dd80,train
/content/drive/MyDrive/MaizeData/prepared_images/rgb_bilinear_v1_224/0e06e1142bad2c8b524eaaac75ad79fbae5b9479e3b4b2f87a220a7523a269bf_224x224.png,/content/drive/MyDrive/MaizeData/BAD_SEED/IMG_20260709_093130.jpg,0e06e1142bad2c8b524eaaac75ad79fbae5b9479e3b4b2f87a220a7523a269bf,BAD_SEED,0,0e06e1142bad2c8b524eaaac75ad79fbae5b9479e3b4b2f87a220a7523a269bf,train
/content/drive/MyDrive/MaizeData/prepared_images/rgb_bilinear_v1_224/7302c6883e56a97bfa5202fc5c6eadcb90e2dd2b75e968379cc355033fff1ff0_224x224.png,/content/drive/MyDrive/MaizeData/GOOD_SEED/IMG_20260706_090735.jpg,7302c6883e56a97bfa5202fc5c6eadcb90e2dd2b75e968379cc355033fff1ff0,GOOD_SEED,1,7302c6883e56a97bfa5202fc5c6eadcb90e2dd2b75e968379cc355033fff1ff0,train
/content/drive/MyDrive/MaizeData/prepared_images/rgb_bilinear_v1_224/d1376f9f87fe4225701558871a436b2e71b0399c01ab0df7c0fcb101a4925c2e_224x224.png,/content/drive/MyDrive/MaizeData/BAD_SEED/IMG_20260709_174454_1.jpg,d1376f9f87fe4225701558871a436b2e71b0399c01ab0df7c0fcb101a4925c2e,BAD_SEED,0,d1376f9f87fe4225701558871a436b2e71b0399c01ab0df7c0fcb101a4925c2e,train
/content/drive/MyDrive/MaizeData/prepared_images/rgb_bilinear_v1_224/04af1fb0f2e538b6362434490f6e7bd968b74cc1c724c3584b492736da335ac2_224x224.png,/content/drive/MyDrive/MaizeData/GOOD_SEED/IMG_20260706_080239.jpg,04af1fb0f2e538b6362434490f6e7bd968b74cc1c724c3584b492736da335ac2,GOOD_SEED,1,04af1fb0f2e538b6362434490f6e7bd968b74cc1c724c3584b492736da335ac2,train
/content/drive/MyDrive/MaizeData/prepared_images/rgb_bilinear_v1_224/5549cb494062fbdc0f852137b86bab07140b4727eb310a7d330a675cd1ddc063_224x224.png,/content/drive/MyDrive/MaizeData/GOOD_SEED/IMG_20260706_094824.jpg,5549cb494062fbdc0f852137b86bab07140b4727eb310a7d330a675cd1ddc063,GOOD_SEED,1,5549cb494062fbdc0f852137b86bab07140b4727eb310a7d330a675cd1ddc063,train
/content/drive/MyDrive/MaizeData/prepared_images/rgb_bilinear_v1_224/0960011df0d3e46ab5e433fc3df7799b200c5c95507476f00b60532a53643a40_224x224.png,/content/drive/MyDrive/MaizeData/GOOD_SEED/IMG_20260706_074012.jpg,0960011df0d3e46ab5e433fc3df7799b200c5c95507476f00b60532a53643a40,GOOD_SEED,1,0960011df0d3e46ab5e433fc3df7799b200c5c95507476f00b60532a53643a40,train
/content/drive/MyDrive/MaizeData/prepared_images/rgb_bilinear_v1_224/c27a5c66a11b4fca34b5c3255320cc8f1022f4024baa34245e3d937df42b340a_224x224.png,/content/drive/MyDrive/MaizeData/GOOD_SEED/IMG_20260706_073419.jpg,c27a5c66a11b4fca34b5c3255320cc8f1022f4024baa34245e3d937df42b340a,GOOD_SEED,1,c27a5c66a11b4fca34b5c3255320cc8f1022f4024baa34245e3d937df42b340a,train
/content/drive/MyDrive/MaizeData/prepared_images/rgb_bilinear_v1_224/6d5545b61892fb0c54d42f8eeadd560bacf21dc27ad7f75c8e870788967ff849_224x224.png,/content/drive/MyDrive/MaizeData/GOOD_SEED/IMG_20260706_094125.jpg,6d5545b61892fb0c54d42f8eeadd560bacf21dc27ad7f75c8e870788967ff849,GOOD_SEED,1,6d5545b61892fb0c54d42f8eeadd560bacf21dc27ad7f75c8e870788967ff849,train
/content/drive/MyDrive/MaizeData/prepared_images/rgb_bilinear_v1_224/475f7c2b8be6c0911ce56fa70172df6f304ccf3ce6c1ba2423d0cb3a6aba6954_224x224.png,/content/drive/MyDrive/MaizeData/GOOD_SEED/IMG_20260706_112512.jpg,475f7c2b8be6c0911ce56fa70172df6f304ccf3ce6c1ba2423d0cb3a6aba6954,GOOD_SEED,1,475f7c2b8be6c0911ce56fa70172df6f304ccf3ce6c1ba2423d0cb3a6aba6954,train
/content/drive/MyDrive/MaizeData/prepared_images/rgb_bilinear_v1_224/15038b6f0157d8bfa446c533499476cb80c05d90606e231d8ca4d723ad244097_224x224.png,/content/drive/MyDrive/MaizeData/BAD_SEED/IMG_20260707_094316.jpg,15038b6f0157d8bfa446c533499476cb80c05d90606e231d8ca4d723ad244097,BAD_SEED,0,15038b6f0157d8bfa446c533499476cb80c05d90606e231d8ca4d723ad244097,train
/content/drive/MyDrive/MaizeData/prepared_images/rgb_bilinear_v1_224/49ec88dba84dc91b03588760ab29a9d3e124c110cb043a3a09e2c64038623246_224x224.png,/content/drive/MyDrive/MaizeData/GOOD_SEED/IMG_20260706_074709.jpg,49ec88dba84dc91b03588760ab29a9d3e124c110cb043a3a09e2c64038623246,GOOD_SEED,1,49ec88dba84dc91b03588760ab29a9d3e124c110cb043a3a09e2c64038623246,train
/content/drive/MyDrive/MaizeData/prepared_images/rgb_bilinear_v1_224/984516ed0fa3d121bb82c2e8164810dd6a96a07f2c9f1a863afacb846e311fbd_224x224.png,/content/drive/MyDrive/MaizeData/GOOD_SEED/IMG_20260706_074946.jpg,984516ed0fa3d121bb82c2e8164810dd6a96a07f2c9f1a863afacb846e311fbd,GOOD_SEED,1,984516ed0fa3d121bb82c2e8164810dd6a96a07f2c9f1a863afacb846e311fbd,train
/content/drive/MyDrive/MaizeData/prepared_images/rgb_bilinear_v1_224/abd8dbedbbdc9b9ae7dcb321768104d116f54a5330d38c5b5860a2f810036526_224x224.png,/content/drive/MyDrive/MaizeData/BAD_SEED/IMG_20260709_185304.jpg,abd8dbedbbdc9b9ae7dcb321768104d116f54a5330d38c5b5860a2f810036526,BAD_SEED,0,abd8dbedbbdc9b9ae7dcb321768104d116f54a5330d38c5b5860a2f810036526,train
/content/drive/MyDrive/MaizeData/prepared_images/rgb_bilinear_v1_224/1994152a37c859515fa02c364fe0978bb1dd8cd0d8b73f691171804206cd2008_224x224.png,/content/drive/MyDrive/MaizeData/GOOD_SEED/IMG_20260706_073333_1.jpg,1994152a37c859515fa02c364fe0978bb1dd8cd0d8b73f691171804206cd2008,GOOD_SEED,1,1994152a37c859515fa02c364fe0978bb1dd8cd0d8b73f691171804206cd2008,train
/content/drive/MyDrive/MaizeData/prepared_images/rgb_bilinear_v1_224/7e88691c158b1be2cab3ba69315bf9509019d928969c3848b69d4c4ebe606c50_224x224.png,/content/drive/MyDrive/MaizeData/BAD_SEED/IMG_20260709_184346.jpg,7e88691c158b1be2cab3ba69315bf9509019d928969c3848b69d4c4ebe606c50,BAD_SEED,0,7e88691c158b1be2cab3ba69315bf9509019d928969c3848b69d4c4ebe606c50,train
/content/drive/MyDrive/MaizeData/prepared_images/rgb_bilinear_v1_224/6e14a69fed863a2953ee10b4ed80b7a4473cebb9ee33f388c3a1556fa7e34ebf_224x224.png,/content/drive/MyDrive/MaizeData/BAD_SEED/IMG_20260709_093954.jpg,6e14a69fed863a2953ee10b4ed80b7a4473cebb9ee33f388c3a1556fa7e34ebf,BAD_SEED,0,6e14a69fed863a2953ee10b4ed80b7a4473cebb9ee33f388c3a1556fa7e34ebf,train
/content/drive/MyDrive/MaizeData/prepared_images/rgb_bilinear_v1_224/4c0c020afad147314efa2faf13d97fbf445b23d343c488af2ef2c19e84121fcf_224x224.png,/content/drive/MyDrive/MaizeData/BAD_SEED/IMG_20260709_175242.jpg,4c0c020afad147314efa2faf13d97fbf445b23d343c488af2ef2c19e84121fcf,BAD_SEED,0,4c0c020afad147314efa2faf13d97fbf445b23d343c488af2ef2c19e84121fcf,train
/content/drive/MyDrive/MaizeData/prepared_images/rgb_bilinear_v1_224/80aa8e811374dedcf146ad3335c8c992cae242a9bf6a28d665f106a157ce7dff_224x224.png,/content/drive/MyDrive/MaizeData/GOOD_SEED/IMG_20260706_074840.jpg,80aa8e811374dedcf146ad3335c8c992cae242a9bf6a28d665f106a157ce7dff,GOOD_SEED,1,80aa8e811374dedcf146ad3335c8c992cae242a9bf6a28d665f106a157ce7dff,train
/content/drive/MyDrive/MaizeData/prepared_images/rgb_bilinear_v1_224/8698d052d14de2c8246c6b6ccfd7934d7f10be42c609c40dd3428a04eb2dddd1_224x224.png,/content/drive/MyDrive/MaizeData/NO_MAIZE/IMG_5529.jpg,8698d052d14de2c8246c6b6ccfd7934d7f10be42c609c40dd3428a04eb2dddd1,NO_MAIZE,2,8698d052d14de2c8246c6b6ccfd7934d7f10be42c609c40dd3428a04eb2dddd1,train
/content/drive/MyDrive/MaizeData/prepared_images/rgb_bilinear_v1_224/4e112430dd4cfea66004ecf5690f6a46aace7603b4180a3b423329eda4a00945_224x224.png,/content/drive/MyDrive/MaizeData/BAD_SEED/IMG_20260709_094421.jpg,4e112430dd4cfea66004ecf5690f6a46aace7603b4180a3b423329eda4a00945,BAD_SEED,0,4e112430dd4cfea66004ecf5690f6a46aace7603b4180a3b423329eda4a00945,train
/content/drive/MyDrive/MaizeData/prepared_images/rgb_bilinear_v1_224/4c6e602580dbe7cf83163bb002b098475a138399cefac17451193992d833b28a_224x224.png,/content/drive/MyDrive/MaizeData/GOOD_SEED/IMG_20260706_094508.jpg,4c6e602580dbe7cf83163bb002b098475a138399cefac17451193992d833b28a,GOOD_SEED,1,4c6e602580dbe7cf83163bb002b098475a138399cefac17451193992d833b28a,train
/content/drive/MyDrive/MaizeData/prepared_images/rgb_bilinear_v1_224/42b1c016a8d980be039d38eece455a35bc759f631f3f95eb92bda0eb5593dd6c_224x224.png,/content/drive/MyDrive/MaizeData/BAD_SEED/IMG_20260707_101944.jpg,42b1c016a8d980be039d38eece455a35bc759f631f3f95eb92bda0eb5593dd6c,BAD_SEED,0,42b1c016a8d980be039d38eece455a35bc759f631f3f95eb92bda0eb5593dd6c,train
/content/drive/MyDrive/MaizeData/prepared_images/rgb_bilinear_v1_224/9cb9f556ce7d7e435d93c24f3669aca4dac137975146a0daee2ce8dc880ad210_224x224.png,/content/drive/MyDrive/MaizeData/GOOD_SEED/IMG_20260706_085609.jpg,9cb9f556ce7d7e435d93c24f3669aca4dac137975146a0daee2ce8dc880ad210,GOOD_SEED,1,9cb9f556ce7d7e435d93c24f3669aca4dac137975146a0daee2ce8dc880ad210,train
/content/drive/MyDrive/MaizeData/prepared_images/rgb_bilinear_v1_224/ee5ba40eb2a2deddf6f6e81fe8da28a595c0eb97786bda1c3e3df82c10a6d9f8_224x224.png,/content/drive/MyDrive/MaizeData/BAD_SEED/IMG_20260709_095014.jpg,ee5ba40eb2a2deddf6f6e81fe8da28a595c0eb97786bda1c3e3df82c10a6d9f8,BAD_SEED,0,ee5ba40eb2a2deddf6f6e81fe8da28a595c0eb97786bda1c3e3df82c10a6d9f8,train
/content/drive/MyDrive/MaizeData/prepared_images/rgb_bilinear_v1_224/0d0277463ff2d96007fb073c39f08dac3133711634089261a5fe614fc4f0a79f_224x224.png,/content/drive/MyDrive/MaizeData/BAD_SEED/IMG_20260709_093652.jpg,0d0277463ff2d96007fb073c39f08dac3133711634089261a5fe614fc4f0a79f,BAD_SEED,0,0d0277463ff2d96007fb073c39f08dac3133711634089261a5fe614fc4f0a79f,train
/content/drive/MyDrive/MaizeData/prepared_images/rgb_bilinear_v1_224/e488f8e68722800ba2cdc16a672de9347bd6dddaeee5e732c9b0a1689c5ddd14_224x224.png,/content/drive/MyDrive/MaizeData/NO_MAIZE/IMG_5574.jpg,e488f8e68722800ba2cdc16a672de9347bd6dddaeee5e732c9b0a1689c5ddd14,NO_MAIZE,2,e488f8e68722800ba2cdc16a672de9347bd6dddaeee5e732c9b0a1689c5ddd14,validation
/content/drive/MyDrive/MaizeData/prepared_images/rgb_bilinear_v1_224/d3e1049f0cd2fb035fae23988e9c12e8ced9f4fce35348a43bdc35c4522c9feb_224x224.png,/content/drive/MyDrive/MaizeData/BAD_SEED/IMG_20260707_093909.jpg,d3e1049f0cd2fb035fae23988e9c12e8ced9f4fce35348a43bdc35c4522c9feb,BAD_SEED,0,d3e1049f0cd2fb035fae23988e9c12e8ced9f4fce35348a43bdc35c4522c9feb,validation
/content/drive/MyDrive/MaizeData/prepared_images/rgb_bilinear_v1_224/dc418733d8b697c632e1daf34fca3ef3bd52524fa5be2fc766898b71a868fe49_224x224.png,/content/drive/MyDrive/MaizeData/GOOD_SEED/IMG_20260706_113446.jpg,dc418733d8b697c632e1daf34fca3ef3bd52524fa5be2fc766898b71a868fe49,GOOD_SEED,1,dc418733d8b697c632e1daf34fca3ef3bd52524fa5be2fc766898b71a868fe49,validation
/content/drive/MyDrive/MaizeData/prepared_images/rgb_bilinear_v1_224/61f0c5ebea8757ff3cf696a2721f6fc0d78c9e9da63348bf21ffb2198b2b3948_224x224.png,/content/drive/MyDrive/MaizeData/BAD_SEED/IMG_20260707_093058.jpg,61f0c5ebea8757ff3cf696a2721f6fc0d78c9e9da63348bf21ffb2198b2b3948,BAD_SEED,0,61f0c5ebea8757ff3cf696a2721f6fc0d78c9e9da63348bf21ffb2198b2b3948,validation
/content/drive/MyDrive/MaizeData/prepared_images/rgb_bilinear_v1_224/79009b148a93dbc6556a5e19706c35797ece39216022b4f9bf7eb1e49129c532_224x224.png,/content/drive/MyDrive/MaizeData/GOOD_SEED/IMG_20260706_084147.jpg,79009b148a93dbc6556a5e19706c35797ece39216022b4f9bf7eb1e49129c532,GOOD_SEED,1,79009b148a93dbc6556a5e19706c35797ece39216022b4f9bf7eb1e49129c532,validation
/content/drive/MyDrive/MaizeData/prepared_images/rgb_bilinear_v1_224/c87493785ecc27f65a7115b815b547174c8a684c0218d06674f32a4072e6bf8b_224x224.png,/content/drive/MyDrive/MaizeData/BAD_SEED/IMG_20260709_180053.jpg,c87493785ecc27f65a7115b815b547174c8a684c0218d06674f32a4072e6bf8b,BAD_SEED,0,c87493785ecc27f65a7115b815b547174c8a684c0218d06674f32a4072e6bf8b,validation
/content/drive/MyDrive/MaizeData/prepared_images/rgb_bilinear_v1_224/3dce99d766f421a0b1003be29bd2dbd3ee06965f41ea4e8901ae03c8589c299b_224x224.png,/content/drive/MyDrive/MaizeData/GOOD_SEED/IMG_20260706_112020.jpg,3dce99d766f421a0b1003be29bd2dbd3ee06965f41ea4e8901ae03c8589c299b,GOOD_SEED,1,3dce99d766f421a0b1003be29bd2dbd3ee06965f41ea4e8901ae03c8589c299b,validation
/content/drive/MyDrive/MaizeData/prepared_images/rgb_bilinear_v1_224/e1eb9a5dbf178e4c1fa4f8538ee7e8ba11a4bdfa4aa8e798875877f82a366510_224x224.png,/content/drive/MyDrive/MaizeData/NO_MAIZE/IMG_5572.jpg,e1eb9a5dbf178e4c1fa4f8538ee7e8ba11a4bdfa4aa8e798875877f82a366510,NO_MAIZE,2,e1eb9a5dbf178e4c1fa4f8538ee7e8ba11a4bdfa4aa8e798875877f82a366510,validation
/content/drive/MyDrive/MaizeData/prepared_images/rgb_bilinear_v1_224/e7649a9d13de69af161f89c7193f77fceb9c98c510770c3487c04b89de3e6a41_224x224.png,/content/drive/MyDrive/MaizeData/BAD_SEED/IMG_20260709_175130.jpg,e7649a9d13de69af161f89c7193f77fceb9c98c510770c3487c04b89de3e6a41,BAD_SEED,0,e7649a9d13de69af161f89c7193f77fceb9c98c510770c3487c04b89de3e6a41,validation
/content/drive/MyDrive/MaizeData/prepared_images/rgb_bilinear_v1_224/88845a63140ced379ea919f8d09c1a1e604760d899070aa70c0e3491320c6c6a_224x224.png,/content/drive/MyDrive/MaizeData/BAD_SEED/IMG_20260709_095248.jpg,88845a63140ced379ea919f8d09c1a1e604760d899070aa70c0e3491320c6c6a,BAD_SEED,0,88845a63140ced379ea919f8d09c1a1e604760d899070aa70c0e3491320c6c6a,validation
/content/drive/MyDrive/MaizeData/prepared_images/rgb_bilinear_v1_224/97f668ff6865ba5ae9c10ac97628174aa1aabb3fd729f80faef485ce9a1a0b1c_224x224.png,/content/drive/MyDrive/MaizeData/BAD_SEED/IMG_20260707_091940_1.jpg,97f668ff6865ba5ae9c10ac97628174aa1aabb3fd729f80faef485ce9a1a0b1c,BAD_SEED,0,97f668ff6865ba5ae9c10ac97628174aa1aabb3fd729f80faef485ce9a1a0b1c,validation
/content/drive/MyDrive/MaizeData/prepared_images/rgb_bilinear_v1_224/7accb2d43fada72763978279d4e1590ee332a9c10f4e19b6b427dfdef46688a7_224x224.png,/content/drive/MyDrive/MaizeData/BAD_SEED/IMG_20260709_173946_1.jpg,7accb2d43fada72763978279d4e1590ee332a9c10f4e19b6b427dfdef46688a7,BAD_SEED,0,7accb2d43fada72763978279d4e1590ee332a9c10f4e19b6b427dfdef46688a7,validation
/content/drive/MyDrive/MaizeData/prepared_images/rgb_bilinear_v1_224/a8bfe6781a3325feab97273b93e0f5824f7c277a934d14083c34fef53c681024_224x224.png,/content/drive/MyDrive/MaizeData/GOOD_SEED/IMG_20260706_094234_1.jpg,a8bfe6781a3325feab97273b93e0f5824f7c277a934d14083c34fef53c681024,GOOD_SEED,1,a8bfe6781a3325feab97273b93e0f5824f7c277a934d14083c34fef53c681024,validation
/content/drive/MyDrive/MaizeData/prepared_images/rgb_bilinear_v1_224/d8ef7a2c1073233417d8d759a3d8590e94f5d82c6ab5d8879c3aa203a748c726_224x224.png,/content/drive/MyDrive/MaizeData/BAD_SEED/IMG_20260709_092751_1.jpg,d8ef7a2c1073233417d8d759a3d8590e94f5d82c6ab5d8879c3aa203a748c726,BAD_SEED,0,d8ef7a2c1073233417d8d759a3d8590e94f5d82c6ab5d8879c3aa203a748c726,validation
/content/drive/MyDrive/MaizeData/prepared_images/rgb_bilinear_v1_224/7edc1627b2d010ea1a757444346bae7104292650d9beb854b8d9bd68f7f1bf62_224x224.png,/content/drive/MyDrive/MaizeData/GOOD_SEED/IMG_20260706_075157.jpg,7edc1627b2d010ea1a757444346bae7104292650d9beb854b8d9bd68f7f1bf62,GOOD_SEED,1,7edc1627b2d010ea1a757444346bae7104292650d9beb854b8d9bd68f7f1bf62,validation
/content/drive/MyDrive/MaizeData/prepared_images/rgb_bilinear_v1_224/ac60ea1f62430d0f696992637c5d591e787b8e7964f4c580251ae8132b2dfa35_224x224.png,/content/drive/MyDrive/MaizeData/NO_MAIZE/IMG_5527.jpg,ac60ea1f62430d0f696992637c5d591e787b8e7964f4c580251ae8132b2dfa35,NO_MAIZE,2,ac60ea1f62430d0f696992637c5d591e787b8e7964f4c580251ae8132b2dfa35,validation
/content/drive/MyDrive/MaizeData/prepared_images/rgb_bilinear_v1_224/41d90d81845e569b26ee510bf1493b73b130cce2ba5cda976c95e0dbfe0a98a8_224x224.png,/content/drive/MyDrive/MaizeData/BAD_SEED/IMG_20260709_093909.jpg,41d90d81845e569b26ee510bf1493b73b130cce2ba5cda976c95e0dbfe0a98a8,BAD_SEED,0,41d90d81845e569b26ee510bf1493b73b130cce2ba5cda976c95e0dbfe0a98a8,validation
/content/drive/MyDrive/MaizeData/prepared_images/rgb_bilinear_v1_224/545600a8072f61db99ff0ad0779c0d63dc50145a6455839536b4ec0fe5bcc15a_224x224.png,/content/drive/MyDrive/MaizeData/NO_MAIZE/IMG_5607.jpg,545600a8072f61db99ff0ad0779c0d63dc50145a6455839536b4ec0fe5bcc15a,NO_MAIZE,2,545600a8072f61db99ff0ad0779c0d63dc50145a6455839536b4ec0fe5bcc15a,validation
/content/drive/MyDrive/MaizeData/prepared_images/rgb_bilinear_v1_224/ce190c919f8c5c7aea4093067d15e22a0c0c68e4d554bf6c618c75d0c23f5c28_224x224.png,/content/drive/MyDrive/MaizeData/GOOD_SEED/IMG_20260706_112150.jpg,ce190c919f8c5c7aea4093067d15e22a0c0c68e4d554bf6c618c75d0c23f5c28,GOOD_SEED,1,ce190c919f8c5c7aea4093067d15e22a0c0c68e4d554bf6c618c75d0c23f5c28,validation
/content/drive/MyDrive/MaizeData/prepared_images/rgb_bilinear_v1_224/bd787e47f7bca1325bd8098739d9ba61ea2f2e4e5a43eab0f225099ff03a47b4_224x224.png,/content/drive/MyDrive/MaizeData/BAD_SEED/IMG_20260709_095138_1.jpg,bd787e47f7bca1325bd8098739d9ba61ea2f2e4e5a43eab0f225099ff03a47b4,BAD_SEED,0,bd787e47f7bca1325bd8098739d9ba61ea2f2e4e5a43eab0f225099ff03a47b4,validation
/content/drive/MyDrive/MaizeData/prepared_images/rgb_bilinear_v1_224/5ea3a0389b3d993678d7b147dbf41d8305ace4b5d6c10a77d3981e7a054fbfbf_224x224.png,/content/drive/MyDrive/MaizeData/BAD_SEED/IMG_20260709_175030.jpg,5ea3a0389b3d993678d7b147dbf41d8305ace4b5d6c10a77d3981e7a054fbfbf,BAD_SEED,0,5ea3a0389b3d993678d7b147dbf41d8305ace4b5d6c10a77d3981e7a054fbfbf,validation
/content/drive/MyDrive/MaizeData/prepared_images/rgb_bilinear_v1_224/7452031fca9cf7cb905f1bbd35f96f0fc0529a4ff2a128d116cf727d815f79d7_224x224.png,/content/drive/MyDrive/MaizeData/GOOD_SEED/IMG_20260706_080048.jpg,7452031fca9cf7cb905f1bbd35f96f0fc0529a4ff2a128d116cf727d815f79d7,GOOD_SEED,1,7452031fca9cf7cb905f1bbd35f96f0fc0529a4ff2a128d116cf727d815f79d7,validation
/content/drive/MyDrive/MaizeData/prepared_images/rgb_bilinear_v1_224/22f261fbe4e6fa9de8a4417a40bca973ab8d277d93ff3953f78fb2a5e7712230_224x224.png,/content/drive/MyDrive/MaizeData/BAD_SEED/IMG_20260707_094400_1.jpg,22f261fbe4e6fa9de8a4417a40bca973ab8d277d93ff3953f78fb2a5e7712230,BAD_SEED,0,22f261fbe4e6fa9de8a4417a40bca973ab8d277d93ff3953f78fb2a5e7712230,validation
/content/drive/MyDrive/MaizeData/prepared_images/rgb_bilinear_v1_224/4068821227a77435e867b8bfcafdd2d118e8b3c574bef1dc2f4e0ec79e6ee381_224x224.png,/content/drive/MyDrive/MaizeData/GOOD_SEED/IMG_20260706_081335.jpg,4068821227a77435e867b8bfcafdd2d118e8b3c574bef1dc2f4e0ec79e6ee381,GOOD_SEED,1,4068821227a77435e867b8bfcafdd2d118e8b3c574bef1dc2f4e0ec79e6ee381,validation
/content/drive/MyDrive/MaizeData/prepared_images/rgb_bilinear_v1_224/0a9fa5c00c54819dea707301a2b5950070600f34c7fd952aa07a0315032d7afd_224x224.png,/content/drive/MyDrive/MaizeData/BAD_SEED/IMG_20260707_085453.jpg,0a9fa5c00c54819dea707301a2b5950070600f34c7fd952aa07a0315032d7afd,BAD_SEED,0,0a9fa5c00c54819dea707301a2b5950070600f34c7fd952aa07a0315032d7afd,validation
/content/drive/MyDrive/MaizeData/prepared_images/rgb_bilinear_v1_224/4c7fdc3d53aed84b1a74d560bf9b1e2719968476f7505e61c9ca70b7cf902fe4_224x224.png,/content/drive/MyDrive/MaizeData/BAD_SEED/IMG_20260707_101310.jpg,4c7fdc3d53aed84b1a74d560bf9b1e2719968476f7505e61c9ca70b7cf902fe4,BAD_SEED,0,4c7fdc3d53aed84b1a74d560bf9b1e2719968476f7505e61c9ca70b7cf902fe4,validation
/content/drive/MyDrive/MaizeData/prepared_images/rgb_bilinear_v1_224/781bcab759a54053b1395845eb5d675e037f7b2b1a470d2d51a00d14ca91cbfd_224x224.png,/content/drive/MyDrive/MaizeData/GOOD_SEED/IMG_20260706_084103.jpg,781bcab759a54053b1395845eb5d675e037f7b2b1a470d2d51a00d14ca91cbfd,GOOD_SEED,1,781bcab759a54053b1395845eb5d675e037f7b2b1a470d2d51a00d14ca91cbfd,validation
/content/drive/MyDrive/MaizeData/prepared_images/rgb_bilinear_v1_224/a93522efd9f6dcfcf3c4d4415bd9966c1c5b078ae9a6ddfb385c246eac65559d_224x224.png,/content/drive/MyDrive/MaizeData/BAD_SEED/IMG_20260709_091515.jpg,a93522efd9f6dcfcf3c4d4415bd9966c1c5b078ae9a6ddfb385c246eac65559d,BAD_SEED,0,a93522efd9f6dcfcf3c4d4415bd9966c1c5b078ae9a6ddfb385c246eac65559d,validation
/content/drive/MyDrive/MaizeData/prepared_images/rgb_bilinear_v1_224/c5029106ab1a3a48a5566e9b7133940320103e9cf4f254087057d4fec8159902_224x224.png,/content/drive/MyDrive/MaizeData/GOOD_SEED/IMG_20260706_094716.jpg,c5029106ab1a3a48a5566e9b7133940320103e9cf4f254087057d4fec8159902,GOOD_SEED,1,c5029106ab1a3a48a5566e9b7133940320103e9cf4f254087057d4fec8159902,validation
/content/drive/MyDrive/MaizeData/prepared_images/rgb_bilinear_v1_224/46d98517fe613597fb9145c55fa97dfe8d07c22c5f68524272007c25a9fec0a6_224x224.png,/content/drive/MyDrive/MaizeData/BAD_SEED/IMG_20260709_184435.jpg,46d98517fe613597fb9145c55fa97dfe8d07c22c5f68524272007c25a9fec0a6,BAD_SEED,0,46d98517fe613597fb9145c55fa97dfe8d07c22c5f68524272007c25a9fec0a6,validation
/content/drive/MyDrive/MaizeData/prepared_images/rgb_bilinear_v1_224/386e47c166a172cdc62fe36e9d2d11268371d2773d3252871331a90fda9dc7bf_224x224.png,/content/drive/MyDrive/MaizeData/BAD_SEED/IMG_20260707_091531_1.jpg,386e47c166a172cdc62fe36e9d2d11268371d2773d3252871331a90fda9dc7bf,BAD_SEED,0,386e47c166a172cdc62fe36e9d2d11268371d2773d3252871331a90fda9dc7bf,validation
/content/drive/MyDrive/MaizeData/prepared_images/rgb_bilinear_v1_224/c75e1fa75a8a48a88c6354948ac6b04057421ba03960f7d53e0ee642cb8511b1_224x224.png,/content/drive/MyDrive/MaizeData/BAD_SEED/IMG_20260709_092419.jpg,c75e1fa75a8a48a88c6354948ac6b04057421ba03960f7d53e0ee642cb8511b1,BAD_SEED,0,c75e1fa75a8a48a88c6354948ac6b04057421ba03960f7d53e0ee642cb8511b1,validation
/content/drive/MyDrive/MaizeData/prepared_images/rgb_bilinear_v1_224/78b946f4d4535632f90f72941bf1b1a023bf1291820e113326e50cdc6b0e8caf_224x224.png,/content/drive/MyDrive/MaizeData/GOOD_SEED/IMG_20260706_095152.jpg,78b946f4d4535632f90f72941bf1b1a023bf1291820e113326e50cdc6b0e8caf,GOOD_SEED,1,78b946f4d4535632f90f72941bf1b1a023bf1291820e113326e50cdc6b0e8caf,validation
/content/drive/MyDrive/MaizeData/prepared_images/rgb_bilinear_v1_224/1089cb3476ceda0f337cac71cd16e811bda1caccaa811521b0ed4d1967623411_224x224.png,/content/drive/MyDrive/MaizeData/GOOD_SEED/IMG_20260706_073108.jpg,1089cb3476ceda0f337cac71cd16e811bda1caccaa811521b0ed4d1967623411,GOOD_SEED,1,1089cb3476ceda0f337cac71cd16e811bda1caccaa811521b0ed4d1967623411,validation
/content/drive/MyDrive/MaizeData/prepared_images/rgb_bilinear_v1_224/50dee4b5c6e0b1c7fab398dba8a73b61ed7305123b94936aecac853c3c391597_224x224.png,/content/drive/MyDrive/MaizeData/GOOD_SEED/IMG_20260706_082210.jpg,50dee4b5c6e0b1c7fab398dba8a73b61ed7305123b94936aecac853c3c391597,GOOD_SEED,1,50dee4b5c6e0b1c7fab398dba8a73b61ed7305123b94936aecac853c3c391597,validation
/content/drive/MyDrive/MaizeData/prepared_images/rgb_bilinear_v1_224/065ff312c28094d92fa6b865c29bd08abc2aeea7e8a5d1fc6569561ca59c8c50_224x224.png,/content/drive/MyDrive/MaizeData/GOOD_SEED/IMG_20260706_074743.jpg,065ff312c28094d92fa6b865c29bd08abc2aeea7e8a5d1fc6569561ca59c8c50,GOOD_SEED,1,065ff312c28094d92fa6b865c29bd08abc2aeea7e8a5d1fc6569561ca59c8c50,validation
/content/drive/MyDrive/MaizeData/prepared_images/rgb_bilinear_v1_224/5035ba2421a980b492655b7b6baabfca1560fb68f0d8dc8d4b5793d3da925ca1_224x224.png,/content/drive/MyDrive/MaizeData/GOOD_SEED/IMG_20260706_090607.jpg,5035ba2421a980b492655b7b6baabfca1560fb68f0d8dc8d4b5793d3da925ca1,GOOD_SEED,1,5035ba2421a980b492655b7b6baabfca1560fb68f0d8dc8d4b5793d3da925ca1,validation
/content/drive/MyDrive/MaizeData/prepared_images/rgb_bilinear_v1_224/2330b11b37d66d7dfeb2e9af6b1cad1a8a70cca26d109b4b6ba3346ba064b11a_224x224.png,/content/drive/MyDrive/MaizeData/GOOD_SEED/IMG_20260706_113029.jpg,2330b11b37d66d7dfeb2e9af6b1cad1a8a70cca26d109b4b6ba3346ba064b11a,GOOD_SEED,1,2330b11b37d66d7dfeb2e9af6b1cad1a8a70cca26d109b4b6ba3346ba064b11a,validation
/content/drive/MyDrive/MaizeData/prepared_images/rgb_bilinear_v1_224/09d83d0e66b6565a4678579da12a0e396997d55a4bea7d7e1cf5dccd693955dc_224x224.png,/content/drive/MyDrive/MaizeData/BAD_SEED/IMG_20260709_185700.jpg,09d83d0e66b6565a4678579da12a0e396997d55a4bea7d7e1cf5dccd693955dc,BAD_SEED,0,09d83d0e66b6565a4678579da12a0e396997d55a4bea7d7e1cf5dccd693955dc,validation
/content/drive/MyDrive/MaizeData/prepared_images/rgb_bilinear_v1_224/8b7ed7776acfe98b88feb7b1be979e848bb7358244c48249ec67cc9f8579adce_224x224.png,/content/drive/MyDrive/MaizeData/GOOD_SEED/IMG_20260706_083741.jpg,8b7ed7776acfe98b88feb7b1be979e848bb7358244c48249ec67cc9f8579adce,GOOD_SEED,1,8b7ed7776acfe98b88feb7b1be979e848bb7358244c48249ec67cc9f8579adce,validation
/content/drive/MyDrive/MaizeData/prepared_images/rgb_bilinear_v1_224/3d98f89d9c0f0b058635402fdbcb2c697d428dc987027d2e097b7afacaae11b4_224x224.png,/content/drive/MyDrive/MaizeData/BAD_SEED/IMG_20260707_101226_1.jpg,3d98f89d9c0f0b058635402fdbcb2c697d428dc987027d2e097b7afacaae11b4,BAD_SEED,0,3d98f89d9c0f0b058635402fdbcb2c697d428dc987027d2e097b7afacaae11b4,validation
/content/drive/MyDrive/MaizeData/prepared_images/rgb_bilinear_v1_224/4d8de52f34fab96ef50c1bf18ff16273626d1e9e635ce0d62cd457f703c3df32_224x224.png,/content/drive/MyDrive/MaizeData/GOOD_SEED/IMG_20260706_113429.jpg,4d8de52f34fab96ef50c1bf18ff16273626d1e9e635ce0d62cd457f703c3df32,GOOD_SEED,1,4d8de52f34fab96ef50c1bf18ff16273626d1e9e635ce0d62cd457f703c3df32,validation
/content/drive/MyDrive/MaizeData/prepared_images/rgb_bilinear_v1_224/45cb967386d67f4deedf50395542b54c2ae121e8aaba40292a65e15ea7766a3b_224x224.png,/content/drive/MyDrive/MaizeData/GOOD_SEED/IMG_20260706_083915.jpg,45cb967386d67f4deedf50395542b54c2ae121e8aaba40292a65e15ea7766a3b,GOOD_SEED,1,45cb967386d67f4deedf50395542b54c2ae121e8aaba40292a65e15ea7766a3b,validation
/content/drive/MyDrive/MaizeData/prepared_images/rgb_bilinear_v1_224/277e1e90293182e2da3e3ebebcd3fb66aecefed40ceb2566fc7f51265a1b6087_224x224.png,/content/drive/MyDrive/MaizeData/BAD_SEED/IMG_20260707_094010_1.jpg,277e1e90293182e2da3e3ebebcd3fb66aecefed40ceb2566fc7f51265a1b6087,BAD_SEED,0,277e1e90293182e2da3e3ebebcd3fb66aecefed40ceb2566fc7f51265a1b6087,validation
/content/drive/MyDrive/MaizeData/prepared_images/rgb_bilinear_v1_224/c9d7fbaeaf2436bdb047c5252cd8eb0b08ad9353867be72980238d77d0bf70ce_224x224.png,/content/drive/MyDrive/MaizeData/BAD_SEED/IMG_20260707_102024_1.jpg,c9d7fbaeaf2436bdb047c5252cd8eb0b08ad9353867be72980238d77d0bf70ce,BAD_SEED,0,c9d7fbaeaf2436bdb047c5252cd8eb0b08ad9353867be72980238d77d0bf70ce,validation
/content/drive/MyDrive/MaizeData/prepared_images/rgb_bilinear_v1_224/acc8314cd3e68c9bd16d1c02307623481d4409b653430a6723e7b184d26a23d5_224x224.png,/content/drive/MyDrive/MaizeData/GOOD_SEED/IMG_20260706_052153.jpg,acc8314cd3e68c9bd16d1c02307623481d4409b653430a6723e7b184d26a23d5,GOOD_SEED,1,acc8314cd3e68c9bd16d1c02307623481d4409b653430a6723e7b184d26a23d5,validation
/content/drive/MyDrive/MaizeData/prepared_images/rgb_bilinear_v1_224/3562da3c2cbd452e92620539f4b535506fbb9f44f7315113c3eb3b4d625dc73b_224x224.png,/content/drive/MyDrive/MaizeData/BAD_SEED/IMG_20260707_100523.jpg,3562da3c2cbd452e92620539f4b535506fbb9f44f7315113c3eb3b4d625dc73b,BAD_SEED,0,3562da3c2cbd452e92620539f4b535506fbb9f44f7315113c3eb3b4d625dc73b,validation
/content/drive/MyDrive/MaizeData/prepared_images/rgb_bilinear_v1_224/d1b3e96f817f57583060d03e24b5649cd6febad3b0d4fa51213e941dd7f0e128_224x224.png,/content/drive/MyDrive/MaizeData/BAD_SEED/IMG_20260707_083842.jpg,d1b3e96f817f57583060d03e24b5649cd6febad3b0d4fa51213e941dd7f0e128,BAD_SEED,0,d1b3e96f817f57583060d03e24b5649cd6febad3b0d4fa51213e941dd7f0e128,validation
/content/drive/MyDrive/MaizeData/prepared_images/rgb_bilinear_v1_224/7327488f83de2bfe071cb45baff7a36d18b70cb9a4049ac885c6920570b8139b_224x224.png,/content/drive/MyDrive/MaizeData/GOOD_SEED/IMG_20260706_113833.jpg,7327488f83de2bfe071cb45baff7a36d18b70cb9a4049ac885c6920570b8139b,GOOD_SEED,1,7327488f83de2bfe071cb45baff7a36d18b70cb9a4049ac885c6920570b8139b,validation
/content/drive/MyDrive/MaizeData/prepared_images/rgb_bilinear_v1_224/e0030811fefd6690e67474192f92d208469e8ac3cbde625d57ea838a99c6ea1a_224x224.png,/content/drive/MyDrive/MaizeData/GOOD_SEED/IMG_20260706_074113.jpg,e0030811fefd6690e67474192f92d208469e8ac3cbde625d57ea838a99c6ea1a,GOOD_SEED,1,e0030811fefd6690e67474192f92d208469e8ac3cbde625d57ea838a99c6ea1a,validation
/content/drive/MyDrive/MaizeData/prepared_images/rgb_bilinear_v1_224/346780ca2e83a05cc2a518bcfe0c3c23483fadb4609d538017749e7c27f50386_224x224.png,/content/drive/MyDrive/MaizeData/GOOD_SEED/IMG_20260706_082253.jpg,346780ca2e83a05cc2a518bcfe0c3c23483fadb4609d538017749e7c27f50386,GOOD_SEED,1,346780ca2e83a05cc2a518bcfe0c3c23483fadb4609d538017749e7c27f50386,validation
/content/drive/MyDrive/MaizeData/prepared_images/rgb_bilinear_v1_224/dbe22ad6e400632788c0ccd304cfaebdd2fdff60601e72e8b31adc44822c116d_224x224.png,/content/drive/MyDrive/MaizeData/BAD_SEED/IMG_20260709_174058.jpg,dbe22ad6e400632788c0ccd304cfaebdd2fdff60601e72e8b31adc44822c116d,BAD_SEED,0,dbe22ad6e400632788c0ccd304cfaebdd2fdff60601e72e8b31adc44822c116d,validation
/content/drive/MyDrive/MaizeData/prepared_images/rgb_bilinear_v1_224/229951b0c29b92092c5cfda0f184a913f510d019dddfb5ceae51f32a34e8fa80_224x224.png,/content/drive/MyDrive/MaizeData/GOOD_SEED/IMG_20260706_081202.jpg,229951b0c29b92092c5cfda0f184a913f510d019dddfb5ceae51f32a34e8fa80,GOOD_SEED,1,229951b0c29b92092c5cfda0f184a913f510d019dddfb5ceae51f32a34e8fa80,validation
/content/drive/MyDrive/MaizeData/prepared_images/rgb_bilinear_v1_224/a60465d98a84fe653cbcf2a5e57ec9d7ae53d56c2d210b1f50600c738d002aa9_224x224.png,/content/drive/MyDrive/MaizeData/GOOD_SEED/IMG_20260706_100223.jpg,a60465d98a84fe653cbcf2a5e57ec9d7ae53d56c2d210b1f50600c738d002aa9,GOOD_SEED,1,a60465d98a84fe653cbcf2a5e57ec9d7ae53d56c2d210b1f50600c738d002aa9,validation
/content/drive/MyDrive/MaizeData/prepared_images/rgb_bilinear_v1_224/3393113e33abf45d7e13148906403db950dca7c7ccd0ee3b5f589f730674f753_224x224.png,/content/drive/MyDrive/MaizeData/BAD_SEED/IMG_20260709_174032_1.jpg,3393113e33abf45d7e13148906403db950dca7c7ccd0ee3b5f589f730674f753,BAD_SEED,0,3393113e33abf45d7e13148906403db950dca7c7ccd0ee3b5f589f730674f753,validation
/content/drive/MyDrive/MaizeData/prepared_images/rgb_bilinear_v1_224/a98cb17d24830210112d1c7fc27c265a4c808340f41474a90381f85fb85c0e00_224x224.png,/content/drive/MyDrive/MaizeData/BAD_SEED/IMG_20260709_185214.jpg,a98cb17d24830210112d1c7fc27c265a4c808340f41474a90381f85fb85c0e00,BAD_SEED,0,a98cb17d24830210112d1c7fc27c265a4c808340f41474a90381f85fb85c0e00,validation
/content/drive/MyDrive/MaizeData/prepared_images/rgb_bilinear_v1_224/0dc5ffad90145aa95279123c4b0cf7b1aa0b88c5ed3b294d1e3f7be4a9f3bd5c_224x224.png,/content/drive/MyDrive/MaizeData/GOOD_SEED/IMG_20260706_081214.jpg,0dc5ffad90145aa95279123c4b0cf7b1aa0b88c5ed3b294d1e3f7be4a9f3bd5c,GOOD_SEED,1,0dc5ffad90145aa95279123c4b0cf7b1aa0b88c5ed3b294d1e3f7be4a9f3bd5c,validation
/content/drive/MyDrive/MaizeData/prepared_images/rgb_bilinear_v1_224/b61b29aefdbfa5c2a07874ee4c097beec8bcc8d5192f9a949d5cd5d21145ad6a_224x224.png,/content/drive/MyDrive/MaizeData/NO_MAIZE/IMG_5592.jpg,b61b29aefdbfa5c2a07874ee4c097beec8bcc8d5192f9a949d5cd5d21145ad6a,NO_MAIZE,2,b61b29aefdbfa5c2a07874ee4c097beec8bcc8d5192f9a949d5cd5d21145ad6a,validation
/content/drive/MyDrive/MaizeData/prepared_images/rgb_bilinear_v1_224/7c15b61b470b42137ff6cedff9bd22f47878fb0ecd50b6da2bd6606f946d0ae4_224x224.png,/content/drive/MyDrive/MaizeData/BAD_SEED/IMG_20260707_102011.jpg,7c15b61b470b42137ff6cedff9bd22f47878fb0ecd50b6da2bd6606f946d0ae4,BAD_SEED,0,7c15b61b470b42137ff6cedff9bd22f47878fb0ecd50b6da2bd6606f946d0ae4,validation
/content/drive/MyDrive/MaizeData/prepared_images/rgb_bilinear_v1_224/6d402a4594ccbf1f1b79fe6421ec93e0db1fc966f7402a9a59fd0ad6617e5c1a_224x224.png,/content/drive/MyDrive/MaizeData/GOOD_SEED/IMG_20260706_073318.jpg,6d402a4594ccbf1f1b79fe6421ec93e0db1fc966f7402a9a59fd0ad6617e5c1a,GOOD_SEED,1,6d402a4594ccbf1f1b79fe6421ec93e0db1fc966f7402a9a59fd0ad6617e5c1a,validation
/content/drive/MyDrive/MaizeData/prepared_images/rgb_bilinear_v1_224/28e12aa37090aa4dbbe4d487039664d5ed5abb50f3de097754ebf3251492ffe8_224x224.png,/content/drive/MyDrive/MaizeData/BAD_SEED/IMG_20260709_175624.jpg,28e12aa37090aa4dbbe4d487039664d5ed5abb50f3de097754ebf3251492ffe8,BAD_SEED,0,28e12aa37090aa4dbbe4d487039664d5ed5abb50f3de097754ebf3251492ffe8,validation
/content/drive/MyDrive/MaizeData/prepared_images/rgb_bilinear_v1_224/f1b4fb0a7b53c01fedb4aed7fd0357a4654cd19c8b78624eb7c6515e9c66dc99_224x224.png,/content/drive/MyDrive/MaizeData/BAD_SEED/IMG_20260707_090501.jpg,f1b4fb0a7b53c01fedb4aed7fd0357a4654cd19c8b78624eb7c6515e9c66dc99,BAD_SEED,0,f1b4fb0a7b53c01fedb4aed7fd0357a4654cd19c8b78624eb7c6515e9c66dc99,validation
/content/drive/MyDrive/MaizeData/prepared_images/rgb_bilinear_v1_224/1c16da331d2ac015d17356944fa8cde91208d6f885424f44b842c7c57808ca9e_224x224.png,/content/drive/MyDrive/MaizeData/BAD_SEED/IMG_20260707_094121.jpg,1c16da331d2ac015d17356944fa8cde91208d6f885424f44b842c7c57808ca9e,BAD_SEED,0,1c16da331d2ac015d17356944fa8cde91208d6f885424f44b842c7c57808ca9e,validation
/content/drive/MyDrive/MaizeData/prepared_images/rgb_bilinear_v1_224/4023b149d4aa44e8d611e411b27176d72f43c66e54ab7f910dc225225ac8a13e_224x224.png,/content/drive/MyDrive/MaizeData/BAD_SEED/IMG_20260709_175408.jpg,4023b149d4aa44e8d611e411b27176d72f43c66e54ab7f910dc225225ac8a13e,BAD_SEED,0,4023b149d4aa44e8d611e411b27176d72f43c66e54ab7f910dc225225ac8a13e,validation
/content/drive/MyDrive/MaizeData/prepared_images/rgb_bilinear_v1_224/13cb5fdaa1fbb8f8b7cf99c825e6d5e60dd2c4fb11e7bc8fc375876dd45179be_224x224.png,/content/drive/MyDrive/MaizeData/BAD_SEED/IMG_20260707_084931_1.jpg,13cb5fdaa1fbb8f8b7cf99c825e6d5e60dd2c4fb11e7bc8fc375876dd45179be,BAD_SEED,0,13cb5fdaa1fbb8f8b7cf99c825e6d5e60dd2c4fb11e7bc8fc375876dd45179be,validation
/content/drive/MyDrive/MaizeData/prepared_images/rgb_bilinear_v1_224/a9d92cd9d6aa2bde91a457436d4c08a1431ddf4d469e01c64ec1823f815e41b5_224x224.png,/content/drive/MyDrive/MaizeData/GOOD_SEED/IMG_20260706_100908_1.jpg,a9d92cd9d6aa2bde91a457436d4c08a1431ddf4d469e01c64ec1823f815e41b5,GOOD_SEED,1,a9d92cd9d6aa2bde91a457436d4c08a1431ddf4d469e01c64ec1823f815e41b5,validation
/content/drive/MyDrive/MaizeData/prepared_images/rgb_bilinear_v1_224/19153cf4d57912540921e8aa178d359817ecaf5370c47ba42b6a6e676db0501c_224x224.png,/content/drive/MyDrive/MaizeData/BAD_SEED/IMG_20260709_174846.jpg,19153cf4d57912540921e8aa178d359817ecaf5370c47ba42b6a6e676db0501c,BAD_SEED,0,19153cf4d57912540921e8aa178d359817ecaf5370c47ba42b6a6e676db0501c,validation
/content/drive/MyDrive/MaizeData/prepared_images/rgb_bilinear_v1_224/35891bdb3c010b0a52acc5b048196e0df303d047441b971404fd7498c66e659c_224x224.png,/content/drive/MyDrive/MaizeData/NO_MAIZE/IMG_5621.jpg,35891bdb3c010b0a52acc5b048196e0df303d047441b971404fd7498c66e659c,NO_MAIZE,2,35891bdb3c010b0a52acc5b048196e0df303d047441b971404fd7498c66e659c,validation
/content/drive/MyDrive/MaizeData/prepared_images/rgb_bilinear_v1_224/c8a390a84ea2df20d07c6f409c763d9683a8d3a95b740493ee17bb4ae312e88e_224x224.png,/content/drive/MyDrive/MaizeData/GOOD_SEED/IMG_20260706_094902_1.jpg,c8a390a84ea2df20d07c6f409c763d9683a8d3a95b740493ee17bb4ae312e88e,GOOD_SEED,1,c8a390a84ea2df20d07c6f409c763d9683a8d3a95b740493ee17bb4ae312e88e,validation
/content/drive/MyDrive/MaizeData/prepared_images/rgb_bilinear_v1_224/e51c5fb96b024ff3d337ea12bbf7ff53398d1367a47af2520dc5252a42d2a289_224x224.png,/content/drive/MyDrive/MaizeData/BAD_SEED/IMG_20260709_093200.jpg,e51c5fb96b024ff3d337ea12bbf7ff53398d1367a47af2520dc5252a42d2a289,BAD_SEED,0,e51c5fb96b024ff3d337ea12bbf7ff53398d1367a47af2520dc5252a42d2a289,validation
/content/drive/MyDrive/MaizeData/prepared_images/rgb_bilinear_v1_224/05238af5761131426e2e331dbb401de44099d35e59b63922faed3671e2f19c93_224x224.png,/content/drive/MyDrive/MaizeData/GOOD_SEED/IMG_20260706_100958_1.jpg,05238af5761131426e2e331dbb401de44099d35e59b63922faed3671e2f19c93,GOOD_SEED,1,05238af5761131426e2e331dbb401de44099d35e59b63922faed3671e2f19c93,validation
/content/drive/MyDrive/MaizeData/prepared_images/rgb_bilinear_v1_224/bc0d8a5fa01b89705e808d9413ca082c8b1bf4ce459004a76288815ead930c28_224x224.png,/content/drive/MyDrive/MaizeData/GOOD_SEED/IMG_20260706_083337_1.jpg,bc0d8a5fa01b89705e808d9413ca082c8b1bf4ce459004a76288815ead930c28,GOOD_SEED,1,bc0d8a5fa01b89705e808d9413ca082c8b1bf4ce459004a76288815ead930c28,validation
/content/drive/MyDrive/MaizeData/prepared_images/rgb_bilinear_v1_224/cc2d9b2e9e858c0174de21493b4ca1a90c03bbc33ff1f428622f67c5b4710d0b_224x224.png,/content/drive/MyDrive/MaizeData/BAD_SEED/IMG_20260709_095150_1.jpg,cc2d9b2e9e858c0174de21493b4ca1a90c03bbc33ff1f428622f67c5b4710d0b,BAD_SEED,0,cc2d9b2e9e858c0174de21493b4ca1a90c03bbc33ff1f428622f67c5b4710d0b,validation
/content/drive/MyDrive/MaizeData/prepared_images/rgb_bilinear_v1_224/8cfded9f5811513d41a8b3e71825ad548ee840baab30bf5622ec9eb2cb4475eb_224x224.png,/content/drive/MyDrive/MaizeData/BAD_SEED/IMG_20260709_174400.jpg,8cfded9f5811513d41a8b3e71825ad548ee840baab30bf5622ec9eb2cb4475eb,BAD_SEED,0,8cfded9f5811513d41a8b3e71825ad548ee840baab30bf5622ec9eb2cb4475eb,validation
/content/drive/MyDrive/MaizeData/prepared_images/rgb_bilinear_v1_224/76ce8d1333fc628234b5d2b3dab35243eba996bb723273518d35915387fe9783_224x224.png,/content/drive/MyDrive/MaizeData/BAD_SEED/IMG_20260709_090706.jpg,76ce8d1333fc628234b5d2b3dab35243eba996bb723273518d35915387fe9783,BAD_SEED,0,76ce8d1333fc628234b5d2b3dab35243eba996bb723273518d35915387fe9783,validation
/content/drive/MyDrive/MaizeData/prepared_images/rgb_bilinear_v1_224/238cdb49dbe16b81e95bc8d4a28467613cf029bc4897725c748362ec2a998c01_224x224.png,/content/drive/MyDrive/MaizeData/BAD_SEED/IMG_20260709_175043.jpg,238cdb49dbe16b81e95bc8d4a28467613cf029bc4897725c748362ec2a998c01,BAD_SEED,0,238cdb49dbe16b81e95bc8d4a28467613cf029bc4897725c748362ec2a998c01,validation
/content/drive/MyDrive/MaizeData/prepared_images/rgb_bilinear_v1_224/f47ede1091d26092112cd5fbbeb4e6369d5018a2716e1667898088ffba978f67_224x224.png,/content/drive/MyDrive/MaizeData/GOOD_SEED/IMG_20260706_090722.jpg,f47ede1091d26092112cd5fbbeb4e6369d5018a2716e1667898088ffba978f67,GOOD_SEED,1,f47ede1091d26092112cd5fbbeb4e6369d5018a2716e1667898088ffba978f67,validation
/content/drive/MyDrive/MaizeData/prepared_images/rgb_bilinear_v1_224/885782697c8cd0e439d123dd6435653ae4a06cf73aacf32f020f69549cb96936_224x224.png,/content/drive/MyDrive/MaizeData/GOOD_SEED/IMG_20260706_114128.jpg,885782697c8cd0e439d123dd6435653ae4a06cf73aacf32f020f69549cb96936,GOOD_SEED,1,885782697c8cd0e439d123dd6435653ae4a06cf73aacf32f020f69549cb96936,validation
/content/drive/MyDrive/MaizeData/prepared_images/rgb_bilinear_v1_224/84f9a07b2994e07c819d3b2c76999f0da48a86fdbe27fdf5642d985e492a6c2a_224x224.png,/content/drive/MyDrive/MaizeData/BAD_SEED/IMG_20260709_090734.jpg,84f9a07b2994e07c819d3b2c76999f0da48a86fdbe27fdf5642d985e492a6c2a,BAD_SEED,0,84f9a07b2994e07c819d3b2c76999f0da48a86fdbe27fdf5642d985e492a6c2a,validation
/content/drive/MyDrive/MaizeData/prepared_images/rgb_bilinear_v1_224/ebed3d08b35696143109d8cca62964c4d42fb9604110055f91e76af66316799f_224x224.png,/content/drive/MyDrive/MaizeData/BAD_SEED/IMG_20260709_093621_1.jpg,ebed3d08b35696143109d8cca62964c4d42fb9604110055f91e76af66316799f,BAD_SEED,0,ebed3d08b35696143109d8cca62964c4d42fb9604110055f91e76af66316799f,validation
/content/drive/MyDrive/MaizeData/prepared_images/rgb_bilinear_v1_224/5433cc40083243012c0d0f7f0bd609d0cb0ebbeb2d687760ea9def9c6e3f09d1_224x224.png,/content/drive/MyDrive/MaizeData/BAD_SEED/IMG_20260709_091435_1.jpg,5433cc40083243012c0d0f7f0bd609d0cb0ebbeb2d687760ea9def9c6e3f09d1,BAD_SEED,0,5433cc40083243012c0d0f7f0bd609d0cb0ebbeb2d687760ea9def9c6e3f09d1,validation
/content/drive/MyDrive/MaizeData/prepared_images/rgb_bilinear_v1_224/8d96ca9ab15404d55bbd3de971986c7f3dea32106502294e89afa21f687e6fc3_224x224.png,/content/drive/MyDrive/MaizeData/BAD_SEED/IMG_20260709_175923.jpg,8d96ca9ab15404d55bbd3de971986c7f3dea32106502294e89afa21f687e6fc3,BAD_SEED,0,8d96ca9ab15404d55bbd3de971986c7f3dea32106502294e89afa21f687e6fc3,validation
/content/drive/MyDrive/MaizeData/prepared_images/rgb_bilinear_v1_224/42a5bd2cdf464a94ec539a32fda0722f7f2f4fdecef590fcb6ba2130d405fcbc_224x224.png,/content/drive/MyDrive/MaizeData/BAD_SEED/IMG_20260707_094158.jpg,42a5bd2cdf464a94ec539a32fda0722f7f2f4fdecef590fcb6ba2130d405fcbc,BAD_SEED,0,42a5bd2cdf464a94ec539a32fda0722f7f2f4fdecef590fcb6ba2130d405fcbc,validation
/content/drive/MyDrive/MaizeData/prepared_images/rgb_bilinear_v1_224/6c37d95a1a77d553cd442107cc80a03d5b5d9053d65f9c986dd51ebb5844f0d8_224x224.png,/content/drive/MyDrive/MaizeData/GOOD_SEED/IMG_20260706_100557.jpg,6c37d95a1a77d553cd442107cc80a03d5b5d9053d65f9c986dd51ebb5844f0d8,GOOD_SEED,1,6c37d95a1a77d553cd442107cc80a03d5b5d9053d65f9c986dd51ebb5844f0d8,validation
/content/drive/MyDrive/MaizeData/prepared_images/rgb_bilinear_v1_224/c316c6e875396304fa4fdef8a9a56cc430af00aeb6721dd7b0c2e1c5f4a09e4a_224x224.png,/content/drive/MyDrive/MaizeData/GOOD_SEED/IMG_20260706_075852.jpg,c316c6e875396304fa4fdef8a9a56cc430af00aeb6721dd7b0c2e1c5f4a09e4a,GOOD_SEED,1,c316c6e875396304fa4fdef8a9a56cc430af00aeb6721dd7b0c2e1c5f4a09e4a,validation
/content/drive/MyDrive/MaizeData/prepared_images/rgb_bilinear_v1_224/1aefd49b90e9b340ed06274aecda13640d3f636c7aabe01d46599f6b6989f935_224x224.png,/content/drive/MyDrive/MaizeData/BAD_SEED/IMG_20260709_094129.jpg,1aefd49b90e9b340ed06274aecda13640d3f636c7aabe01d46599f6b6989f935,BAD_SEED,0,1aefd49b90e9b340ed06274aecda13640d3f636c7aabe01d46599f6b6989f935,validation
/content/drive/MyDrive/MaizeData/prepared_images/rgb_bilinear_v1_224/d52986d3fe2e6415fc63d0b2e5acfc04ed8484bb5df0cb5d6e8e49e52606c2f7_224x224.png,/content/drive/MyDrive/MaizeData/BAD_SEED/IMG_20260707_095452.jpg,d52986d3fe2e6415fc63d0b2e5acfc04ed8484bb5df0cb5d6e8e49e52606c2f7,BAD_SEED,0,d52986d3fe2e6415fc63d0b2e5acfc04ed8484bb5df0cb5d6e8e49e52606c2f7,validation
/content/drive/MyDrive/MaizeData/prepared_images/rgb_bilinear_v1_224/99a9b48991d4abaf60e69308aae132d649ecd8094276ab2197fe4fce4b0b863f_224x224.png,/content/drive/MyDrive/MaizeData/GOOD_SEED/IMG_20260706_091542.jpg,99a9b48991d4abaf60e69308aae132d649ecd8094276ab2197fe4fce4b0b863f,GOOD_SEED,1,99a9b48991d4abaf60e69308aae132d649ecd8094276ab2197fe4fce4b0b863f,validation
/content/drive/MyDrive/MaizeData/prepared_images/rgb_bilinear_v1_224/57b734f1526bac5b74adbd6f543edf8ec710a93de63d9d369421b10b42032154_224x224.png,/content/drive/MyDrive/MaizeData/BAD_SEED/IMG_20260709_175328.jpg,57b734f1526bac5b74adbd6f543edf8ec710a93de63d9d369421b10b42032154,BAD_SEED,0,57b734f1526bac5b74adbd6f543edf8ec710a93de63d9d369421b10b42032154,validation
/content/drive/MyDrive/MaizeData/prepared_images/rgb_bilinear_v1_224/d0ad342cd453cabb2a327efd0111d7b9f7f6782a20670b8297f8233f79f2e996_224x224.png,/content/drive/MyDrive/MaizeData/BAD_SEED/IMG_20260707_093319.jpg,d0ad342cd453cabb2a327efd0111d7b9f7f6782a20670b8297f8233f79f2e996,BAD_SEED,0,d0ad342cd453cabb2a327efd0111d7b9f7f6782a20670b8297f8233f79f2e996,validation
/content/drive/MyDrive/MaizeData/prepared_images/rgb_bilinear_v1_224/af7605c9a3b0ac627382f2da83276788fac204393cf34f29abb8fb394d4c981c_224x224.png,/content/drive/MyDrive/MaizeData/GOOD_SEED/IMG_20260706_085621.jpg,af7605c9a3b0ac627382f2da83276788fac204393cf34f29abb8fb394d4c981c,GOOD_SEED,1,af7605c9a3b0ac627382f2da83276788fac204393cf34f29abb8fb394d4c981c,validation
/content/drive/MyDrive/MaizeData/prepared_images/rgb_bilinear_v1_224/665df7f42222a6090a02268a437e2e525ce96274e0a0d5a70ae2f4b24b3c3f4f_224x224.png,/content/drive/MyDrive/MaizeData/GOOD_SEED/IMG_20260706_094606.jpg,665df7f42222a6090a02268a437e2e525ce96274e0a0d5a70ae2f4b24b3c3f4f,GOOD_SEED,1,665df7f42222a6090a02268a437e2e525ce96274e0a0d5a70ae2f4b24b3c3f4f,validation
/content/drive/MyDrive/MaizeData/prepared_images/rgb_bilinear_v1_224/d96893dd235403ad69a2c326bd262209dd68fa79b2b4cf7f25e34b4c7284e026_224x224.png,/content/drive/MyDrive/MaizeData/BAD_SEED/IMG_20260707_091158_1.jpg,d96893dd235403ad69a2c326bd262209dd68fa79b2b4cf7f25e34b4c7284e026,BAD_SEED,0,d96893dd235403ad69a2c326bd262209dd68fa79b2b4cf7f25e34b4c7284e026,validation
/content/drive/MyDrive/MaizeData/prepared_images/rgb_bilinear_v1_224/a4c4088fcb20f849552ab5f14c592a53cde7c905093e22c2f12eb0b6091eff31_224x224.png,/content/drive/MyDrive/MaizeData/GOOD_SEED/IMG_20260706_112817_1.jpg,a4c4088fcb20f849552ab5f14c592a53cde7c905093e22c2f12eb0b6091eff31,GOOD_SEED,1,a4c4088fcb20f849552ab5f14c592a53cde7c905093e22c2f12eb0b6091eff31,validation
/content/drive/MyDrive/MaizeData/prepared_images/rgb_bilinear_v1_224/871728c45826ef09a00b73f32265801f469bdc2b9be7dde0308315ca424274fe_224x224.png,/content/drive/MyDrive/MaizeData/GOOD_SEED/IMG_20260706_075326_1.jpg,871728c45826ef09a00b73f32265801f469bdc2b9be7dde0308315ca424274fe,GOOD_SEED,1,871728c45826ef09a00b73f32265801f469bdc2b9be7dde0308315ca424274fe,validation
/content/drive/MyDrive/MaizeData/prepared_images/rgb_bilinear_v1_224/cda6ecb9c1e9c524152d03eda404a28c527d3751f59639aaf8f211e71d3eee98_224x224.png,/content/drive/MyDrive/MaizeData/BAD_SEED/IMG_20260707_090049.jpg,cda6ecb9c1e9c524152d03eda404a28c527d3751f59639aaf8f211e71d3eee98,BAD_SEED,0,cda6ecb9c1e9c524152d03eda404a28c527d3751f59639aaf8f211e71d3eee98,validation
/content/drive/MyDrive/MaizeData/prepared_images/rgb_bilinear_v1_224/e43ef7bb560f43788783eb2fbfb83d2ce090a6425ccb179dd35f63896910f0f7_224x224.png,/content/drive/MyDrive/MaizeData/BAD_SEED/IMG_20260709_175910.jpg,e43ef7bb560f43788783eb2fbfb83d2ce090a6425ccb179dd35f63896910f0f7,BAD_SEED,0,e43ef7bb560f43788783eb2fbfb83d2ce090a6425ccb179dd35f63896910f0f7,validation
/content/drive/MyDrive/MaizeData/prepared_images/rgb_bilinear_v1_224/5b30c23010217bbd8a2ce4caea294da761648d59fbe244f80cfd54554fb6d44c_224x224.png,/content/drive/MyDrive/MaizeData/GOOD_SEED/IMG_20260706_073952.jpg,5b30c23010217bbd8a2ce4caea294da761648d59fbe244f80cfd54554fb6d44c,GOOD_SEED,1,5b30c23010217bbd8a2ce4caea294da761648d59fbe244f80cfd54554fb6d44c,validation
/content/drive/MyDrive/MaizeData/prepared_images/rgb_bilinear_v1_224/36b7dc7f58f67bced286500de544b3374b5d4a909bf8f8e48a42b2d5ecbf17e0_224x224.png,/content/drive/MyDrive/MaizeData/GOOD_SEED/IMG_20260706_101445.jpg,36b7dc7f58f67bced286500de544b3374b5d4a909bf8f8e48a42b2d5ecbf17e0,GOOD_SEED,1,36b7dc7f58f67bced286500de544b3374b5d4a909bf8f8e48a42b2d5ecbf17e0,validation
/content/drive/MyDrive/MaizeData/prepared_images/rgb_bilinear_v1_224/36df0bddaab1ad2b0ac148cce18c25c2548dc19eaa221ffba23390720c5f1b6d_224x224.png,/content/drive/MyDrive/MaizeData/BAD_SEED/IMG_20260709_180416.jpg,36df0bddaab1ad2b0ac148cce18c25c2548dc19eaa221ffba23390720c5f1b6d,BAD_SEED,0,36df0bddaab1ad2b0ac148cce18c25c2548dc19eaa221ffba23390720c5f1b6d,validation
/content/drive/MyDrive/MaizeData/prepared_images/rgb_bilinear_v1_224/cbcf22db820aa70acac9096d81f0bb084e28a7e49c9e79fd77a77374c04bcc3e_224x224.png,/content/drive/MyDrive/MaizeData/BAD_SEED/IMG_20260707_093506.jpg,cbcf22db820aa70acac9096d81f0bb084e28a7e49c9e79fd77a77374c04bcc3e,BAD_SEED,0,cbcf22db820aa70acac9096d81f0bb084e28a7e49c9e79fd77a77374c04bcc3e,validation
/content/drive/MyDrive/MaizeData/prepared_images/rgb_bilinear_v1_224/9f9706afc8e5c28f91f60d601cc6cb3e03422ab9ff86e3f17c7e619a75adb595_224x224.png,/content/drive/MyDrive/MaizeData/GOOD_SEED/IMG_20260706_112220.jpg,9f9706afc8e5c28f91f60d601cc6cb3e03422ab9ff86e3f17c7e619a75adb595,GOOD_SEED,1,9f9706afc8e5c28f91f60d601cc6cb3e03422ab9ff86e3f17c7e619a75adb595,validation
/content/drive/MyDrive/MaizeData/prepared_images/rgb_bilinear_v1_224/5d0db9c18db028e658ac5a2faf895db040281b55e62e9c5d0c90099b19075164_224x224.png,/content/drive/MyDrive/MaizeData/BAD_SEED/IMG_20260709_091923_1.jpg,5d0db9c18db028e658ac5a2faf895db040281b55e62e9c5d0c90099b19075164,BAD_SEED,0,5d0db9c18db028e658ac5a2faf895db040281b55e62e9c5d0c90099b19075164,validation
/content/drive/MyDrive/MaizeData/prepared_images/rgb_bilinear_v1_224/cb73437c623d1f9e25c7471cd111b5e030ec0b927a1b235f9a88d6266c548f0a_224x224.png,/content/drive/MyDrive/MaizeData/GOOD_SEED/IMG_20260706_075516.jpg,cb73437c623d1f9e25c7471cd111b5e030ec0b927a1b235f9a88d6266c548f0a,GOOD_SEED,1,cb73437c623d1f9e25c7471cd111b5e030ec0b927a1b235f9a88d6266c548f0a,validation
/content/drive/MyDrive/MaizeData/prepared_images/rgb_bilinear_v1_224/601d47cdea6bc8465abb21c50b76ea71bbc20a67ac48d37e8a42365bb46d1215_224x224.png,/content/drive/MyDrive/MaizeData/BAD_SEED/IMG_20260709_093627.jpg,601d47cdea6bc8465abb21c50b76ea71bbc20a67ac48d37e8a42365bb46d1215,BAD_SEED,0,601d47cdea6bc8465abb21c50b76ea71bbc20a67ac48d37e8a42365bb46d1215,validation
/content/drive/MyDrive/MaizeData/prepared_images/rgb_bilinear_v1_224/945c00a156b2262a23c0250d232bb120287f067abeb9bc9f7ca5cfbed6300ee7_224x224.png,/content/drive/MyDrive/MaizeData/GOOD_SEED/IMG_20260706_094753_1.jpg,945c00a156b2262a23c0250d232bb120287f067abeb9bc9f7ca5cfbed6300ee7,GOOD_SEED,1,945c00a156b2262a23c0250d232bb120287f067abeb9bc9f7ca5cfbed6300ee7,validation
/content/drive/MyDrive/MaizeData/prepared_images/rgb_bilinear_v1_224/540ffabcfba73a36ebbca8edefbc880ecac2371c613269c7cc416166e50b564b_224x224.png,/content/drive/MyDrive/MaizeData/GOOD_SEED/IMG_20260706_102409.jpg,540ffabcfba73a36ebbca8edefbc880ecac2371c613269c7cc416166e50b564b,GOOD_SEED,1,540ffabcfba73a36ebbca8edefbc880ecac2371c613269c7cc416166e50b564b,validation
/content/drive/MyDrive/MaizeData/prepared_images/rgb_bilinear_v1_224/fc5a8a4d75c2e772df32e1c8d998e5921ec7f9da2c978d7a94d0dc7db1320ee1_224x224.png,/content/drive/MyDrive/MaizeData/GOOD_SEED/IMG_20260706_084135_1.jpg,fc5a8a4d75c2e772df32e1c8d998e5921ec7f9da2c978d7a94d0dc7db1320ee1,GOOD_SEED,1,fc5a8a4d75c2e772df32e1c8d998e5921ec7f9da2c978d7a94d0dc7db1320ee1,validation
/content/drive/MyDrive/MaizeData/prepared_images/rgb_bilinear_v1_224/50b25888a4b75beb33e47cf21d0bff976f874bfa9b1729298ecc198c2ac50dad_224x224.png,/content/drive/MyDrive/MaizeData/GOOD_SEED/IMG_20260706_083034.jpg,50b25888a4b75beb33e47cf21d0bff976f874bfa9b1729298ecc198c2ac50dad,GOOD_SEED,1,50b25888a4b75beb33e47cf21d0bff976f874bfa9b1729298ecc198c2ac50dad,validation
/content/drive/MyDrive/MaizeData/prepared_images/rgb_bilinear_v1_224/64de4f158e7537c61ea8f1ec6a86054db5485c4b15daf61b1db440315febbd37_224x224.png,/content/drive/MyDrive/MaizeData/BAD_SEED/IMG_20260709_175653.jpg,64de4f158e7537c61ea8f1ec6a86054db5485c4b15daf61b1db440315febbd37,BAD_SEED,0,64de4f158e7537c61ea8f1ec6a86054db5485c4b15daf61b1db440315febbd37,validation
/content/drive/MyDrive/MaizeData/prepared_images/rgb_bilinear_v1_224/ee0100c20aae4e10e8e88d41ebac2907c0ecd41f2d874457cdd8699af44f9970_224x224.png,/content/drive/MyDrive/MaizeData/GOOD_SEED/IMG_20260706_112831_1.jpg,ee0100c20aae4e10e8e88d41ebac2907c0ecd41f2d874457cdd8699af44f9970,GOOD_SEED,1,ee0100c20aae4e10e8e88d41ebac2907c0ecd41f2d874457cdd8699af44f9970,validation
/content/drive/MyDrive/MaizeData/prepared_images/rgb_bilinear_v1_224/76019fb6b4aea18586014645f8bb6e59040cd9d929a89cd53e3c2aecfb563556_224x224.png,/content/drive/MyDrive/MaizeData/NO_MAIZE/IMG_5623.jpg,76019fb6b4aea18586014645f8bb6e59040cd9d929a89cd53e3c2aecfb563556,NO_MAIZE,2,76019fb6b4aea18586014645f8bb6e59040cd9d929a89cd53e3c2aecfb563556,validation
/content/drive/MyDrive/MaizeData/prepared_images/rgb_bilinear_v1_224/f787b8b897dd00eeccfdec25ff9e946d16820dd32c06e21b9c4562b648125f21_224x224.png,/content/drive/MyDrive/MaizeData/BAD_SEED/IMG_20260709_183547.jpg,f787b8b897dd00eeccfdec25ff9e946d16820dd32c06e21b9c4562b648125f21,BAD_SEED,0,f787b8b897dd00eeccfdec25ff9e946d16820dd32c06e21b9c4562b648125f21,validation
/content/drive/MyDrive/MaizeData/prepared_images/rgb_bilinear_v1_224/1b171a072f49562d40c7f67917b86090396eab7a624300d2cbe977af10a12fc0_224x224.png,/content/drive/MyDrive/MaizeData/BAD_SEED/IMG_20260709_174945_1.jpg,1b171a072f49562d40c7f67917b86090396eab7a624300d2cbe977af10a12fc0,BAD_SEED,0,1b171a072f49562d40c7f67917b86090396eab7a624300d2cbe977af10a12fc0,validation
/content/drive/MyDrive/MaizeData/prepared_images/rgb_bilinear_v1_224/975772d10a13df0d529f8b335588e66b794c03e713cf657e609c6c85056ac6b7_224x224.png,/content/drive/MyDrive/MaizeData/BAD_SEED/IMG_20260707_100317.jpg,975772d10a13df0d529f8b335588e66b794c03e713cf657e609c6c85056ac6b7,BAD_SEED,0,975772d10a13df0d529f8b335588e66b794c03e713cf657e609c6c85056ac6b7,validation
/content/drive/MyDrive/MaizeData/prepared_images/rgb_bilinear_v1_224/930529137412e08c54c1cdb28d1338f8b721e3afc8beefb15f31b828ccaf756f_224x224.png,/content/drive/MyDrive/MaizeData/GOOD_SEED/IMG_20260706_084222.jpg,930529137412e08c54c1cdb28d1338f8b721e3afc8beefb15f31b828ccaf756f,GOOD_SEED,1,930529137412e08c54c1cdb28d1338f8b721e3afc8beefb15f31b828ccaf756f,validation
/content/drive/MyDrive/MaizeData/prepared_images/rgb_bilinear_v1_224/f9fcb9764db2999571ac0d3e5ce8d43c2ca8ab48f95ed1ea7a3819fe974baa26_224x224.png,/content/drive/MyDrive/MaizeData/BAD_SEED/IMG_20260709_094053.jpg,f9fcb9764db2999571ac0d3e5ce8d43c2ca8ab48f95ed1ea7a3819fe974baa26,BAD_SEED,0,f9fcb9764db2999571ac0d3e5ce8d43c2ca8ab48f95ed1ea7a3819fe974baa26,validation
/content/drive/MyDrive/MaizeData/prepared_images/rgb_bilinear_v1_224/bcb7ac08264332b5f15a96c659be9bcd70ca2f6c65805685a0ce4ca97a762236_224x224.png,/content/drive/MyDrive/MaizeData/GOOD_SEED/IMG_20260706_073813.jpg,bcb7ac08264332b5f15a96c659be9bcd70ca2f6c65805685a0ce4ca97a762236,GOOD_SEED,1,bcb7ac08264332b5f15a96c659be9bcd70ca2f6c65805685a0ce4ca97a762236,validation
/content/drive/MyDrive/MaizeData/prepared_images/rgb_bilinear_v1_224/2ba1479de5e364bee799721505eb40d8243695c1d2ad9c79fec846628e333999_224x224.png,/content/drive/MyDrive/MaizeData/GOOD_SEED/IMG_20260706_075044.jpg,2ba1479de5e364bee799721505eb40d8243695c1d2ad9c79fec846628e333999,GOOD_SEED,1,2ba1479de5e364bee799721505eb40d8243695c1d2ad9c79fec846628e333999,validation
/content/drive/MyDrive/MaizeData/prepared_images/rgb_bilinear_v1_224/f76deb4ea5d5068f1f15e2f92ea822d6e28269e37ebd159f3c0a4697e321a26f_224x224.png,/content/drive/MyDrive/MaizeData/GOOD_SEED/IMG_20260706_083640.jpg,f76deb4ea5d5068f1f15e2f92ea822d6e28269e37ebd159f3c0a4697e321a26f,GOOD_SEED,1,f76deb4ea5d5068f1f15e2f92ea822d6e28269e37ebd159f3c0a4697e321a26f,validation
/content/drive/MyDrive/MaizeData/prepared_images/rgb_bilinear_v1_224/b9ba5ec2554f1a1ef98bfa2d8cbd91156a9c6d40c8c5fabf31da12ad4d34786c_224x224.png,/content/drive/MyDrive/MaizeData/GOOD_SEED/IMG_20260706_082118.jpg,b9ba5ec2554f1a1ef98bfa2d8cbd91156a9c6d40c8c5fabf31da12ad4d34786c,GOOD_SEED,1,b9ba5ec2554f1a1ef98bfa2d8cbd91156a9c6d40c8c5fabf31da12ad4d34786c,validation
/content/drive/MyDrive/MaizeData/prepared_images/rgb_bilinear_v1_224/4b17517f9e0befe2af29cd924127ba29c116c00defdd72723fc924bd36feb74c_224x224.png,/content/drive/MyDrive/MaizeData/BAD_SEED/IMG_20260707_084400.jpg,4b17517f9e0befe2af29cd924127ba29c116c00defdd72723fc924bd36feb74c,BAD_SEED,0,4b17517f9e0befe2af29cd924127ba29c116c00defdd72723fc924bd36feb74c,validation
/content/drive/MyDrive/MaizeData/prepared_images/rgb_bilinear_v1_224/deb1669a5c3fd5de81b5969dd17cf1bfe9eefcf7ca53cc12b78a2aed21c506ae_224x224.png,/content/drive/MyDrive/MaizeData/NO_MAIZE/IMG_5585.jpg,deb1669a5c3fd5de81b5969dd17cf1bfe9eefcf7ca53cc12b78a2aed21c506ae,NO_MAIZE,2,deb1669a5c3fd5de81b5969dd17cf1bfe9eefcf7ca53cc12b78a2aed21c506ae,validation
/content/drive/MyDrive/MaizeData/prepared_images/rgb_bilinear_v1_224/b13d602d1b9f98e93ef0a59db9d92cb7decc56f19d36fa44089b5a7e283700e0_224x224.png,/content/drive/MyDrive/MaizeData/BAD_SEED/IMG_20260707_094352_1.jpg,b13d602d1b9f98e93ef0a59db9d92cb7decc56f19d36fa44089b5a7e283700e0,BAD_SEED,0,b13d602d1b9f98e93ef0a59db9d92cb7decc56f19d36fa44089b5a7e283700e0,validation
/content/drive/MyDrive/MaizeData/prepared_images/rgb_bilinear_v1_224/3396fb9b118835150558bdadc6978d12c9adc13d509e6c2aadd377cd8d9ad0f8_224x224.png,/content/drive/MyDrive/MaizeData/GOOD_SEED/IMG_20260706_102102.jpg,3396fb9b118835150558bdadc6978d12c9adc13d509e6c2aadd377cd8d9ad0f8,GOOD_SEED,1,3396fb9b118835150558bdadc6978d12c9adc13d509e6c2aadd377cd8d9ad0f8,validation
/content/drive/MyDrive/MaizeData/prepared_images/rgb_bilinear_v1_224/ce259fcc667878005ba3de2e49aa01fa500d6e6e48b1738032de36db0141b254_224x224.png,/content/drive/MyDrive/MaizeData/GOOD_SEED/IMG_20260706_082157.jpg,ce259fcc667878005ba3de2e49aa01fa500d6e6e48b1738032de36db0141b254,GOOD_SEED,1,ce259fcc667878005ba3de2e49aa01fa500d6e6e48b1738032de36db0141b254,validation
/content/drive/MyDrive/MaizeData/prepared_images/rgb_bilinear_v1_224/82ba87c0eaf2d915ae3e2a76cbc884e613ce3f7c349cf88fda764064dab8bb00_224x224.png,/content/drive/MyDrive/MaizeData/BAD_SEED/IMG_20260707_100505.jpg,82ba87c0eaf2d915ae3e2a76cbc884e613ce3f7c349cf88fda764064dab8bb00,BAD_SEED,0,82ba87c0eaf2d915ae3e2a76cbc884e613ce3f7c349cf88fda764064dab8bb00,validation
/content/drive/MyDrive/MaizeData/prepared_images/rgb_bilinear_v1_224/bbcc9db47cfbe6a6482ebcfd4dc529c24e914d506a8fb5b94623ef11333eb2dd_224x224.png,/content/drive/MyDrive/MaizeData/GOOD_SEED/IMG_20260706_103705.jpg,bbcc9db47cfbe6a6482ebcfd4dc529c24e914d506a8fb5b94623ef11333eb2dd,GOOD_SEED,1,bbcc9db47cfbe6a6482ebcfd4dc529c24e914d506a8fb5b94623ef11333eb2dd,validation
/content/drive/MyDrive/MaizeData/prepared_images/rgb_bilinear_v1_224/4fd6b6c191062a3d66909ee7ea05b737720f3c5f7e1c371d3166152fd5aa9709_224x224.png,/content/drive/MyDrive/MaizeData/GOOD_SEED/IMG_20260706_074640.jpg,4fd6b6c191062a3d66909ee7ea05b737720f3c5f7e1c371d3166152fd5aa9709,GOOD_SEED,1,4fd6b6c191062a3d66909ee7ea05b737720f3c5f7e1c371d3166152fd5aa9709,validation
/content/drive/MyDrive/MaizeData/prepared_images/rgb_bilinear_v1_224/0f7642034e989bec22287b0cee607766196834b266ec85d3904538ac70932b64_224x224.png,/content/drive/MyDrive/MaizeData/NO_MAIZE/IMG_5620.jpg,0f7642034e989bec22287b0cee607766196834b266ec85d3904538ac70932b64,NO_MAIZE,2,0f7642034e989bec22287b0cee607766196834b266ec85d3904538ac70932b64,validation
/content/drive/MyDrive/MaizeData/prepared_images/rgb_bilinear_v1_224/95e24c344e0acd482180a893954c02e3e4deb5d329edabdee2205c851f5318c4_224x224.png,/content/drive/MyDrive/MaizeData/GOOD_SEED/IMG_20260706_090333.jpg,95e24c344e0acd482180a893954c02e3e4deb5d329edabdee2205c851f5318c4,GOOD_SEED,1,95e24c344e0acd482180a893954c02e3e4deb5d329edabdee2205c851f5318c4,validation
/content/drive/MyDrive/MaizeData/prepared_images/rgb_bilinear_v1_224/ea5355694277cb02391c00e21115eed76d851a599dd1a46a8e8f6c3fbfe06c88_224x224.png,/content/drive/MyDrive/MaizeData/GOOD_SEED/IMG_20260706_113240.jpg,ea5355694277cb02391c00e21115eed76d851a599dd1a46a8e8f6c3fbfe06c88,GOOD_SEED,1,ea5355694277cb02391c00e21115eed76d851a599dd1a46a8e8f6c3fbfe06c88,validation
/content/drive/MyDrive/MaizeData/prepared_images/rgb_bilinear_v1_224/55f076af2710e24e291ae781cfb1d9584a76067d97112d1bd4dff0b09f17f1db_224x224.png,/content/drive/MyDrive/MaizeData/GOOD_SEED/IMG_20260706_113802.jpg,55f076af2710e24e291ae781cfb1d9584a76067d97112d1bd4dff0b09f17f1db,GOOD_SEED,1,55f076af2710e24e291ae781cfb1d9584a76067d97112d1bd4dff0b09f17f1db,validation
/content/drive/MyDrive/MaizeData/prepared_images/rgb_bilinear_v1_224/c33e5653a43a5906507827b698b90213fc87640a553fbf69e5aea75c375517f6_224x224.png,/content/drive/MyDrive/MaizeData/NO_MAIZE/IMG_5547.jpg,c33e5653a43a5906507827b698b90213fc87640a553fbf69e5aea75c375517f6,NO_MAIZE,2,c33e5653a43a5906507827b698b90213fc87640a553fbf69e5aea75c375517f6,validation
/content/drive/MyDrive/MaizeData/prepared_images/rgb_bilinear_v1_224/44366acdaba21e3b87f283f80b4276dd2b40bd16adfa27ee29a083cbc6f5e9e5_224x224.png,/content/drive/MyDrive/MaizeData/BAD_SEED/IMG_20260709_174758.jpg,44366acdaba21e3b87f283f80b4276dd2b40bd16adfa27ee29a083cbc6f5e9e5,BAD_SEED,0,44366acdaba21e3b87f283f80b4276dd2b40bd16adfa27ee29a083cbc6f5e9e5,validation
/content/drive/MyDrive/MaizeData/prepared_images/rgb_bilinear_v1_224/859a011684d8bbba6889afd0f577bac123cc219f0195b47841cd58885214e6ca_224x224.png,/content/drive/MyDrive/MaizeData/BAD_SEED/IMG_20260709_175642.jpg,859a011684d8bbba6889afd0f577bac123cc219f0195b47841cd58885214e6ca,BAD_SEED,0,859a011684d8bbba6889afd0f577bac123cc219f0195b47841cd58885214e6ca,validation
/content/drive/MyDrive/MaizeData/prepared_images/rgb_bilinear_v1_224/60e5c427d0c08b76a45949b02aca8e8cba74127f7580c7d83f556518de99dcd6_224x224.png,/content/drive/MyDrive/MaizeData/BAD_SEED/IMG_20260709_185131.jpg,60e5c427d0c08b76a45949b02aca8e8cba74127f7580c7d83f556518de99dcd6,BAD_SEED,0,60e5c427d0c08b76a45949b02aca8e8cba74127f7580c7d83f556518de99dcd6,validation
/content/drive/MyDrive/MaizeData/prepared_images/rgb_bilinear_v1_224/1a4ad327d8a989b282658d14a730d59a73be726d2ed57c744c400458a271baff_224x224.png,/content/drive/MyDrive/MaizeData/BAD_SEED/IMG_20260707_093007_1.jpg,1a4ad327d8a989b282658d14a730d59a73be726d2ed57c744c400458a271baff,BAD_SEED,0,1a4ad327d8a989b282658d14a730d59a73be726d2ed57c744c400458a271baff,validation
/content/drive/MyDrive/MaizeData/prepared_images/rgb_bilinear_v1_224/888b3113fe50e69e25af5944bea043926908443194e7e8e32e79624960f7f5ee_224x224.png,/content/drive/MyDrive/MaizeData/GOOD_SEED/IMG_20260706_075318.jpg,888b3113fe50e69e25af5944bea043926908443194e7e8e32e79624960f7f5ee,GOOD_SEED,1,888b3113fe50e69e25af5944bea043926908443194e7e8e32e79624960f7f5ee,validation
/content/drive/MyDrive/MaizeData/prepared_images/rgb_bilinear_v1_224/f381e07ec93be1500429b0a38f253d384c105142b77fcf66f4d4dc660ae19451_224x224.png,/content/drive/MyDrive/MaizeData/BAD_SEED/IMG_20260709_183138.jpg,f381e07ec93be1500429b0a38f253d384c105142b77fcf66f4d4dc660ae19451,BAD_SEED,0,f381e07ec93be1500429b0a38f253d384c105142b77fcf66f4d4dc660ae19451,validation
/content/drive/MyDrive/MaizeData/prepared_images/rgb_bilinear_v1_224/940fe2f08b5bff34cf0aa3f1fde9e048e41efb2f9f035d7efe90eda81f7ae2c4_224x224.png,/content/drive/MyDrive/MaizeData/BAD_SEED/IMG_20260707_084529.jpg,940fe2f08b5bff34cf0aa3f1fde9e048e41efb2f9f035d7efe90eda81f7ae2c4,BAD_SEED,0,940fe2f08b5bff34cf0aa3f1fde9e048e41efb2f9f035d7efe90eda81f7ae2c4,validation
/content/drive/MyDrive/MaizeData/prepared_images/rgb_bilinear_v1_224/d0833d3ce5699bb47a2638e2751ff755d11a6edd4400cc900ee40069fecf69ed_224x224.png,/content/drive/MyDrive/MaizeData/GOOD_SEED/IMG_20260706_075105.jpg,d0833d3ce5699bb47a2638e2751ff755d11a6edd4400cc900ee40069fecf69ed,GOOD_SEED,1,d0833d3ce5699bb47a2638e2751ff755d11a6edd4400cc900ee40069fecf69ed,validation
/content/drive/MyDrive/MaizeData/prepared_images/rgb_bilinear_v1_224/2b1ec8d7f0f0f528163612e9f666e17df1f9a5e6ca2911c7aedb12afdfa3bfd6_224x224.png,/content/drive/MyDrive/MaizeData/GOOD_SEED/IMG_20260706_095918.jpg,2b1ec8d7f0f0f528163612e9f666e17df1f9a5e6ca2911c7aedb12afdfa3bfd6,GOOD_SEED,1,2b1ec8d7f0f0f528163612e9f666e17df1f9a5e6ca2911c7aedb12afdfa3bfd6,validation
/content/drive/MyDrive/MaizeData/prepared_images/rgb_bilinear_v1_224/14f517e2e7c27188d40340fb1c84dfab47971921f9fd4814bf092cf1cc776be4_224x224.png,/content/drive/MyDrive/MaizeData/GOOD_SEED/IMG_20260706_072725.jpg,14f517e2e7c27188d40340fb1c84dfab47971921f9fd4814bf092cf1cc776be4,GOOD_SEED,1,14f517e2e7c27188d40340fb1c84dfab47971921f9fd4814bf092cf1cc776be4,validation
/content/drive/MyDrive/MaizeData/prepared_images/rgb_bilinear_v1_224/905c6168a774b2a2c03efb9858d76bd8d33fa9c6a46477cc9a9ee5efceadc74f_224x224.png,/content/drive/MyDrive/MaizeData/BAD_SEED/IMG_20260709_183822.jpg,905c6168a774b2a2c03efb9858d76bd8d33fa9c6a46477cc9a9ee5efceadc74f,BAD_SEED,0,905c6168a774b2a2c03efb9858d76bd8d33fa9c6a46477cc9a9ee5efceadc74f,validation
/content/drive/MyDrive/MaizeData/prepared_images/rgb_bilinear_v1_224/9c88e0b2067b09b4ba2b220687aa754e49b31305e2c89e9fb8e13dbb300c72bc_224x224.png,/content/drive/MyDrive/MaizeData/BAD_SEED/IMG_20260707_090305.jpg,9c88e0b2067b09b4ba2b220687aa754e49b31305e2c89e9fb8e13dbb300c72bc,BAD_SEED,0,9c88e0b2067b09b4ba2b220687aa754e49b31305e2c89e9fb8e13dbb300c72bc,validation
/content/drive/MyDrive/MaizeData/prepared_images/rgb_bilinear_v1_224/dc554fbbe2b1a483edefe68f58992b5d2567f7127b9d8572a6a22dec3a88a4ff_224x224.png,/content/drive/MyDrive/MaizeData/BAD_SEED/IMG_20260707_095522.jpg,dc554fbbe2b1a483edefe68f58992b5d2567f7127b9d8572a6a22dec3a88a4ff,BAD_SEED,0,dc554fbbe2b1a483edefe68f58992b5d2567f7127b9d8572a6a22dec3a88a4ff,validation
/content/drive/MyDrive/MaizeData/prepared_images/rgb_bilinear_v1_224/78db28201b5964452afb0b20c1d35c585ec215844d6902cb9050e480f1f2d8ee_224x224.png,/content/drive/MyDrive/MaizeData/BAD_SEED/IMG_20260709_095321.jpg,78db28201b5964452afb0b20c1d35c585ec215844d6902cb9050e480f1f2d8ee,BAD_SEED,0,78db28201b5964452afb0b20c1d35c585ec215844d6902cb9050e480f1f2d8ee,validation
/content/drive/MyDrive/MaizeData/prepared_images/rgb_bilinear_v1_224/0dea9996b92b10e89276b33d8d03baebf6b5231d263f17b681c81d30c54e4508_224x224.png,/content/drive/MyDrive/MaizeData/BAD_SEED/IMG_20260707_100345.jpg,0dea9996b92b10e89276b33d8d03baebf6b5231d263f17b681c81d30c54e4508,BAD_SEED,0,0dea9996b92b10e89276b33d8d03baebf6b5231d263f17b681c81d30c54e4508,validation
/content/drive/MyDrive/MaizeData/prepared_images/rgb_bilinear_v1_224/6369e17aea4e66e8ba02ab621f12c37d2cc3cc40ac9bcb16cb9df1d781ffa93c_224x224.png,/content/drive/MyDrive/MaizeData/BAD_SEED/IMG_20260707_091749.jpg,6369e17aea4e66e8ba02ab621f12c37d2cc3cc40ac9bcb16cb9df1d781ffa93c,BAD_SEED,0,6369e17aea4e66e8ba02ab621f12c37d2cc3cc40ac9bcb16cb9df1d781ffa93c,validation
/content/drive/MyDrive/MaizeData/prepared_images/rgb_bilinear_v1_224/0c0b0f32b77ef471a854cecd13b8f1b1061e9c6d5a69fbd15918de8794776fed_224x224.png,/content/drive/MyDrive/MaizeData/GOOD_SEED/IMG_20260706_072840.jpg,0c0b0f32b77ef471a854cecd13b8f1b1061e9c6d5a69fbd15918de8794776fed,GOOD_SEED,1,0c0b0f32b77ef471a854cecd13b8f1b1061e9c6d5a69fbd15918de8794776fed,validation
/content/drive/MyDrive/MaizeData/prepared_images/rgb_bilinear_v1_224/4b67db06073fe319f4a5ba6b0c99b7f5e35093ee2686a02d2b351aa403582a7a_224x224.png,/content/drive/MyDrive/MaizeData/GOOD_SEED/IMG_20260706_094213.jpg,4b67db06073fe319f4a5ba6b0c99b7f5e35093ee2686a02d2b351aa403582a7a,GOOD_SEED,1,4b67db06073fe319f4a5ba6b0c99b7f5e35093ee2686a02d2b351aa403582a7a,validation
/content/drive/MyDrive/MaizeData/prepared_images/rgb_bilinear_v1_224/31e56ea18c49735cc89e19cb5936c15093d308c1ef052eebe5055253928cd185_224x224.png,/content/drive/MyDrive/MaizeData/GOOD_SEED/IMG_20260706_113416_1.jpg,31e56ea18c49735cc89e19cb5936c15093d308c1ef052eebe5055253928cd185,GOOD_SEED,1,31e56ea18c49735cc89e19cb5936c15093d308c1ef052eebe5055253928cd185,validation
/content/drive/MyDrive/MaizeData/prepared_images/rgb_bilinear_v1_224/a1a8f04dfe22fded5f8be3fd82d4dcfe7e4243f9e025a47581ba29363e119484_224x224.png,/content/drive/MyDrive/MaizeData/NO_MAIZE/IMG_5557.jpg,a1a8f04dfe22fded5f8be3fd82d4dcfe7e4243f9e025a47581ba29363e119484,NO_MAIZE,2,a1a8f04dfe22fded5f8be3fd82d4dcfe7e4243f9e025a47581ba29363e119484,validation
/content/drive/MyDrive/MaizeData/prepared_images/rgb_bilinear_v1_224/924a9b25b50db912fccd5b65cbdc8bb378aae78bd26603aea4dd36bca87d1d76_224x224.png,/content/drive/MyDrive/MaizeData/GOOD_SEED/IMG_20260706_113201.jpg,924a9b25b50db912fccd5b65cbdc8bb378aae78bd26603aea4dd36bca87d1d76,GOOD_SEED,1,924a9b25b50db912fccd5b65cbdc8bb378aae78bd26603aea4dd36bca87d1d76,validation
/content/drive/MyDrive/MaizeData/prepared_images/rgb_bilinear_v1_224/fd75b1d74f2dee5ccb91e30e2e4879db1b4637e5b38bfe8acda4d7d121104c12_224x224.png,/content/drive/MyDrive/MaizeData/BAD_SEED/IMG_20260707_092959.jpg,fd75b1d74f2dee5ccb91e30e2e4879db1b4637e5b38bfe8acda4d7d121104c12,BAD_SEED,0,fd75b1d74f2dee5ccb91e30e2e4879db1b4637e5b38bfe8acda4d7d121104c12,validation
/content/drive/MyDrive/MaizeData/prepared_images/rgb_bilinear_v1_224/0f1a8651752a144271016a3d58b4d1e93bbdf5f14f5769779bbc43518f43eecf_224x224.png,/content/drive/MyDrive/MaizeData/GOOD_SEED/IMG_20260706_103208.jpg,0f1a8651752a144271016a3d58b4d1e93bbdf5f14f5769779bbc43518f43eecf,GOOD_SEED,1,0f1a8651752a144271016a3d58b4d1e93bbdf5f14f5769779bbc43518f43eecf,validation
/content/drive/MyDrive/MaizeData/prepared_images/rgb_bilinear_v1_224/33f5637b1a59826b6419c45814abf02496c65e7bec4b3cf8259a62da41a343d2_224x224.png,/content/drive/MyDrive/MaizeData/BAD_SEED/IMG_20260707_090213_1.jpg,33f5637b1a59826b6419c45814abf02496c65e7bec4b3cf8259a62da41a343d2,BAD_SEED,0,33f5637b1a59826b6419c45814abf02496c65e7bec4b3cf8259a62da41a343d2,validation
/content/drive/MyDrive/MaizeData/prepared_images/rgb_bilinear_v1_224/5d7186be0e8467123f867f06123e1de1a02dda50849e4a0331def554e75faeb8_224x224.png,/content/drive/MyDrive/MaizeData/BAD_SEED/IMG_20260709_091748.jpg,5d7186be0e8467123f867f06123e1de1a02dda50849e4a0331def554e75faeb8,BAD_SEED,0,5d7186be0e8467123f867f06123e1de1a02dda50849e4a0331def554e75faeb8,validation
/content/drive/MyDrive/MaizeData/prepared_images/rgb_bilinear_v1_224/ce2091967e11acadb2a081aa1b8621fe99a94414382022139ce905a766944b5f_224x224.png,/content/drive/MyDrive/MaizeData/BAD_SEED/IMG_20260709_092309.jpg,ce2091967e11acadb2a081aa1b8621fe99a94414382022139ce905a766944b5f,BAD_SEED,0,ce2091967e11acadb2a081aa1b8621fe99a94414382022139ce905a766944b5f,validation
/content/drive/MyDrive/MaizeData/prepared_images/rgb_bilinear_v1_224/a0a71fa59ce9fe9e46fc1abe1f5039bbb102c617caca9e0a0e8805378f00c3f8_224x224.png,/content/drive/MyDrive/MaizeData/NO_MAIZE/IMG_5583.jpg,a0a71fa59ce9fe9e46fc1abe1f5039bbb102c617caca9e0a0e8805378f00c3f8,NO_MAIZE,2,a0a71fa59ce9fe9e46fc1abe1f5039bbb102c617caca9e0a0e8805378f00c3f8,validation
/content/drive/MyDrive/MaizeData/prepared_images/rgb_bilinear_v1_224/9409496e5e037a0350044cf2b176acfd66e613ee67bb79253d2169e2a91a2385_224x224.png,/content/drive/MyDrive/MaizeData/BAD_SEED/IMG_20260709_091416_1.jpg,9409496e5e037a0350044cf2b176acfd66e613ee67bb79253d2169e2a91a2385,BAD_SEED,0,9409496e5e037a0350044cf2b176acfd66e613ee67bb79253d2169e2a91a2385,validation
/content/drive/MyDrive/MaizeData/prepared_images/rgb_bilinear_v1_224/bef4a4ad3fc99233c23860f6a4ed968c8f7ac32976c8c5f138aaeef6cbd1abcd_224x224.png,/content/drive/MyDrive/MaizeData/GOOD_SEED/IMG_20260706_082037.jpg,bef4a4ad3fc99233c23860f6a4ed968c8f7ac32976c8c5f138aaeef6cbd1abcd,GOOD_SEED,1,bef4a4ad3fc99233c23860f6a4ed968c8f7ac32976c8c5f138aaeef6cbd1abcd,validation
/content/drive/MyDrive/MaizeData/prepared_images/rgb_bilinear_v1_224/98161e8c26ae98501d7f4f8efaa458474d6b6689b3ed2e975053d05e496709e3_224x224.png,/content/drive/MyDrive/MaizeData/NO_MAIZE/IMG_5538.jpg,98161e8c26ae98501d7f4f8efaa458474d6b6689b3ed2e975053d05e496709e3,NO_MAIZE,2,98161e8c26ae98501d7f4f8efaa458474d6b6689b3ed2e975053d05e496709e3,validation
/content/drive/MyDrive/MaizeData/prepared_images/rgb_bilinear_v1_224/5c9b21b9e79af85f6ce72c567ed300a2aea4deee072e0a019c1f4e417d5e4348_224x224.png,/content/drive/MyDrive/MaizeData/NO_MAIZE/IMG_5615.jpg,5c9b21b9e79af85f6ce72c567ed300a2aea4deee072e0a019c1f4e417d5e4348,NO_MAIZE,2,5c9b21b9e79af85f6ce72c567ed300a2aea4deee072e0a019c1f4e417d5e4348,validation
/content/drive/MyDrive/MaizeData/prepared_images/rgb_bilinear_v1_224/bf75f1d90d175a4ab77f8fa976b21628502577db569c6332229ae0e45a09e0e2_224x224.png,/content/drive/MyDrive/MaizeData/GOOD_SEED/IMG_20260706_112624.jpg,bf75f1d90d175a4ab77f8fa976b21628502577db569c6332229ae0e45a09e0e2,GOOD_SEED,1,bf75f1d90d175a4ab77f8fa976b21628502577db569c6332229ae0e45a09e0e2,validation
/content/drive/MyDrive/MaizeData/prepared_images/rgb_bilinear_v1_224/bc6c8daff0a29d813fb90056dcbddf2479004d6eba8a82e711718509cdc5b4c1_224x224.png,/content/drive/MyDrive/MaizeData/GOOD_SEED/IMG_20260706_090948.jpg,bc6c8daff0a29d813fb90056dcbddf2479004d6eba8a82e711718509cdc5b4c1,GOOD_SEED,1,bc6c8daff0a29d813fb90056dcbddf2479004d6eba8a82e711718509cdc5b4c1,validation
/content/drive/MyDrive/MaizeData/prepared_images/rgb_bilinear_v1_224/5f808d2d0dfa005f1f7da26856d21e1aed0dbc10a251e3cf9036e118a7a82114_224x224.png,/content/drive/MyDrive/MaizeData/NO_MAIZE/IMG_5546.jpg,5f808d2d0dfa005f1f7da26856d21e1aed0dbc10a251e3cf9036e118a7a82114,NO_MAIZE,2,5f808d2d0dfa005f1f7da26856d21e1aed0dbc10a251e3cf9036e118a7a82114,validation
/content/drive/MyDrive/MaizeData/prepared_images/rgb_bilinear_v1_224/8763d9f3bb00bfea2f15dd6d3dfbae8218e4d920167287da5add92a99dfdf4d2_224x224.png,/content/drive/MyDrive/MaizeData/GOOD_SEED/IMG_20260706_100156_1.jpg,8763d9f3bb00bfea2f15dd6d3dfbae8218e4d920167287da5add92a99dfdf4d2,GOOD_SEED,1,8763d9f3bb00bfea2f15dd6d3dfbae8218e4d920167287da5add92a99dfdf4d2,validation
/content/drive/MyDrive/MaizeData/prepared_images/rgb_bilinear_v1_224/abcba0c7c57e55ae135265d29f7b81fc56a4d9244f49361683419841ac4a8eb2_224x224.png,/content/drive/MyDrive/MaizeData/GOOD_SEED/IMG_20260706_102048.jpg,abcba0c7c57e55ae135265d29f7b81fc56a4d9244f49361683419841ac4a8eb2,GOOD_SEED,1,abcba0c7c57e55ae135265d29f7b81fc56a4d9244f49361683419841ac4a8eb2,validation
/content/drive/MyDrive/MaizeData/prepared_images/rgb_bilinear_v1_224/63d2ac4916ed31cb080aab44444d8d15f4c6629f58283bb1786cfc642350221e_224x224.png,/content/drive/MyDrive/MaizeData/BAD_SEED/IMG_20260707_083932.jpg,63d2ac4916ed31cb080aab44444d8d15f4c6629f58283bb1786cfc642350221e,BAD_SEED,0,63d2ac4916ed31cb080aab44444d8d15f4c6629f58283bb1786cfc642350221e,validation
/content/drive/MyDrive/MaizeData/prepared_images/rgb_bilinear_v1_224/3d31120cb004ec2a5d76f22a41575fdd4713ee79f7289ba893f3378caf7db73c_224x224.png,/content/drive/MyDrive/MaizeData/BAD_SEED/IMG_20260707_091552.jpg,3d31120cb004ec2a5d76f22a41575fdd4713ee79f7289ba893f3378caf7db73c,BAD_SEED,0,3d31120cb004ec2a5d76f22a41575fdd4713ee79f7289ba893f3378caf7db73c,validation
/content/drive/MyDrive/MaizeData/prepared_images/rgb_bilinear_v1_224/247cb19073d2f54257043e094add802ecc28b015784d819623d9f7fabdc363af_224x224.png,/content/drive/MyDrive/MaizeData/BAD_SEED/IMG_20260707_102230.jpg,247cb19073d2f54257043e094add802ecc28b015784d819623d9f7fabdc363af,BAD_SEED,0,247cb19073d2f54257043e094add802ecc28b015784d819623d9f7fabdc363af,validation
/content/drive/MyDrive/MaizeData/prepared_images/rgb_bilinear_v1_224/1894edd650ed96010ee5a2cd64428dfd9c4818082968a2e6d492b51381846a02_224x224.png,/content/drive/MyDrive/MaizeData/BAD_SEED/IMG_20260707_094336.jpg,1894edd650ed96010ee5a2cd64428dfd9c4818082968a2e6d492b51381846a02,BAD_SEED,0,1894edd650ed96010ee5a2cd64428dfd9c4818082968a2e6d492b51381846a02,validation
/content/drive/MyDrive/MaizeData/prepared_images/rgb_bilinear_v1_224/d08094e60943d5229087254510ac66c34a4009c76290426033c679c301157567_224x224.png,/content/drive/MyDrive/MaizeData/BAD_SEED/IMG_20260709_175258.jpg,d08094e60943d5229087254510ac66c34a4009c76290426033c679c301157567,BAD_SEED,0,d08094e60943d5229087254510ac66c34a4009c76290426033c679c301157567,validation
/content/drive/MyDrive/MaizeData/prepared_images/rgb_bilinear_v1_224/cece78d6ba6c145213cbfd5dd8d41a9dc1f7b4a16f597cda75957ebd7a1d440b_224x224.png,/content/drive/MyDrive/MaizeData/BAD_SEED/IMG_20260707_084630.jpg,cece78d6ba6c145213cbfd5dd8d41a9dc1f7b4a16f597cda75957ebd7a1d440b,BAD_SEED,0,cece78d6ba6c145213cbfd5dd8d41a9dc1f7b4a16f597cda75957ebd7a1d440b,validation
/content/drive/MyDrive/MaizeData/prepared_images/rgb_bilinear_v1_224/a20aee97f9ecad7da0a774379f01d5e5896dc1b5333272925825586384554726_224x224.png,/content/drive/MyDrive/MaizeData/BAD_SEED/IMG_20260709_175428.jpg,a20aee97f9ecad7da0a774379f01d5e5896dc1b5333272925825586384554726,BAD_SEED,0,a20aee97f9ecad7da0a774379f01d5e5896dc1b5333272925825586384554726,validation
/content/drive/MyDrive/MaizeData/prepared_images/rgb_bilinear_v1_224/4f196070d6184528dc2cac554ac8b2db2b9df2e476a1971de5e93c004d871add_224x224.png,/content/drive/MyDrive/MaizeData/GOOD_SEED/IMG_20260706_100250_1.jpg,4f196070d6184528dc2cac554ac8b2db2b9df2e476a1971de5e93c004d871add,GOOD_SEED,1,4f196070d6184528dc2cac554ac8b2db2b9df2e476a1971de5e93c004d871add,validation
/content/drive/MyDrive/MaizeData/prepared_images/rgb_bilinear_v1_224/a0d158b97cba93ed1ac6b964a872d60698dd30c642c8df961d187a363a2b3010_224x224.png,/content/drive/MyDrive/MaizeData/GOOD_SEED/IMG_20260706_113621.jpg,a0d158b97cba93ed1ac6b964a872d60698dd30c642c8df961d187a363a2b3010,GOOD_SEED,1,a0d158b97cba93ed1ac6b964a872d60698dd30c642c8df961d187a363a2b3010,validation
/content/drive/MyDrive/MaizeData/prepared_images/rgb_bilinear_v1_224/f385a7fa4753bcdc9cf213321b8ae8177b3d220816f4b16e4c1b33afe4e18025_224x224.png,/content/drive/MyDrive/MaizeData/BAD_SEED/IMG_20260707_094103.jpg,f385a7fa4753bcdc9cf213321b8ae8177b3d220816f4b16e4c1b33afe4e18025,BAD_SEED,0,f385a7fa4753bcdc9cf213321b8ae8177b3d220816f4b16e4c1b33afe4e18025,validation
/content/drive/MyDrive/MaizeData/prepared_images/rgb_bilinear_v1_224/c721fb191b797b42de0035a41ee46cd50f37a62e7e3923ea7cd0d06fb84bc729_224x224.png,/content/drive/MyDrive/MaizeData/BAD_SEED/IMG_20260707_092951.jpg,c721fb191b797b42de0035a41ee46cd50f37a62e7e3923ea7cd0d06fb84bc729,BAD_SEED,0,c721fb191b797b42de0035a41ee46cd50f37a62e7e3923ea7cd0d06fb84bc729,validation
/content/drive/MyDrive/MaizeData/prepared_images/rgb_bilinear_v1_224/66ca0e6f82f7e0942eda0ad34753e3ec7d8129ae284e5685cf90bdf1f8a38695_224x224.png,/content/drive/MyDrive/MaizeData/GOOD_SEED/IMG_20260706_113045_1.jpg,66ca0e6f82f7e0942eda0ad34753e3ec7d8129ae284e5685cf90bdf1f8a38695,GOOD_SEED,1,66ca0e6f82f7e0942eda0ad34753e3ec7d8129ae284e5685cf90bdf1f8a38695,validation
/content/drive/MyDrive/MaizeData/prepared_images/rgb_bilinear_v1_224/f4a9632cfe75786251ebfcee89fd04e3281e43761ec74e18bef2464f113e9ebd_224x224.png,/content/drive/MyDrive/MaizeData/BAD_SEED/IMG_20260709_174636.jpg,f4a9632cfe75786251ebfcee89fd04e3281e43761ec74e18bef2464f113e9ebd,BAD_SEED,0,f4a9632cfe75786251ebfcee89fd04e3281e43761ec74e18bef2464f113e9ebd,validation
/content/drive/MyDrive/MaizeData/prepared_images/rgb_bilinear_v1_224/827a71c5dde9f9a20940aafb60caf426b4a58dd26358ea5c11c32a13012296a2_224x224.png,/content/drive/MyDrive/MaizeData/BAD_SEED/IMG_20260707_095511.jpg,827a71c5dde9f9a20940aafb60caf426b4a58dd26358ea5c11c32a13012296a2,BAD_SEED,0,827a71c5dde9f9a20940aafb60caf426b4a58dd26358ea5c11c32a13012296a2,validation
/content/drive/MyDrive/MaizeData/prepared_images/rgb_bilinear_v1_224/fa1232f115b4b16656eedcdae6d9895ca7c7d996f557e153291c6a0b66e8e1d9_224x224.png,/content/drive/MyDrive/MaizeData/GOOD_SEED/IMG_20260706_074856.jpg,fa1232f115b4b16656eedcdae6d9895ca7c7d996f557e153291c6a0b66e8e1d9,GOOD_SEED,1,fa1232f115b4b16656eedcdae6d9895ca7c7d996f557e153291c6a0b66e8e1d9,validation
/content/drive/MyDrive/MaizeData/prepared_images/rgb_bilinear_v1_224/4a5c654c2452670072f229401d7dba79b7c5bc599f50e9f9a7c425917249a5e7_224x224.png,/content/drive/MyDrive/MaizeData/GOOD_SEED/IMG_20260706_073042.jpg,4a5c654c2452670072f229401d7dba79b7c5bc599f50e9f9a7c425917249a5e7,GOOD_SEED,1,4a5c654c2452670072f229401d7dba79b7c5bc599f50e9f9a7c425917249a5e7,validation
/content/drive/MyDrive/MaizeData/prepared_images/rgb_bilinear_v1_224/36fa0b5a1c43b717c31c7c16baf0b4ec4d5df79a6237d8422b0d963fa831e3f0_224x224.png,/content/drive/MyDrive/MaizeData/GOOD_SEED/IMG_20260706_085216.jpg,36fa0b5a1c43b717c31c7c16baf0b4ec4d5df79a6237d8422b0d963fa831e3f0,GOOD_SEED,1,36fa0b5a1c43b717c31c7c16baf0b4ec4d5df79a6237d8422b0d963fa831e3f0,validation
/content/drive/MyDrive/MaizeData/prepared_images/rgb_bilinear_v1_224/cc3a73eef5a40708991054171bd230dd58d452969fb35d6900d7f0f3620db953_224x224.png,/content/drive/MyDrive/MaizeData/BAD_SEED/IMG_20260707_091543_1.jpg,cc3a73eef5a40708991054171bd230dd58d452969fb35d6900d7f0f3620db953,BAD_SEED,0,cc3a73eef5a40708991054171bd230dd58d452969fb35d6900d7f0f3620db953,validation
/content/drive/MyDrive/MaizeData/prepared_images/rgb_bilinear_v1_224/dc05d135702aa9f07952c3ea525ee80e62053748f07f09407c667d3e96fad2be_224x224.png,/content/drive/MyDrive/MaizeData/BAD_SEED/IMG_20260707_094432_1.jpg,dc05d135702aa9f07952c3ea525ee80e62053748f07f09407c667d3e96fad2be,BAD_SEED,0,dc05d135702aa9f07952c3ea525ee80e62053748f07f09407c667d3e96fad2be,validation
/content/drive/MyDrive/MaizeData/prepared_images/rgb_bilinear_v1_224/951cadd7cf7b4e00d6f8038a8de7edefac8c01ddc3958d1f3173bba9a46f4d52_224x224.png,/content/drive/MyDrive/MaizeData/BAD_SEED/IMG_20260709_180006.jpg,951cadd7cf7b4e00d6f8038a8de7edefac8c01ddc3958d1f3173bba9a46f4d52,BAD_SEED,0,951cadd7cf7b4e00d6f8038a8de7edefac8c01ddc3958d1f3173bba9a46f4d52,validation
/content/drive/MyDrive/MaizeData/prepared_images/rgb_bilinear_v1_224/31bd455126843b39135ad2764ba64bc895624f99d75cd44085081eafb61bf4b4_224x224.png,/content/drive/MyDrive/MaizeData/BAD_SEED/IMG_20260709_085852.jpg,31bd455126843b39135ad2764ba64bc895624f99d75cd44085081eafb61bf4b4,BAD_SEED,0,31bd455126843b39135ad2764ba64bc895624f99d75cd44085081eafb61bf4b4,validation
/content/drive/MyDrive/MaizeData/prepared_images/rgb_bilinear_v1_224/b1e2157fcae79a4b1175c43a82a7924ab89f936db537fd1314d7f9c518db21bd_224x224.png,/content/drive/MyDrive/MaizeData/GOOD_SEED/IMG_20260706_075619.jpg,b1e2157fcae79a4b1175c43a82a7924ab89f936db537fd1314d7f9c518db21bd,GOOD_SEED,1,b1e2157fcae79a4b1175c43a82a7924ab89f936db537fd1314d7f9c518db21bd,validation
/content/drive/MyDrive/MaizeData/prepared_images/rgb_bilinear_v1_224/531df9aadfaa67373605e7639a04a379ee13ebf08607a8413f802b821a3bf77c_224x224.png,/content/drive/MyDrive/MaizeData/GOOD_SEED/IMG_20260706_081524.jpg,531df9aadfaa67373605e7639a04a379ee13ebf08607a8413f802b821a3bf77c,GOOD_SEED,1,531df9aadfaa67373605e7639a04a379ee13ebf08607a8413f802b821a3bf77c,validation
/content/drive/MyDrive/MaizeData/prepared_images/rgb_bilinear_v1_224/b4fca5831375da781db27039bfd514f586dfb32a84c618c8c9d9a5a984a4f938_224x224.png,/content/drive/MyDrive/MaizeData/GOOD_SEED/IMG_20260706_103907.jpg,b4fca5831375da781db27039bfd514f586dfb32a84c618c8c9d9a5a984a4f938,GOOD_SEED,1,b4fca5831375da781db27039bfd514f586dfb32a84c618c8c9d9a5a984a4f938,validation
/content/drive/MyDrive/MaizeData/prepared_images/rgb_bilinear_v1_224/034066d6a49debb741af0c06614044ead0072361e19a5b399a38fc89d5f157c5_224x224.png,/content/drive/MyDrive/MaizeData/BAD_SEED/IMG_20260709_183459.jpg,034066d6a49debb741af0c06614044ead0072361e19a5b399a38fc89d5f157c5,BAD_SEED,0,034066d6a49debb741af0c06614044ead0072361e19a5b399a38fc89d5f157c5,validation
/content/drive/MyDrive/MaizeData/prepared_images/rgb_bilinear_v1_224/13e8cf9c64cba2b8f01fe3bb4bee124ed5e7efb803b9faf12ff1edb3f3d6ab70_224x224.png,/content/drive/MyDrive/MaizeData/NO_MAIZE/IMG_5578.jpg,13e8cf9c64cba2b8f01fe3bb4bee124ed5e7efb803b9faf12ff1edb3f3d6ab70,NO_MAIZE,2,13e8cf9c64cba2b8f01fe3bb4bee124ed5e7efb803b9faf12ff1edb3f3d6ab70,validation
/content/drive/MyDrive/MaizeData/prepared_images/rgb_bilinear_v1_224/04af68e1038cc63cce908da6b356b0881465f420ae21fe216f2c8eace8a49b4e_224x224.png,/content/drive/MyDrive/MaizeData/GOOD_SEED/IMG_20260706_085335.jpg,04af68e1038cc63cce908da6b356b0881465f420ae21fe216f2c8eace8a49b4e,GOOD_SEED,1,04af68e1038cc63cce908da6b356b0881465f420ae21fe216f2c8eace8a49b4e,validation
/content/drive/MyDrive/MaizeData/prepared_images/rgb_bilinear_v1_224/ce3a2a9dc98ba51755ef2e8f41ce51f1438c3267a26944d067b784636fe3b3ff_224x224.png,/content/drive/MyDrive/MaizeData/BAD_SEED/IMG_20260709_095125_1.jpg,ce3a2a9dc98ba51755ef2e8f41ce51f1438c3267a26944d067b784636fe3b3ff,BAD_SEED,0,ce3a2a9dc98ba51755ef2e8f41ce51f1438c3267a26944d067b784636fe3b3ff,validation
/content/drive/MyDrive/MaizeData/prepared_images/rgb_bilinear_v1_224/b0d23f3c0da2025f532e3d41d12c44304a88f9ac7a45b815cbd8aabaaf163a2f_224x224.png,/content/drive/MyDrive/MaizeData/BAD_SEED/IMG_20260709_180239.jpg,b0d23f3c0da2025f532e3d41d12c44304a88f9ac7a45b815cbd8aabaaf163a2f,BAD_SEED,0,b0d23f3c0da2025f532e3d41d12c44304a88f9ac7a45b815cbd8aabaaf163a2f,validation
/content/drive/MyDrive/MaizeData/prepared_images/rgb_bilinear_v1_224/f0503da734ec8b3a2c2d699e61e58b6e5bbcd9e79b4f09dfe4367b29761c764e_224x224.png,/content/drive/MyDrive/MaizeData/GOOD_SEED/IMG_20260706_102252.jpg,f0503da734ec8b3a2c2d699e61e58b6e5bbcd9e79b4f09dfe4367b29761c764e,GOOD_SEED,1,f0503da734ec8b3a2c2d699e61e58b6e5bbcd9e79b4f09dfe4367b29761c764e,validation
/content/drive/MyDrive/MaizeData/prepared_images/rgb_bilinear_v1_224/1f604bc9cd148446e233d8183cbbd854d4c9d2d281c81cb3724d8ecef3900636_224x224.png,/content/drive/MyDrive/MaizeData/GOOD_SEED/IMG_20260706_090352_1.jpg,1f604bc9cd148446e233d8183cbbd854d4c9d2d281c81cb3724d8ecef3900636,GOOD_SEED,1,1f604bc9cd148446e233d8183cbbd854d4c9d2d281c81cb3724d8ecef3900636,validation
/content/drive/MyDrive/MaizeData/prepared_images/rgb_bilinear_v1_224/5541e81d92621979207ea072a353045304dfd54c28ba46458ffe37bf3bc5c020_224x224.png,/content/drive/MyDrive/MaizeData/BAD_SEED/IMG_20260709_185542.jpg,5541e81d92621979207ea072a353045304dfd54c28ba46458ffe37bf3bc5c020,BAD_SEED,0,5541e81d92621979207ea072a353045304dfd54c28ba46458ffe37bf3bc5c020,validation
/content/drive/MyDrive/MaizeData/prepared_images/rgb_bilinear_v1_224/212f3c8802b38c841aa98cfd100cedbc1cd532d22f4852d468c2d802f2f1595c_224x224.png,/content/drive/MyDrive/MaizeData/BAD_SEED/IMG_20260707_101332.jpg,212f3c8802b38c841aa98cfd100cedbc1cd532d22f4852d468c2d802f2f1595c,BAD_SEED,0,212f3c8802b38c841aa98cfd100cedbc1cd532d22f4852d468c2d802f2f1595c,validation
/content/drive/MyDrive/MaizeData/prepared_images/rgb_bilinear_v1_224/17cffdca147918abbaccc3262701912c8bc00044d2f166bbf5b019c308216e33_224x224.png,/content/drive/MyDrive/MaizeData/BAD_SEED/IMG_20260709_092823.jpg,17cffdca147918abbaccc3262701912c8bc00044d2f166bbf5b019c308216e33,BAD_SEED,0,17cffdca147918abbaccc3262701912c8bc00044d2f166bbf5b019c308216e33,validation
/content/drive/MyDrive/MaizeData/prepared_images/rgb_bilinear_v1_224/fd6df5ce9c34bfc9189503b7e6d8f90827e26c9a825c2eec418bb67311d0176c_224x224.png,/content/drive/MyDrive/MaizeData/GOOD_SEED/IMG_20260706_090537.jpg,fd6df5ce9c34bfc9189503b7e6d8f90827e26c9a825c2eec418bb67311d0176c,GOOD_SEED,1,fd6df5ce9c34bfc9189503b7e6d8f90827e26c9a825c2eec418bb67311d0176c,validation
/content/drive/MyDrive/MaizeData/prepared_images/rgb_bilinear_v1_224/26d5825e55e259081c0f3387dcfec94d9792fe5318edd436bb11f0541ef3bf64_224x224.png,/content/drive/MyDrive/MaizeData/BAD_SEED/IMG_20260709_095045.jpg,26d5825e55e259081c0f3387dcfec94d9792fe5318edd436bb11f0541ef3bf64,BAD_SEED,0,26d5825e55e259081c0f3387dcfec94d9792fe5318edd436bb11f0541ef3bf64,validation
/content/drive/MyDrive/MaizeData/prepared_images/rgb_bilinear_v1_224/985a44c2d0b489e2c7eceffb28f8216bfb4bad388fd02ac27607bd5bd47c1cf0_224x224.png,/content/drive/MyDrive/MaizeData/GOOD_SEED/IMG_20260706_083310.jpg,985a44c2d0b489e2c7eceffb28f8216bfb4bad388fd02ac27607bd5bd47c1cf0,GOOD_SEED,1,985a44c2d0b489e2c7eceffb28f8216bfb4bad388fd02ac27607bd5bd47c1cf0,validation
/content/drive/MyDrive/MaizeData/prepared_images/rgb_bilinear_v1_224/db2c575df281cdcdd844068ed73484566bbf79cad19f9e563492e81a7c355c54_224x224.png,/content/drive/MyDrive/MaizeData/GOOD_SEED/IMG_20260706_094648.jpg,db2c575df281cdcdd844068ed73484566bbf79cad19f9e563492e81a7c355c54,GOOD_SEED,1,db2c575df281cdcdd844068ed73484566bbf79cad19f9e563492e81a7c355c54,validation
/content/drive/MyDrive/MaizeData/prepared_images/rgb_bilinear_v1_224/3d5371ec5ffaf5be426cf74725bcca2f1f6da6eceaae0a8d5d35e1297cb7d821_224x224.png,/content/drive/MyDrive/MaizeData/GOOD_SEED/IMG_20260706_103237.jpg,3d5371ec5ffaf5be426cf74725bcca2f1f6da6eceaae0a8d5d35e1297cb7d821,GOOD_SEED,1,3d5371ec5ffaf5be426cf74725bcca2f1f6da6eceaae0a8d5d35e1297cb7d821,validation
/content/drive/MyDrive/MaizeData/prepared_images/rgb_bilinear_v1_224/be8b97c800cd2247160dc5b675a6ab41df7a3c6dae46363d0f75fa739bc60c33_224x224.png,/content/drive/MyDrive/MaizeData/BAD_SEED/IMG_20260707_094528_1.jpg,be8b97c800cd2247160dc5b675a6ab41df7a3c6dae46363d0f75fa739bc60c33,BAD_SEED,0,be8b97c800cd2247160dc5b675a6ab41df7a3c6dae46363d0f75fa739bc60c33,test
/content/drive/MyDrive/MaizeData/prepared_images/rgb_bilinear_v1_224/0b8c85baec7209bb395c4469b843bed531c64d7e7d034a56601ba3b0be04f639_224x224.png,/content/drive/MyDrive/MaizeData/BAD_SEED/IMG_20260709_095535.jpg,0b8c85baec7209bb395c4469b843bed531c64d7e7d034a56601ba3b0be04f639,BAD_SEED,0,0b8c85baec7209bb395c4469b843bed531c64d7e7d034a56601ba3b0be04f639,test
/content/drive/MyDrive/MaizeData/prepared_images/rgb_bilinear_v1_224/32bdce04ba92fe11346421ae91f9aaa2396090e1481b8cc24df45051e3131116_224x224.png,/content/drive/MyDrive/MaizeData/GOOD_SEED/IMG_20260706_072542.jpg,32bdce04ba92fe11346421ae91f9aaa2396090e1481b8cc24df45051e3131116,GOOD_SEED,1,32bdce04ba92fe11346421ae91f9aaa2396090e1481b8cc24df45051e3131116,test
/content/drive/MyDrive/MaizeData/prepared_images/rgb_bilinear_v1_224/2d596f1e023c2605d5fac061c242b8382d5e082874fe24b60088e9e3bf354dde_224x224.png,/content/drive/MyDrive/MaizeData/GOOD_SEED/IMG_20260706_075700.jpg,2d596f1e023c2605d5fac061c242b8382d5e082874fe24b60088e9e3bf354dde,GOOD_SEED,1,2d596f1e023c2605d5fac061c242b8382d5e082874fe24b60088e9e3bf354dde,test
/content/drive/MyDrive/MaizeData/prepared_images/rgb_bilinear_v1_224/17783247a134acacde3c0080d8a3a140524ba54d8f0214a28423c90ff8fe94d4_224x224.png,/content/drive/MyDrive/MaizeData/GOOD_SEED/IMG_20260706_102654.jpg,17783247a134acacde3c0080d8a3a140524ba54d8f0214a28423c90ff8fe94d4,GOOD_SEED,1,17783247a134acacde3c0080d8a3a140524ba54d8f0214a28423c90ff8fe94d4,test
/content/drive/MyDrive/MaizeData/prepared_images/rgb_bilinear_v1_224/a0c3e28acdadddd334e8807f549e125d3ae2ab8f49570c367b20dcde5579ae32_224x224.png,/content/drive/MyDrive/MaizeData/NO_MAIZE/IMG_5566.jpg,a0c3e28acdadddd334e8807f549e125d3ae2ab8f49570c367b20dcde5579ae32,NO_MAIZE,2,a0c3e28acdadddd334e8807f549e125d3ae2ab8f49570c367b20dcde5579ae32,test
/content/drive/MyDrive/MaizeData/prepared_images/rgb_bilinear_v1_224/0a5f6db44da13454a3b9d2483d09361b925def2ee3e8c5049f29b5667a22422b_224x224.png,/content/drive/MyDrive/MaizeData/BAD_SEED/IMG_20260709_175752.jpg,0a5f6db44da13454a3b9d2483d09361b925def2ee3e8c5049f29b5667a22422b,BAD_SEED,0,0a5f6db44da13454a3b9d2483d09361b925def2ee3e8c5049f29b5667a22422b,test
/content/drive/MyDrive/MaizeData/prepared_images/rgb_bilinear_v1_224/62aae0b3fdee9d8fd17afecd9d99c6b849c370dc1361a8a76435bc332ea91e2a_224x224.png,/content/drive/MyDrive/MaizeData/BAD_SEED/IMG_20260709_175827.jpg,62aae0b3fdee9d8fd17afecd9d99c6b849c370dc1361a8a76435bc332ea91e2a,BAD_SEED,0,62aae0b3fdee9d8fd17afecd9d99c6b849c370dc1361a8a76435bc332ea91e2a,test
/content/drive/MyDrive/MaizeData/prepared_images/rgb_bilinear_v1_224/9d009063ff8c26be09b45d984aed661bf845ecbb0ec6b4c8f2fc7d1b07be9b2f_224x224.png,/content/drive/MyDrive/MaizeData/GOOD_SEED/IMG_20260706_100847.jpg,9d009063ff8c26be09b45d984aed661bf845ecbb0ec6b4c8f2fc7d1b07be9b2f,GOOD_SEED,1,9d009063ff8c26be09b45d984aed661bf845ecbb0ec6b4c8f2fc7d1b07be9b2f,test
/content/drive/MyDrive/MaizeData/prepared_images/rgb_bilinear_v1_224/27f10ff6b7f760ba86cd1ec648ed5daac636d38348cfcdbb449c1889730ee474_224x224.png,/content/drive/MyDrive/MaizeData/GOOD_SEED/IMG_20260706_114103.jpg,27f10ff6b7f760ba86cd1ec648ed5daac636d38348cfcdbb449c1889730ee474,GOOD_SEED,1,27f10ff6b7f760ba86cd1ec648ed5daac636d38348cfcdbb449c1889730ee474,test
/content/drive/MyDrive/MaizeData/prepared_images/rgb_bilinear_v1_224/d243a67003065a4f92a5d9372eccde7a9a835cfdb597b9fa0ca8f6f58eadb8a4_224x224.png,/content/drive/MyDrive/MaizeData/BAD_SEED/IMG_20260709_093640_1.jpg,d243a67003065a4f92a5d9372eccde7a9a835cfdb597b9fa0ca8f6f58eadb8a4,BAD_SEED,0,d243a67003065a4f92a5d9372eccde7a9a835cfdb597b9fa0ca8f6f58eadb8a4,test
/content/drive/MyDrive/MaizeData/prepared_images/rgb_bilinear_v1_224/0dd36c76a31e6cbe5a267e6b1824ba9ca0cb0b6be6e6c24ad61a9aadddf89a00_224x224.png,/content/drive/MyDrive/MaizeData/GOOD_SEED/IMG_20260706_085250.jpg,0dd36c76a31e6cbe5a267e6b1824ba9ca0cb0b6be6e6c24ad61a9aadddf89a00,GOOD_SEED,1,0dd36c76a31e6cbe5a267e6b1824ba9ca0cb0b6be6e6c24ad61a9aadddf89a00,test
/content/drive/MyDrive/MaizeData/prepared_images/rgb_bilinear_v1_224/919056c767c2f6b86122d89c24a0dea513de247da0fc38d8ec68efd881a28806_224x224.png,/content/drive/MyDrive/MaizeData/BAD_SEED/IMG_20260707_100153.jpg,919056c767c2f6b86122d89c24a0dea513de247da0fc38d8ec68efd881a28806,BAD_SEED,0,919056c767c2f6b86122d89c24a0dea513de247da0fc38d8ec68efd881a28806,test
/content/drive/MyDrive/MaizeData/prepared_images/rgb_bilinear_v1_224/c835e2d82104c074bb4c424c6d0f4e4408285fb542d72d09c31e4c70c384c5d6_224x224.png,/content/drive/MyDrive/MaizeData/GOOD_SEED/IMG_20260706_102110.jpg,c835e2d82104c074bb4c424c6d0f4e4408285fb542d72d09c31e4c70c384c5d6,GOOD_SEED,1,c835e2d82104c074bb4c424c6d0f4e4408285fb542d72d09c31e4c70c384c5d6,test
/content/drive/MyDrive/MaizeData/prepared_images/rgb_bilinear_v1_224/bf7388025fe1e9d5083373ece72ef24f41ee51954010a752ecb589a507dd4fc4_224x224.png,/content/drive/MyDrive/MaizeData/GOOD_SEED/IMG_20260706_090819_1.jpg,bf7388025fe1e9d5083373ece72ef24f41ee51954010a752ecb589a507dd4fc4,GOOD_SEED,1,bf7388025fe1e9d5083373ece72ef24f41ee51954010a752ecb589a507dd4fc4,test
/content/drive/MyDrive/MaizeData/prepared_images/rgb_bilinear_v1_224/394c9cdfe0d75014ad9000bc55ec4a70a82cd806bd084b57ad92e92cf1ee5670_224x224.png,/content/drive/MyDrive/MaizeData/GOOD_SEED/IMG_20260706_091219.jpg,394c9cdfe0d75014ad9000bc55ec4a70a82cd806bd084b57ad92e92cf1ee5670,GOOD_SEED,1,394c9cdfe0d75014ad9000bc55ec4a70a82cd806bd084b57ad92e92cf1ee5670,test
/content/drive/MyDrive/MaizeData/prepared_images/rgb_bilinear_v1_224/eea9caa19d47db4830202e08fc940987c5ea969118d4399c05c475b790c30ab0_224x224.png,/content/drive/MyDrive/MaizeData/BAD_SEED/IMG_20260709_095031.jpg,eea9caa19d47db4830202e08fc940987c5ea969118d4399c05c475b790c30ab0,BAD_SEED,0,eea9caa19d47db4830202e08fc940987c5ea969118d4399c05c475b790c30ab0,test
/content/drive/MyDrive/MaizeData/prepared_images/rgb_bilinear_v1_224/0ca7a7d9e0f6d2b1b6e31194f7bd039d7ccc0fb0330d6175c7890a821a3c365d_224x224.png,/content/drive/MyDrive/MaizeData/GOOD_SEED/IMG_20260706_053833.jpg,0ca7a7d9e0f6d2b1b6e31194f7bd039d7ccc0fb0330d6175c7890a821a3c365d,GOOD_SEED,1,0ca7a7d9e0f6d2b1b6e31194f7bd039d7ccc0fb0330d6175c7890a821a3c365d,test
/content/drive/MyDrive/MaizeData/prepared_images/rgb_bilinear_v1_224/699cc9dcf97e842c3ab024c5efdcba431ae151bb5e392c6f10460ba2621e8ce1_224x224.png,/content/drive/MyDrive/MaizeData/GOOD_SEED/IMG_20260706_075121_1.jpg,699cc9dcf97e842c3ab024c5efdcba431ae151bb5e392c6f10460ba2621e8ce1,GOOD_SEED,1,699cc9dcf97e842c3ab024c5efdcba431ae151bb5e392c6f10460ba2621e8ce1,test
/content/drive/MyDrive/MaizeData/prepared_images/rgb_bilinear_v1_224/dc0b1b0b80a9a3c88f1d2dcd95c12253238559b827e91500bbc50c15fccd48d0_224x224.png,/content/drive/MyDrive/MaizeData/BAD_SEED/IMG_20260709_091208.jpg,dc0b1b0b80a9a3c88f1d2dcd95c12253238559b827e91500bbc50c15fccd48d0,BAD_SEED,0,dc0b1b0b80a9a3c88f1d2dcd95c12253238559b827e91500bbc50c15fccd48d0,test
/content/drive/MyDrive/MaizeData/prepared_images/rgb_bilinear_v1_224/77b82564959c1da18e608c32372c3587d89aceb7acef98c9819f8241edfc4438_224x224.png,/content/drive/MyDrive/MaizeData/BAD_SEED/IMG_20260709_183103.jpg,77b82564959c1da18e608c32372c3587d89aceb7acef98c9819f8241edfc4438,BAD_SEED,0,77b82564959c1da18e608c32372c3587d89aceb7acef98c9819f8241edfc4438,test
/content/drive/MyDrive/MaizeData/prepared_images/rgb_bilinear_v1_224/5bb566b93b4dc57c6bdcff6aa4030499b72e31d409de8daad494b8a281b6d6b0_224x224.png,/content/drive/MyDrive/MaizeData/BAD_SEED/IMG_20260707_085433.jpg,5bb566b93b4dc57c6bdcff6aa4030499b72e31d409de8daad494b8a281b6d6b0,BAD_SEED,0,5bb566b93b4dc57c6bdcff6aa4030499b72e31d409de8daad494b8a281b6d6b0,test
/content/drive/MyDrive/MaizeData/prepared_images/rgb_bilinear_v1_224/0a6eb3c9b2d52363b7ff8813ed0a8239a92cec86719b8c3a5fafc79c53ad13df_224x224.png,/content/drive/MyDrive/MaizeData/GOOD_SEED/IMG_20260706_085832.jpg,0a6eb3c9b2d52363b7ff8813ed0a8239a92cec86719b8c3a5fafc79c53ad13df,GOOD_SEED,1,0a6eb3c9b2d52363b7ff8813ed0a8239a92cec86719b8c3a5fafc79c53ad13df,test
/content/drive/MyDrive/MaizeData/prepared_images/rgb_bilinear_v1_224/1404c5684c9315758084a70903c23ac93ac2b0e5dc68f5db2a4c4964dbc84dae_224x224.png,/content/drive/MyDrive/MaizeData/NO_MAIZE/IMG_5558.jpg,1404c5684c9315758084a70903c23ac93ac2b0e5dc68f5db2a4c4964dbc84dae,NO_MAIZE,2,1404c5684c9315758084a70903c23ac93ac2b0e5dc68f5db2a4c4964dbc84dae,test
/content/drive/MyDrive/MaizeData/prepared_images/rgb_bilinear_v1_224/497593d218601271cc1ede369329204d014b34d53352675e2200c6621c658529_224x224.png,/content/drive/MyDrive/MaizeData/BAD_SEED/IMG_20260709_093150.jpg,497593d218601271cc1ede369329204d014b34d53352675e2200c6621c658529,BAD_SEED,0,497593d218601271cc1ede369329204d014b34d53352675e2200c6621c658529,test
/content/drive/MyDrive/MaizeData/prepared_images/rgb_bilinear_v1_224/241f56761baec93e7b8ef711c8eca6477b7a8841fb32cfeacf9c04281e9fd628_224x224.png,/content/drive/MyDrive/MaizeData/BAD_SEED/IMG_20260709_173929_1.jpg,241f56761baec93e7b8ef711c8eca6477b7a8841fb32cfeacf9c04281e9fd628,BAD_SEED,0,241f56761baec93e7b8ef711c8eca6477b7a8841fb32cfeacf9c04281e9fd628,test
/content/drive/MyDrive/MaizeData/prepared_images/rgb_bilinear_v1_224/d46e0f8a3f3f73e93792aa4cd8f864fa6d665c9db56c2889a085ee7d1cb4235e_224x224.png,/content/drive/MyDrive/MaizeData/NO_MAIZE/IMG_5606.jpg,d46e0f8a3f3f73e93792aa4cd8f864fa6d665c9db56c2889a085ee7d1cb4235e,NO_MAIZE,2,d46e0f8a3f3f73e93792aa4cd8f864fa6d665c9db56c2889a085ee7d1cb4235e,test
/content/drive/MyDrive/MaizeData/prepared_images/rgb_bilinear_v1_224/8d3724b9564dd372e39ca78c5b4c7f0fcfcc889dbe57474bc84f91affd642755_224x224.png,/content/drive/MyDrive/MaizeData/BAD_SEED/IMG_20260707_091431.jpg,8d3724b9564dd372e39ca78c5b4c7f0fcfcc889dbe57474bc84f91affd642755,BAD_SEED,0,8d3724b9564dd372e39ca78c5b4c7f0fcfcc889dbe57474bc84f91affd642755,test
/content/drive/MyDrive/MaizeData/prepared_images/rgb_bilinear_v1_224/aba97ab2b318036a10115e1fe4e5d8ce445ef8ee5007ffedd1f5db34f352bbb2_224x224.png,/content/drive/MyDrive/MaizeData/GOOD_SEED/IMG_20260706_075903.jpg,aba97ab2b318036a10115e1fe4e5d8ce445ef8ee5007ffedd1f5db34f352bbb2,GOOD_SEED,1,aba97ab2b318036a10115e1fe4e5d8ce445ef8ee5007ffedd1f5db34f352bbb2,test
/content/drive/MyDrive/MaizeData/prepared_images/rgb_bilinear_v1_224/a21992d593c182500335fdbc3d1f828a7b28350041cf2a987203946d8bdaece7_224x224.png,/content/drive/MyDrive/MaizeData/GOOD_SEED/IMG_20260706_102437.jpg,a21992d593c182500335fdbc3d1f828a7b28350041cf2a987203946d8bdaece7,GOOD_SEED,1,a21992d593c182500335fdbc3d1f828a7b28350041cf2a987203946d8bdaece7,test
/content/drive/MyDrive/MaizeData/prepared_images/rgb_bilinear_v1_224/fae98b0f0627d40727d02a37721c8cc8b902924a9376b388cb5a9b2856c1446f_224x224.png,/content/drive/MyDrive/MaizeData/BAD_SEED/IMG_20260709_174224.jpg,fae98b0f0627d40727d02a37721c8cc8b902924a9376b388cb5a9b2856c1446f,BAD_SEED,0,fae98b0f0627d40727d02a37721c8cc8b902924a9376b388cb5a9b2856c1446f,test
/content/drive/MyDrive/MaizeData/prepared_images/rgb_bilinear_v1_224/a584648387d851d50b386bc011a95c1992e39b8c8ba8050fccd2f9b5fbb21c56_224x224.png,/content/drive/MyDrive/MaizeData/BAD_SEED/IMG_20260707_084154.jpg,a584648387d851d50b386bc011a95c1992e39b8c8ba8050fccd2f9b5fbb21c56,BAD_SEED,0,a584648387d851d50b386bc011a95c1992e39b8c8ba8050fccd2f9b5fbb21c56,test
/content/drive/MyDrive/MaizeData/prepared_images/rgb_bilinear_v1_224/6aee14c51a6ecc40a1e2c67a9413393621e679a49e5dd64cd4a1929024f6f0d0_224x224.png,/content/drive/MyDrive/MaizeData/BAD_SEED/IMG_20260707_100530.jpg,6aee14c51a6ecc40a1e2c67a9413393621e679a49e5dd64cd4a1929024f6f0d0,BAD_SEED,0,6aee14c51a6ecc40a1e2c67a9413393621e679a49e5dd64cd4a1929024f6f0d0,test
/content/drive/MyDrive/MaizeData/prepared_images/rgb_bilinear_v1_224/1c0839d3e1043c0dd43869269cdd29d474cc4dd3c42a7835c64e819f4d1b2183_224x224.png,/content/drive/MyDrive/MaizeData/NO_MAIZE/IMG_5561.jpg,1c0839d3e1043c0dd43869269cdd29d474cc4dd3c42a7835c64e819f4d1b2183,NO_MAIZE,2,1c0839d3e1043c0dd43869269cdd29d474cc4dd3c42a7835c64e819f4d1b2183,test
/content/drive/MyDrive/MaizeData/prepared_images/rgb_bilinear_v1_224/486edb938bb462ce3ac9b54accc563e961d5e61c9cff23624fe54f451d7be49c_224x224.png,/content/drive/MyDrive/MaizeData/GOOD_SEED/IMG_20260706_075629.jpg,486edb938bb462ce3ac9b54accc563e961d5e61c9cff23624fe54f451d7be49c,GOOD_SEED,1,486edb938bb462ce3ac9b54accc563e961d5e61c9cff23624fe54f451d7be49c,test
/content/drive/MyDrive/MaizeData/prepared_images/rgb_bilinear_v1_224/b27376b3578eb177104b8f103a0d746e0c9a26370e774ea9bf33648514d3d41c_224x224.png,/content/drive/MyDrive/MaizeData/GOOD_SEED/IMG_20260706_100804.jpg,b27376b3578eb177104b8f103a0d746e0c9a26370e774ea9bf33648514d3d41c,GOOD_SEED,1,b27376b3578eb177104b8f103a0d746e0c9a26370e774ea9bf33648514d3d41c,test
/content/drive/MyDrive/MaizeData/prepared_images/rgb_bilinear_v1_224/e605148e4393276636706bc2a52eb0d6d2d22dec790512d89adaa7f6596ffc9b_224x224.png,/content/drive/MyDrive/MaizeData/GOOD_SEED/IMG_20260706_083240.jpg,e605148e4393276636706bc2a52eb0d6d2d22dec790512d89adaa7f6596ffc9b,GOOD_SEED,1,e605148e4393276636706bc2a52eb0d6d2d22dec790512d89adaa7f6596ffc9b,test
/content/drive/MyDrive/MaizeData/prepared_images/rgb_bilinear_v1_224/6814687d4d60fb18974976a206509705d6a1c1104b2da59e005c14cecd158377_224x224.png,/content/drive/MyDrive/MaizeData/BAD_SEED/IMG_20260707_093313.jpg,6814687d4d60fb18974976a206509705d6a1c1104b2da59e005c14cecd158377,BAD_SEED,0,6814687d4d60fb18974976a206509705d6a1c1104b2da59e005c14cecd158377,test
/content/drive/MyDrive/MaizeData/prepared_images/rgb_bilinear_v1_224/7c4abf551ce4f18ac592cf99ee83d79de78434ec306657901e172ac8cfeecc15_224x224.png,/content/drive/MyDrive/MaizeData/BAD_SEED/IMG_20260709_183041.jpg,7c4abf551ce4f18ac592cf99ee83d79de78434ec306657901e172ac8cfeecc15,BAD_SEED,0,7c4abf551ce4f18ac592cf99ee83d79de78434ec306657901e172ac8cfeecc15,test
/content/drive/MyDrive/MaizeData/prepared_images/rgb_bilinear_v1_224/17d9ea18382e860204e2460a7fe65624b44842e5f9675e2082c2989b7bab79d4_224x224.png,/content/drive/MyDrive/MaizeData/BAD_SEED/IMG_20260709_175439.jpg,17d9ea18382e860204e2460a7fe65624b44842e5f9675e2082c2989b7bab79d4,BAD_SEED,0,17d9ea18382e860204e2460a7fe65624b44842e5f9675e2082c2989b7bab79d4,test
/content/drive/MyDrive/MaizeData/prepared_images/rgb_bilinear_v1_224/74e72812a1f45985f3f3dc920a7f81aeabd894ffaaed5ca76e5531d04101a8d7_224x224.png,/content/drive/MyDrive/MaizeData/GOOD_SEED/IMG_20260706_113305.jpg,74e72812a1f45985f3f3dc920a7f81aeabd894ffaaed5ca76e5531d04101a8d7,GOOD_SEED,1,74e72812a1f45985f3f3dc920a7f81aeabd894ffaaed5ca76e5531d04101a8d7,test
/content/drive/MyDrive/MaizeData/prepared_images/rgb_bilinear_v1_224/28278f09a051ad119ae94bf9c74a609705ef83dfaa008f2d88f1f4a9d7230644_224x224.png,/content/drive/MyDrive/MaizeData/GOOD_SEED/IMG_20260706_102715_1.jpg,28278f09a051ad119ae94bf9c74a609705ef83dfaa008f2d88f1f4a9d7230644,GOOD_SEED,1,28278f09a051ad119ae94bf9c74a609705ef83dfaa008f2d88f1f4a9d7230644,test
/content/drive/MyDrive/MaizeData/prepared_images/rgb_bilinear_v1_224/34b2d0e038cea2ce0147ec5d832c081a02a9eb44b5dff569664e220f09a923c7_224x224.png,/content/drive/MyDrive/MaizeData/BAD_SEED/IMG_20260709_093833_1.jpg,34b2d0e038cea2ce0147ec5d832c081a02a9eb44b5dff569664e220f09a923c7,BAD_SEED,0,34b2d0e038cea2ce0147ec5d832c081a02a9eb44b5dff569664e220f09a923c7,test
/content/drive/MyDrive/MaizeData/prepared_images/rgb_bilinear_v1_224/eb2b391feed7599fb20d4c35f2c3c4e9b160c7404b09d5aaa695abed689e0003_224x224.png,/content/drive/MyDrive/MaizeData/BAD_SEED/IMG_20260707_091849.jpg,eb2b391feed7599fb20d4c35f2c3c4e9b160c7404b09d5aaa695abed689e0003,BAD_SEED,0,eb2b391feed7599fb20d4c35f2c3c4e9b160c7404b09d5aaa695abed689e0003,test
/content/drive/MyDrive/MaizeData/prepared_images/rgb_bilinear_v1_224/c2dab83c9f76297512c6f8746c58fddbea52f991309040538a1bd3509fd9e95a_224x224.png,/content/drive/MyDrive/MaizeData/NO_MAIZE/IMG_5612.jpg,c2dab83c9f76297512c6f8746c58fddbea52f991309040538a1bd3509fd9e95a,NO_MAIZE,2,c2dab83c9f76297512c6f8746c58fddbea52f991309040538a1bd3509fd9e95a,test
/content/drive/MyDrive/MaizeData/prepared_images/rgb_bilinear_v1_224/92603e3d8120ea71284dca8c936faaf587b8b4b7c948631269b2e9958c6bb6ec_224x224.png,/content/drive/MyDrive/MaizeData/NO_MAIZE/IMG_5586.jpg,92603e3d8120ea71284dca8c936faaf587b8b4b7c948631269b2e9958c6bb6ec,NO_MAIZE,2,92603e3d8120ea71284dca8c936faaf587b8b4b7c948631269b2e9958c6bb6ec,test
/content/drive/MyDrive/MaizeData/prepared_images/rgb_bilinear_v1_224/d4effa3fda38c2d5bb4fa494ee086a31cbe7814f6beb9e58f9a98da57a60fcce_224x224.png,/content/drive/MyDrive/MaizeData/GOOD_SEED/IMG_20260706_021219.jpg,d4effa3fda38c2d5bb4fa494ee086a31cbe7814f6beb9e58f9a98da57a60fcce,GOOD_SEED,1,d4effa3fda38c2d5bb4fa494ee086a31cbe7814f6beb9e58f9a98da57a60fcce,test
/content/drive/MyDrive/MaizeData/prepared_images/rgb_bilinear_v1_224/80897edfaeb32b5f4f840301e284eff2421d50f29db77c2ec8b558141ccf695c_224x224.png,/content/drive/MyDrive/MaizeData/BAD_SEED/IMG_20260709_093749_1.jpg,80897edfaeb32b5f4f840301e284eff2421d50f29db77c2ec8b558141ccf695c,BAD_SEED,0,80897edfaeb32b5f4f840301e284eff2421d50f29db77c2ec8b558141ccf695c,test
/content/drive/MyDrive/MaizeData/prepared_images/rgb_bilinear_v1_224/c61d045ee18eeb7eaca2b683335a0dbd955fd0237768eed45ad456ed508bd3c1_224x224.png,/content/drive/MyDrive/MaizeData/GOOD_SEED/IMG_20260706_102919.jpg,c61d045ee18eeb7eaca2b683335a0dbd955fd0237768eed45ad456ed508bd3c1,GOOD_SEED,1,c61d045ee18eeb7eaca2b683335a0dbd955fd0237768eed45ad456ed508bd3c1,test
/content/drive/MyDrive/MaizeData/prepared_images/rgb_bilinear_v1_224/6b91ee126ddbda4a95311a0c86f3cab5486d300265c999834d4aa2dc25e635b5_224x224.png,/content/drive/MyDrive/MaizeData/BAD_SEED/IMG_20260707_084234.jpg,6b91ee126ddbda4a95311a0c86f3cab5486d300265c999834d4aa2dc25e635b5,BAD_SEED,0,6b91ee126ddbda4a95311a0c86f3cab5486d300265c999834d4aa2dc25e635b5,test
/content/drive/MyDrive/MaizeData/prepared_images/rgb_bilinear_v1_224/f75da744d485219014b844d5cadf1daa837283d32ac6048bc612d6e2a5607e8a_224x224.png,/content/drive/MyDrive/MaizeData/BAD_SEED/IMG_20260709_183555.jpg,f75da744d485219014b844d5cadf1daa837283d32ac6048bc612d6e2a5607e8a,BAD_SEED,0,f75da744d485219014b844d5cadf1daa837283d32ac6048bc612d6e2a5607e8a,test
/content/drive/MyDrive/MaizeData/prepared_images/rgb_bilinear_v1_224/86231741d2e58bdb8c22bcf9d8fb275a0bc66ed044e5f1872582d45a4c55d33c_224x224.png,/content/drive/MyDrive/MaizeData/BAD_SEED/IMG_20260709_183644.jpg,86231741d2e58bdb8c22bcf9d8fb275a0bc66ed044e5f1872582d45a4c55d33c,BAD_SEED,0,86231741d2e58bdb8c22bcf9d8fb275a0bc66ed044e5f1872582d45a4c55d33c,test
/content/drive/MyDrive/MaizeData/prepared_images/rgb_bilinear_v1_224/8e2393bebab2d9816b3ba4275dda417b1cb8fd8ee08b33a0c9bf890ca7497624_224x224.png,/content/drive/MyDrive/MaizeData/GOOD_SEED/IMG_20260706_091010.jpg,8e2393bebab2d9816b3ba4275dda417b1cb8fd8ee08b33a0c9bf890ca7497624,GOOD_SEED,1,8e2393bebab2d9816b3ba4275dda417b1cb8fd8ee08b33a0c9bf890ca7497624,test
/content/drive/MyDrive/MaizeData/prepared_images/rgb_bilinear_v1_224/f3345013a8a0c6d1e9ff1e7c7baeef49b1aeadc637730ff1981e85d62218672d_224x224.png,/content/drive/MyDrive/MaizeData/GOOD_SEED/IMG_20260706_074259.jpg,f3345013a8a0c6d1e9ff1e7c7baeef49b1aeadc637730ff1981e85d62218672d,GOOD_SEED,1,f3345013a8a0c6d1e9ff1e7c7baeef49b1aeadc637730ff1981e85d62218672d,test
/content/drive/MyDrive/MaizeData/prepared_images/rgb_bilinear_v1_224/0717d54806de8ed2d6b001bc43ddf31d1f2351a0a9ad6c4906f0396776f2ce8c_224x224.png,/content/drive/MyDrive/MaizeData/BAD_SEED/IMG_20260709_174717.jpg,0717d54806de8ed2d6b001bc43ddf31d1f2351a0a9ad6c4906f0396776f2ce8c,BAD_SEED,0,0717d54806de8ed2d6b001bc43ddf31d1f2351a0a9ad6c4906f0396776f2ce8c,test
/content/drive/MyDrive/MaizeData/prepared_images/rgb_bilinear_v1_224/141d54f82cf9fb32c5e3b46ed0c46a97d240cc1ecf733f7d0a5eacc84ee901af_224x224.png,/content/drive/MyDrive/MaizeData/GOOD_SEED/IMG_20260706_073757.jpg,141d54f82cf9fb32c5e3b46ed0c46a97d240cc1ecf733f7d0a5eacc84ee901af,GOOD_SEED,1,141d54f82cf9fb32c5e3b46ed0c46a97d240cc1ecf733f7d0a5eacc84ee901af,test
/content/drive/MyDrive/MaizeData/prepared_images/rgb_bilinear_v1_224/8d704e3b75007f8d864361937f99eda208bc31304e62d3a3e915ad12d1ee902a_224x224.png,/content/drive/MyDrive/MaizeData/BAD_SEED/IMG_20260707_085903.jpg,8d704e3b75007f8d864361937f99eda208bc31304e62d3a3e915ad12d1ee902a,BAD_SEED,0,8d704e3b75007f8d864361937f99eda208bc31304e62d3a3e915ad12d1ee902a,test
/content/drive/MyDrive/MaizeData/prepared_images/rgb_bilinear_v1_224/f7c3b15355bac45380d9f162153d56ebcd2ed105884a8c7a14849500a802f8c1_224x224.png,/content/drive/MyDrive/MaizeData/GOOD_SEED/IMG_20260706_102429.jpg,f7c3b15355bac45380d9f162153d56ebcd2ed105884a8c7a14849500a802f8c1,GOOD_SEED,1,f7c3b15355bac45380d9f162153d56ebcd2ed105884a8c7a14849500a802f8c1,test
/content/drive/MyDrive/MaizeData/prepared_images/rgb_bilinear_v1_224/0b755f1727881d7c93e28e1fc76deca5e773488efffae940500e391409e49ac2_224x224.png,/content/drive/MyDrive/MaizeData/NO_MAIZE/IMG_5523.jpg,0b755f1727881d7c93e28e1fc76deca5e773488efffae940500e391409e49ac2,NO_MAIZE,2,0b755f1727881d7c93e28e1fc76deca5e773488efffae940500e391409e49ac2,test
/content/drive/MyDrive/MaizeData/prepared_images/rgb_bilinear_v1_224/b63cd6419a719530d964ac1e9aae404b6b4f1186e205b12342ce50964ba94055_224x224.png,/content/drive/MyDrive/MaizeData/BAD_SEED/IMG_20260707_084716.jpg,b63cd6419a719530d964ac1e9aae404b6b4f1186e205b12342ce50964ba94055,BAD_SEED,0,b63cd6419a719530d964ac1e9aae404b6b4f1186e205b12342ce50964ba94055,test
/content/drive/MyDrive/MaizeData/prepared_images/rgb_bilinear_v1_224/244380cd39d350774094a9536bae514a0aa0e7646c7209906009302e182f7aeb_224x224.png,/content/drive/MyDrive/MaizeData/GOOD_SEED/IMG_20260706_095305.jpg,244380cd39d350774094a9536bae514a0aa0e7646c7209906009302e182f7aeb,GOOD_SEED,1,244380cd39d350774094a9536bae514a0aa0e7646c7209906009302e182f7aeb,test
/content/drive/MyDrive/MaizeData/prepared_images/rgb_bilinear_v1_224/ccfb7618f098fbcabd3fb2414fec4ec6c040fbbfb86f4b43093b5c4dfa963b89_224x224.png,/content/drive/MyDrive/MaizeData/GOOD_SEED/IMG_20260706_112257.jpg,ccfb7618f098fbcabd3fb2414fec4ec6c040fbbfb86f4b43093b5c4dfa963b89,GOOD_SEED,1,ccfb7618f098fbcabd3fb2414fec4ec6c040fbbfb86f4b43093b5c4dfa963b89,test
/content/drive/MyDrive/MaizeData/prepared_images/rgb_bilinear_v1_224/8b235b77b4cfd1cc0ab16b67c68f15070f3ffe483467f4d4fbf61daaea5cea59_224x224.png,/content/drive/MyDrive/MaizeData/NO_MAIZE/IMG_5597.jpg,8b235b77b4cfd1cc0ab16b67c68f15070f3ffe483467f4d4fbf61daaea5cea59,NO_MAIZE,2,8b235b77b4cfd1cc0ab16b67c68f15070f3ffe483467f4d4fbf61daaea5cea59,test
/content/drive/MyDrive/MaizeData/prepared_images/rgb_bilinear_v1_224/714891a1c6205abd605942dc7aa9744abd16d64f79f96d1d4060b7ea87e5b7cb_224x224.png,/content/drive/MyDrive/MaizeData/GOOD_SEED/IMG_20260706_083104.jpg,714891a1c6205abd605942dc7aa9744abd16d64f79f96d1d4060b7ea87e5b7cb,GOOD_SEED,1,714891a1c6205abd605942dc7aa9744abd16d64f79f96d1d4060b7ea87e5b7cb,test
/content/drive/MyDrive/MaizeData/prepared_images/rgb_bilinear_v1_224/45cf3fc331d3ac394296a4f8984daf579adcf718a9d10a7e7f3123230b18896e_224x224.png,/content/drive/MyDrive/MaizeData/BAD_SEED/IMG_20260707_084706_1.jpg,45cf3fc331d3ac394296a4f8984daf579adcf718a9d10a7e7f3123230b18896e,BAD_SEED,0,45cf3fc331d3ac394296a4f8984daf579adcf718a9d10a7e7f3123230b18896e,test
/content/drive/MyDrive/MaizeData/prepared_images/rgb_bilinear_v1_224/f03c003f37cec126ac8b44da9bc429bc2dad2e6a04bac73c90ae5689eca5d685_224x224.png,/content/drive/MyDrive/MaizeData/BAD_SEED/IMG_20260709_185317.jpg,f03c003f37cec126ac8b44da9bc429bc2dad2e6a04bac73c90ae5689eca5d685,BAD_SEED,0,f03c003f37cec126ac8b44da9bc429bc2dad2e6a04bac73c90ae5689eca5d685,test
/content/drive/MyDrive/MaizeData/prepared_images/rgb_bilinear_v1_224/f63fcdccedfb0f110cd1ab43bc90a1301b334a0ec241fd9f536c92c2e4602166_224x224.png,/content/drive/MyDrive/MaizeData/BAD_SEED/IMG_20260709_091117.jpg,f63fcdccedfb0f110cd1ab43bc90a1301b334a0ec241fd9f536c92c2e4602166,BAD_SEED,0,f63fcdccedfb0f110cd1ab43bc90a1301b334a0ec241fd9f536c92c2e4602166,test
/content/drive/MyDrive/MaizeData/prepared_images/rgb_bilinear_v1_224/6d3097f0e3c23a3a1ab4b954c5507399337a87101d6cc178957346eb5e1c34f0_224x224.png,/content/drive/MyDrive/MaizeData/GOOD_SEED/IMG_20260706_090130.jpg,6d3097f0e3c23a3a1ab4b954c5507399337a87101d6cc178957346eb5e1c34f0,GOOD_SEED,1,6d3097f0e3c23a3a1ab4b954c5507399337a87101d6cc178957346eb5e1c34f0,test
/content/drive/MyDrive/MaizeData/prepared_images/rgb_bilinear_v1_224/749a53206c3fefa632ab1caa02cf4b4d5e9be3e9c35a3b267be1722e5ddf717a_224x224.png,/content/drive/MyDrive/MaizeData/GOOD_SEED/IMG_20260706_103730.jpg,749a53206c3fefa632ab1caa02cf4b4d5e9be3e9c35a3b267be1722e5ddf717a,GOOD_SEED,1,749a53206c3fefa632ab1caa02cf4b4d5e9be3e9c35a3b267be1722e5ddf717a,test
/content/drive/MyDrive/MaizeData/prepared_images/rgb_bilinear_v1_224/176822b339a0ad065c3402e5aca5a29a3fe362efc4bdfef991e3880e34c5227e_224x224.png,/content/drive/MyDrive/MaizeData/BAD_SEED/IMG_20260709_094534.jpg,176822b339a0ad065c3402e5aca5a29a3fe362efc4bdfef991e3880e34c5227e,BAD_SEED,0,176822b339a0ad065c3402e5aca5a29a3fe362efc4bdfef991e3880e34c5227e,test
/content/drive/MyDrive/MaizeData/prepared_images/rgb_bilinear_v1_224/ad4c0827b31735bf82762dfa9e5bbfd662ad01f74db07bc30ccb5e00bdcac84c_224x224.png,/content/drive/MyDrive/MaizeData/GOOD_SEED/IMG_20260706_112541.jpg,ad4c0827b31735bf82762dfa9e5bbfd662ad01f74db07bc30ccb5e00bdcac84c,GOOD_SEED,1,ad4c0827b31735bf82762dfa9e5bbfd662ad01f74db07bc30ccb5e00bdcac84c,test
/content/drive/MyDrive/MaizeData/prepared_images/rgb_bilinear_v1_224/777e67be44b4eae12f4cbad520398d83b34d78e601fa4c0c72435b025ba825c3_224x224.png,/content/drive/MyDrive/MaizeData/GOOD_SEED/IMG_20260706_074413.jpg,777e67be44b4eae12f4cbad520398d83b34d78e601fa4c0c72435b025ba825c3,GOOD_SEED,1,777e67be44b4eae12f4cbad520398d83b34d78e601fa4c0c72435b025ba825c3,test
/content/drive/MyDrive/MaizeData/prepared_images/rgb_bilinear_v1_224/2dc9e193907f964d6f15f0c6fbc0396a38f129c8c87ea9f16bdbbd7aaeef7bd3_224x224.png,/content/drive/MyDrive/MaizeData/GOOD_SEED/IMG_20260706_073913.jpg,2dc9e193907f964d6f15f0c6fbc0396a38f129c8c87ea9f16bdbbd7aaeef7bd3,GOOD_SEED,1,2dc9e193907f964d6f15f0c6fbc0396a38f129c8c87ea9f16bdbbd7aaeef7bd3,test
/content/drive/MyDrive/MaizeData/prepared_images/rgb_bilinear_v1_224/12863f5e699e97857741496391a54491920ea2353b40ffca57acf1d971d7ba79_224x224.png,/content/drive/MyDrive/MaizeData/BAD_SEED/IMG_20260709_094001.jpg,12863f5e699e97857741496391a54491920ea2353b40ffca57acf1d971d7ba79,BAD_SEED,0,12863f5e699e97857741496391a54491920ea2353b40ffca57acf1d971d7ba79,test
/content/drive/MyDrive/MaizeData/prepared_images/rgb_bilinear_v1_224/8ea8aad3f2330f1445a88b04f7b5b78f996d9556e2cb3ffe0b29bfe9be6db4c4_224x224.png,/content/drive/MyDrive/MaizeData/GOOD_SEED/IMG_20260706_085350.jpg,8ea8aad3f2330f1445a88b04f7b5b78f996d9556e2cb3ffe0b29bfe9be6db4c4,GOOD_SEED,1,8ea8aad3f2330f1445a88b04f7b5b78f996d9556e2cb3ffe0b29bfe9be6db4c4,test
/content/drive/MyDrive/MaizeData/prepared_images/rgb_bilinear_v1_224/999fdfda1a77a6f1eca615bd96dc1f0600d1c3a83832d2182d95d45afd5f8756_224x224.png,/content/drive/MyDrive/MaizeData/BAD_SEED/IMG_20260709_180338.jpg,999fdfda1a77a6f1eca615bd96dc1f0600d1c3a83832d2182d95d45afd5f8756,BAD_SEED,0,999fdfda1a77a6f1eca615bd96dc1f0600d1c3a83832d2182d95d45afd5f8756,test
/content/drive/MyDrive/MaizeData/prepared_images/rgb_bilinear_v1_224/12821544454e5a6c886782cb931af7f30296bc87cedc050f0822bdb5522f11eb_224x224.png,/content/drive/MyDrive/MaizeData/BAD_SEED/IMG_20260709_174322.jpg,12821544454e5a6c886782cb931af7f30296bc87cedc050f0822bdb5522f11eb,BAD_SEED,0,12821544454e5a6c886782cb931af7f30296bc87cedc050f0822bdb5522f11eb,test
/content/drive/MyDrive/MaizeData/prepared_images/rgb_bilinear_v1_224/7cdee4eda1b3dfbf5d8304cbb42bd5d8c5824d8b21eef523a8c0d66d6e97bf55_224x224.png,/content/drive/MyDrive/MaizeData/GOOD_SEED/IMG_20260706_095600_1.jpg,7cdee4eda1b3dfbf5d8304cbb42bd5d8c5824d8b21eef523a8c0d66d6e97bf55,GOOD_SEED,1,7cdee4eda1b3dfbf5d8304cbb42bd5d8c5824d8b21eef523a8c0d66d6e97bf55,test
/content/drive/MyDrive/MaizeData/prepared_images/rgb_bilinear_v1_224/9a3c10e3a5285810dc44ebd888ae64cb7daf9d2f98b18cb36ba2d53b9fdf53e5_224x224.png,/content/drive/MyDrive/MaizeData/BAD_SEED/IMG_20260707_094147_1.jpg,9a3c10e3a5285810dc44ebd888ae64cb7daf9d2f98b18cb36ba2d53b9fdf53e5,BAD_SEED,0,9a3c10e3a5285810dc44ebd888ae64cb7daf9d2f98b18cb36ba2d53b9fdf53e5,test
/content/drive/MyDrive/MaizeData/prepared_images/rgb_bilinear_v1_224/5a0ecd73f3b42fc34c44f6c5027dc3134c014de226062606c36fc201691f8166_224x224.png,/content/drive/MyDrive/MaizeData/BAD_SEED/IMG_20260709_093225.jpg,5a0ecd73f3b42fc34c44f6c5027dc3134c014de226062606c36fc201691f8166,BAD_SEED,0,5a0ecd73f3b42fc34c44f6c5027dc3134c014de226062606c36fc201691f8166,test
/content/drive/MyDrive/MaizeData/prepared_images/rgb_bilinear_v1_224/07075ec062bb5bd094c953215d698ce1a9d90119fbca81d21f57026199b6a68d_224x224.png,/content/drive/MyDrive/MaizeData/GOOD_SEED/IMG_20260706_102641.jpg,07075ec062bb5bd094c953215d698ce1a9d90119fbca81d21f57026199b6a68d,GOOD_SEED,1,07075ec062bb5bd094c953215d698ce1a9d90119fbca81d21f57026199b6a68d,test
/content/drive/MyDrive/MaizeData/prepared_images/rgb_bilinear_v1_224/a8f863058caffd3aa1db391cd5bff92505639d05f9a8a4ee3289e6407a4248f4_224x224.png,/content/drive/MyDrive/MaizeData/BAD_SEED/IMG_20260707_095309.jpg,a8f863058caffd3aa1db391cd5bff92505639d05f9a8a4ee3289e6407a4248f4,BAD_SEED,0,a8f863058caffd3aa1db391cd5bff92505639d05f9a8a4ee3289e6407a4248f4,test
/content/drive/MyDrive/MaizeData/prepared_images/rgb_bilinear_v1_224/77713ab48afd106f2b27af09dfba07248fd62304a20a5ad8108a2f748b18bee9_224x224.png,/content/drive/MyDrive/MaizeData/GOOD_SEED/IMG_20260706_073857_1.jpg,77713ab48afd106f2b27af09dfba07248fd62304a20a5ad8108a2f748b18bee9,GOOD_SEED,1,77713ab48afd106f2b27af09dfba07248fd62304a20a5ad8108a2f748b18bee9,test
/content/drive/MyDrive/MaizeData/prepared_images/rgb_bilinear_v1_224/7c9d4322903c163eef1ce924b32f1eacc89c5272d3d2e35bac586bf3331ca377_224x224.png,/content/drive/MyDrive/MaizeData/GOOD_SEED/IMG_20260706_073707.jpg,7c9d4322903c163eef1ce924b32f1eacc89c5272d3d2e35bac586bf3331ca377,GOOD_SEED,1,7c9d4322903c163eef1ce924b32f1eacc89c5272d3d2e35bac586bf3331ca377,test
/content/drive/MyDrive/MaizeData/prepared_images/rgb_bilinear_v1_224/64b5519d6c52b995486aa3a01187b209dcce7482581908cf01bbeebc8b6b985e_224x224.png,/content/drive/MyDrive/MaizeData/GOOD_SEED/IMG_20260706_075255.jpg,64b5519d6c52b995486aa3a01187b209dcce7482581908cf01bbeebc8b6b985e,GOOD_SEED,1,64b5519d6c52b995486aa3a01187b209dcce7482581908cf01bbeebc8b6b985e,test
/content/drive/MyDrive/MaizeData/prepared_images/rgb_bilinear_v1_224/cb8a001b84d2e7c3d9c6c496e34f48a9844e21eafcaf208d26afce577f0b389e_224x224.png,/content/drive/MyDrive/MaizeData/BAD_SEED/IMG_20260709_175010_1.jpg,cb8a001b84d2e7c3d9c6c496e34f48a9844e21eafcaf208d26afce577f0b389e,BAD_SEED,0,cb8a001b84d2e7c3d9c6c496e34f48a9844e21eafcaf208d26afce577f0b389e,test
/content/drive/MyDrive/MaizeData/prepared_images/rgb_bilinear_v1_224/9e5e30c16765f9e140a27dd4a5a4777ede171a19fe13334cbf488bfb12c14df0_224x224.png,/content/drive/MyDrive/MaizeData/GOOD_SEED/IMG_20260706_081646_1.jpg,9e5e30c16765f9e140a27dd4a5a4777ede171a19fe13334cbf488bfb12c14df0,GOOD_SEED,1,9e5e30c16765f9e140a27dd4a5a4777ede171a19fe13334cbf488bfb12c14df0,test
/content/drive/MyDrive/MaizeData/prepared_images/rgb_bilinear_v1_224/ae4e1ef4da1767137cf7f6c07a94670dd5fa737454095977a4d12c0660d5be10_224x224.png,/content/drive/MyDrive/MaizeData/BAD_SEED/IMG_20260707_090134.jpg,ae4e1ef4da1767137cf7f6c07a94670dd5fa737454095977a4d12c0660d5be10,BAD_SEED,0,ae4e1ef4da1767137cf7f6c07a94670dd5fa737454095977a4d12c0660d5be10,test
/content/drive/MyDrive/MaizeData/prepared_images/rgb_bilinear_v1_224/674cdd5d030e398b87b9c5bd723ddda5a2753fdb4d32c9771026545d125e1cca_224x224.png,/content/drive/MyDrive/MaizeData/GOOD_SEED/IMG_20260706_080201.jpg,674cdd5d030e398b87b9c5bd723ddda5a2753fdb4d32c9771026545d125e1cca,GOOD_SEED,1,674cdd5d030e398b87b9c5bd723ddda5a2753fdb4d32c9771026545d125e1cca,test
/content/drive/MyDrive/MaizeData/prepared_images/rgb_bilinear_v1_224/bf39bbd86ed284c303685b6222365cf002097c80bfed027037c23d1db7314790_224x224.png,/content/drive/MyDrive/MaizeData/GOOD_SEED/IMG_20260706_112810_1.jpg,bf39bbd86ed284c303685b6222365cf002097c80bfed027037c23d1db7314790,GOOD_SEED,1,bf39bbd86ed284c303685b6222365cf002097c80bfed027037c23d1db7314790,test
/content/drive/MyDrive/MaizeData/prepared_images/rgb_bilinear_v1_224/d3fc46805c58be3ca81c706369b07ba519e81fc3e7d8563cc7043e536177e86a_224x224.png,/content/drive/MyDrive/MaizeData/BAD_SEED/IMG_20260709_094409.jpg,d3fc46805c58be3ca81c706369b07ba519e81fc3e7d8563cc7043e536177e86a,BAD_SEED,0,d3fc46805c58be3ca81c706369b07ba519e81fc3e7d8563cc7043e536177e86a,test
/content/drive/MyDrive/MaizeData/prepared_images/rgb_bilinear_v1_224/8f591f2f461766480541385f0da7cc5a79bb0865bf4f267b32b1c16d5621563d_224x224.png,/content/drive/MyDrive/MaizeData/GOOD_SEED/IMG_20260706_102510.jpg,8f591f2f461766480541385f0da7cc5a79bb0865bf4f267b32b1c16d5621563d,GOOD_SEED,1,8f591f2f461766480541385f0da7cc5a79bb0865bf4f267b32b1c16d5621563d,test
/content/drive/MyDrive/MaizeData/prepared_images/rgb_bilinear_v1_224/6c74cd4eb852c5861f3ce79f1e6b15b1b89b71d033c86007f87933177cf9eb46_224x224.png,/content/drive/MyDrive/MaizeData/GOOD_SEED/IMG_20260706_095332.jpg,6c74cd4eb852c5861f3ce79f1e6b15b1b89b71d033c86007f87933177cf9eb46,GOOD_SEED,1,6c74cd4eb852c5861f3ce79f1e6b15b1b89b71d033c86007f87933177cf9eb46,test
/content/drive/MyDrive/MaizeData/prepared_images/rgb_bilinear_v1_224/ba4ae8ecf351b8235d859abba108875a480e8363209eabaa0908993b547414fb_224x224.png,/content/drive/MyDrive/MaizeData/BAD_SEED/IMG_20260707_095329.jpg,ba4ae8ecf351b8235d859abba108875a480e8363209eabaa0908993b547414fb,BAD_SEED,0,ba4ae8ecf351b8235d859abba108875a480e8363209eabaa0908993b547414fb,test
/content/drive/MyDrive/MaizeData/prepared_images/rgb_bilinear_v1_224/12e0274ce36b68075698a8c2cff07baa97741488d1df3c5b19dc3dd7a74a8db8_224x224.png,/content/drive/MyDrive/MaizeData/GOOD_SEED/IMG_20260706_075208_1.jpg,12e0274ce36b68075698a8c2cff07baa97741488d1df3c5b19dc3dd7a74a8db8,GOOD_SEED,1,12e0274ce36b68075698a8c2cff07baa97741488d1df3c5b19dc3dd7a74a8db8,test
/content/drive/MyDrive/MaizeData/prepared_images/rgb_bilinear_v1_224/e4f47282b344ee9ef81feea4773ab56a111a85a1b6fe805faa14785848e71fae_224x224.png,/content/drive/MyDrive/MaizeData/BAD_SEED/IMG_20260709_174304.jpg,e4f47282b344ee9ef81feea4773ab56a111a85a1b6fe805faa14785848e71fae,BAD_SEED,0,e4f47282b344ee9ef81feea4773ab56a111a85a1b6fe805faa14785848e71fae,test
/content/drive/MyDrive/MaizeData/prepared_images/rgb_bilinear_v1_224/a6d0ee580f9038ff24b88ff63551c368ada489c8359dd1db97c169e426de90a1_224x224.png,/content/drive/MyDrive/MaizeData/BAD_SEED/IMG_20260709_085755.jpg,a6d0ee580f9038ff24b88ff63551c368ada489c8359dd1db97c169e426de90a1,BAD_SEED,0,a6d0ee580f9038ff24b88ff63551c368ada489c8359dd1db97c169e426de90a1,test
/content/drive/MyDrive/MaizeData/prepared_images/rgb_bilinear_v1_224/dd0e97556a87175e65da55e5ed11e127ad667dddd0f4394d4ce845c6331ac87b_224x224.png,/content/drive/MyDrive/MaizeData/GOOD_SEED/IMG_20260706_112000.jpg,dd0e97556a87175e65da55e5ed11e127ad667dddd0f4394d4ce845c6331ac87b,GOOD_SEED,1,dd0e97556a87175e65da55e5ed11e127ad667dddd0f4394d4ce845c6331ac87b,test
/content/drive/MyDrive/MaizeData/prepared_images/rgb_bilinear_v1_224/baa2041bdc2bc55689c56505713969ed9d5a0b8953ca8ade7b068c4dac69dc40_224x224.png,/content/drive/MyDrive/MaizeData/GOOD_SEED/IMG_20260706_113534.jpg,baa2041bdc2bc55689c56505713969ed9d5a0b8953ca8ade7b068c4dac69dc40,GOOD_SEED,1,baa2041bdc2bc55689c56505713969ed9d5a0b8953ca8ade7b068c4dac69dc40,test
/content/drive/MyDrive/MaizeData/prepared_images/rgb_bilinear_v1_224/ddbe76d3bbe5f1a1746e17a1064b0b782454b34f9150df97c89236d9fc80bcb3_224x224.png,/content/drive/MyDrive/MaizeData/BAD_SEED/IMG_20260707_085354.jpg,ddbe76d3bbe5f1a1746e17a1064b0b782454b34f9150df97c89236d9fc80bcb3,BAD_SEED,0,ddbe76d3bbe5f1a1746e17a1064b0b782454b34f9150df97c89236d9fc80bcb3,test
/content/drive/MyDrive/MaizeData/prepared_images/rgb_bilinear_v1_224/6834cbf6e28b918b482444465af45eb71ed4eacace6af0fde2585aa8a022817e_224x224.png,/content/drive/MyDrive/MaizeData/BAD_SEED/IMG_20260709_095407.jpg,6834cbf6e28b918b482444465af45eb71ed4eacace6af0fde2585aa8a022817e,BAD_SEED,0,6834cbf6e28b918b482444465af45eb71ed4eacace6af0fde2585aa8a022817e,test
/content/drive/MyDrive/MaizeData/prepared_images/rgb_bilinear_v1_224/2298ac7af404ca0baea2b0376a4e429bad701685750e98299f40480c5708acd6_224x224.png,/content/drive/MyDrive/MaizeData/GOOD_SEED/IMG_20260706_075719.jpg,2298ac7af404ca0baea2b0376a4e429bad701685750e98299f40480c5708acd6,GOOD_SEED,1,2298ac7af404ca0baea2b0376a4e429bad701685750e98299f40480c5708acd6,test
/content/drive/MyDrive/MaizeData/prepared_images/rgb_bilinear_v1_224/9effeee8aa9d6862421975460786fcf58f6a42c492172bd7b7daa2717e654088_224x224.png,/content/drive/MyDrive/MaizeData/BAD_SEED/IMG_20260709_174215_1.jpg,9effeee8aa9d6862421975460786fcf58f6a42c492172bd7b7daa2717e654088,BAD_SEED,0,9effeee8aa9d6862421975460786fcf58f6a42c492172bd7b7daa2717e654088,test
/content/drive/MyDrive/MaizeData/prepared_images/rgb_bilinear_v1_224/27cd770d2e4c424d9bee5219d571fed863977db9f694208c8f685314737d15be_224x224.png,/content/drive/MyDrive/MaizeData/BAD_SEED/IMG_20260707_091420.jpg,27cd770d2e4c424d9bee5219d571fed863977db9f694208c8f685314737d15be,BAD_SEED,0,27cd770d2e4c424d9bee5219d571fed863977db9f694208c8f685314737d15be,test
/content/drive/MyDrive/MaizeData/prepared_images/rgb_bilinear_v1_224/7f3dbf0a6f9118a219dbbbce4040bb0a5537fe09c2783f5a5efeb02aad2eabfa_224x224.png,/content/drive/MyDrive/MaizeData/BAD_SEED/IMG_20260707_093823_1.jpg,7f3dbf0a6f9118a219dbbbce4040bb0a5537fe09c2783f5a5efeb02aad2eabfa,BAD_SEED,0,7f3dbf0a6f9118a219dbbbce4040bb0a5537fe09c2783f5a5efeb02aad2eabfa,test
/content/drive/MyDrive/MaizeData/prepared_images/rgb_bilinear_v1_224/625cadd2375739b9673e762f88676015410e0793a581576cbf1573599a2ab550_224x224.png,/content/drive/MyDrive/MaizeData/BAD_SEED/IMG_20260709_093744.jpg,625cadd2375739b9673e762f88676015410e0793a581576cbf1573599a2ab550,BAD_SEED,0,625cadd2375739b9673e762f88676015410e0793a581576cbf1573599a2ab550,test
/content/drive/MyDrive/MaizeData/prepared_images/rgb_bilinear_v1_224/1620035543136c4390a0d6de85c64738a35a120ee66d7e29147cff576663f6c5_224x224.png,/content/drive/MyDrive/MaizeData/BAD_SEED/IMG_20260709_093709.jpg,1620035543136c4390a0d6de85c64738a35a120ee66d7e29147cff576663f6c5,BAD_SEED,0,1620035543136c4390a0d6de85c64738a35a120ee66d7e29147cff576663f6c5,test
/content/drive/MyDrive/MaizeData/prepared_images/rgb_bilinear_v1_224/6587e984005fdf2254b1e339d887d4cadb4c34a74780ac352b11384d2276c553_224x224.png,/content/drive/MyDrive/MaizeData/GOOD_SEED/IMG_20260706_074821.jpg,6587e984005fdf2254b1e339d887d4cadb4c34a74780ac352b11384d2276c553,GOOD_SEED,1,6587e984005fdf2254b1e339d887d4cadb4c34a74780ac352b11384d2276c553,test
/content/drive/MyDrive/MaizeData/prepared_images/rgb_bilinear_v1_224/bdd8e6645fc16b9709657adbbbdfd65186cbee3ec5babfc2368ed9330b237772_224x224.png,/content/drive/MyDrive/MaizeData/BAD_SEED/IMG_20260709_174627.jpg,bdd8e6645fc16b9709657adbbbdfd65186cbee3ec5babfc2368ed9330b237772,BAD_SEED,0,bdd8e6645fc16b9709657adbbbdfd65186cbee3ec5babfc2368ed9330b237772,test
/content/drive/MyDrive/MaizeData/prepared_images/rgb_bilinear_v1_224/34dae2cff83dcd42d2dbbb7d789d795563247ee18243b6cc9eb2a4860ea68bf5_224x224.png,/content/drive/MyDrive/MaizeData/BAD_SEED/IMG_20260709_085909.jpg,34dae2cff83dcd42d2dbbb7d789d795563247ee18243b6cc9eb2a4860ea68bf5,BAD_SEED,0,34dae2cff83dcd42d2dbbb7d789d795563247ee18243b6cc9eb2a4860ea68bf5,test
/content/drive/MyDrive/MaizeData/prepared_images/rgb_bilinear_v1_224/fbc5997db189f2050f9f5f1fafaed4a4c5f169061851d19546cd617a09d73141_224x224.png,/content/drive/MyDrive/MaizeData/GOOD_SEED/IMG_20260706_100147.jpg,fbc5997db189f2050f9f5f1fafaed4a4c5f169061851d19546cd617a09d73141,GOOD_SEED,1,fbc5997db189f2050f9f5f1fafaed4a4c5f169061851d19546cd617a09d73141,test
/content/drive/MyDrive/MaizeData/prepared_images/rgb_bilinear_v1_224/c3cf2c59fc5a306eaa473ba4871827b627adf2d81de9a1e4b540061770c27252_224x224.png,/content/drive/MyDrive/MaizeData/BAD_SEED/IMG_20260709_173738_1.jpg,c3cf2c59fc5a306eaa473ba4871827b627adf2d81de9a1e4b540061770c27252,BAD_SEED,0,c3cf2c59fc5a306eaa473ba4871827b627adf2d81de9a1e4b540061770c27252,test
/content/drive/MyDrive/MaizeData/prepared_images/rgb_bilinear_v1_224/063e351faf6ea25347a184675074978d9186ed95c9321f05f1410ecd3330dd0d_224x224.png,/content/drive/MyDrive/MaizeData/BAD_SEED/IMG_20260707_092920.jpg,063e351faf6ea25347a184675074978d9186ed95c9321f05f1410ecd3330dd0d,BAD_SEED,0,063e351faf6ea25347a184675074978d9186ed95c9321f05f1410ecd3330dd0d,test
/content/drive/MyDrive/MaizeData/prepared_images/rgb_bilinear_v1_224/2dd448e83cc4d048cedb412079793197b5780cba668f037a027c6f1cb1205cf1_224x224.png,/content/drive/MyDrive/MaizeData/GOOD_SEED/IMG_20260706_100235.jpg,2dd448e83cc4d048cedb412079793197b5780cba668f037a027c6f1cb1205cf1,GOOD_SEED,1,2dd448e83cc4d048cedb412079793197b5780cba668f037a027c6f1cb1205cf1,test
/content/drive/MyDrive/MaizeData/prepared_images/rgb_bilinear_v1_224/e488547c369ff52fcdb031c1c830d2af4c7679904b1f45803caea1d8230db50d_224x224.png,/content/drive/MyDrive/MaizeData/GOOD_SEED/IMG_20260706_073928.jpg,e488547c369ff52fcdb031c1c830d2af4c7679904b1f45803caea1d8230db50d,GOOD_SEED,1,e488547c369ff52fcdb031c1c830d2af4c7679904b1f45803caea1d8230db50d,test
/content/drive/MyDrive/MaizeData/prepared_images/rgb_bilinear_v1_224/7aa549c33fc7aa6a08e9fb92fdfe6eb74c88a98308ac12b0a9fdeaae2324d47c_224x224.png,/content/drive/MyDrive/MaizeData/BAD_SEED/IMG_20260709_092348.jpg,7aa549c33fc7aa6a08e9fb92fdfe6eb74c88a98308ac12b0a9fdeaae2324d47c,BAD_SEED,0,7aa549c33fc7aa6a08e9fb92fdfe6eb74c88a98308ac12b0a9fdeaae2324d47c,test
/content/drive/MyDrive/MaizeData/prepared_images/rgb_bilinear_v1_224/d458a47e4330183d9c0d5ba610d8921bf980130ae63b26fca0f3963ad0079123_224x224.png,/content/drive/MyDrive/MaizeData/GOOD_SEED/IMG_20260706_112057.jpg,d458a47e4330183d9c0d5ba610d8921bf980130ae63b26fca0f3963ad0079123,GOOD_SEED,1,d458a47e4330183d9c0d5ba610d8921bf980130ae63b26fca0f3963ad0079123,test
/content/drive/MyDrive/MaizeData/prepared_images/rgb_bilinear_v1_224/887cb5c1b25e8413e49f865ba7342deaba36d5c3a490fb5ddb04632cf06ab6d6_224x224.png,/content/drive/MyDrive/MaizeData/NO_MAIZE/IMG_5548.jpg,887cb5c1b25e8413e49f865ba7342deaba36d5c3a490fb5ddb04632cf06ab6d6,NO_MAIZE,2,887cb5c1b25e8413e49f865ba7342deaba36d5c3a490fb5ddb04632cf06ab6d6,test
/content/drive/MyDrive/MaizeData/prepared_images/rgb_bilinear_v1_224/d268f2f3c574f051ac6a82c27ce5ddfa31cc8890614e5586402b0993c4aad321_224x224.png,/content/drive/MyDrive/MaizeData/BAD_SEED/IMG_20260709_095218.jpg,d268f2f3c574f051ac6a82c27ce5ddfa31cc8890614e5586402b0993c4aad321,BAD_SEED,0,d268f2f3c574f051ac6a82c27ce5ddfa31cc8890614e5586402b0993c4aad321,test
/content/drive/MyDrive/MaizeData/prepared_images/rgb_bilinear_v1_224/f55505e20982dd65407b99da557ecbf0a16a7a8631c0aabba6633d6f8ced629f_224x224.png,/content/drive/MyDrive/MaizeData/BAD_SEED/IMG_20260709_174140.jpg,f55505e20982dd65407b99da557ecbf0a16a7a8631c0aabba6633d6f8ced629f,BAD_SEED,0,f55505e20982dd65407b99da557ecbf0a16a7a8631c0aabba6633d6f8ced629f,test
/content/drive/MyDrive/MaizeData/prepared_images/rgb_bilinear_v1_224/ed25bd86eaca0a7fb27ccb553b527599482724e81506e1d944379bd5aca86576_224x224.png,/content/drive/MyDrive/MaizeData/GOOD_SEED/IMG_20260706_074152.jpg,ed25bd86eaca0a7fb27ccb553b527599482724e81506e1d944379bd5aca86576,GOOD_SEED,1,ed25bd86eaca0a7fb27ccb553b527599482724e81506e1d944379bd5aca86576,test
/content/drive/MyDrive/MaizeData/prepared_images/rgb_bilinear_v1_224/aee7e3657e584d5df7f779689c7a00bb6951324ae639a6181b8b470741df62d9_224x224.png,/content/drive/MyDrive/MaizeData/GOOD_SEED/IMG_20260706_085228.jpg,aee7e3657e584d5df7f779689c7a00bb6951324ae639a6181b8b470741df62d9,GOOD_SEED,1,aee7e3657e584d5df7f779689c7a00bb6951324ae639a6181b8b470741df62d9,test
/content/drive/MyDrive/MaizeData/prepared_images/rgb_bilinear_v1_224/cf4bfbd786c2d2e6f2a32b4c8de921450619465729d51c5ed848804e400e0f46_224x224.png,/content/drive/MyDrive/MaizeData/GOOD_SEED/IMG_20260706_102501.jpg,cf4bfbd786c2d2e6f2a32b4c8de921450619465729d51c5ed848804e400e0f46,GOOD_SEED,1,cf4bfbd786c2d2e6f2a32b4c8de921450619465729d51c5ed848804e400e0f46,test
/content/drive/MyDrive/MaizeData/prepared_images/rgb_bilinear_v1_224/36bb2889317f70b92e924e19dcd333aed0a2221a719899b840caa1f665de67bc_224x224.png,/content/drive/MyDrive/MaizeData/BAD_SEED/IMG_20260709_183250.jpg,36bb2889317f70b92e924e19dcd333aed0a2221a719899b840caa1f665de67bc,BAD_SEED,0,36bb2889317f70b92e924e19dcd333aed0a2221a719899b840caa1f665de67bc,test
/content/drive/MyDrive/MaizeData/prepared_images/rgb_bilinear_v1_224/e072c61065d63dd27a9a3ff34e5b8f0cfeafab066d89fe0511dc50fe07adb5e0_224x224.png,/content/drive/MyDrive/MaizeData/BAD_SEED/IMG_20260709_095113.jpg,e072c61065d63dd27a9a3ff34e5b8f0cfeafab066d89fe0511dc50fe07adb5e0,BAD_SEED,0,e072c61065d63dd27a9a3ff34e5b8f0cfeafab066d89fe0511dc50fe07adb5e0,test
/content/drive/MyDrive/MaizeData/prepared_images/rgb_bilinear_v1_224/12f084e8ade07be5d5112b4fc1d987eaf417d01eadda33c5da3a18932bda6509_224x224.png,/content/drive/MyDrive/MaizeData/BAD_SEED/IMG_20260709_095343_1.jpg,12f084e8ade07be5d5112b4fc1d987eaf417d01eadda33c5da3a18932bda6509,BAD_SEED,0,12f084e8ade07be5d5112b4fc1d987eaf417d01eadda33c5da3a18932bda6509,test
/content/drive/MyDrive/MaizeData/prepared_images/rgb_bilinear_v1_224/78d015481ca8c1e3c1751b2befe489b8e0bb59c3e45e125ed7622d2e8711cb98_224x224.png,/content/drive/MyDrive/MaizeData/NO_MAIZE/IMG_5608.jpg,78d015481ca8c1e3c1751b2befe489b8e0bb59c3e45e125ed7622d2e8711cb98,NO_MAIZE,2,78d015481ca8c1e3c1751b2befe489b8e0bb59c3e45e125ed7622d2e8711cb98,test
/content/drive/MyDrive/MaizeData/prepared_images/rgb_bilinear_v1_224/83a9331990123717a839a4833030b19633f4c1b12bdc543dab4f5b0f481de710_224x224.png,/content/drive/MyDrive/MaizeData/BAD_SEED/IMG_20260707_090945.jpg,83a9331990123717a839a4833030b19633f4c1b12bdc543dab4f5b0f481de710,BAD_SEED,0,83a9331990123717a839a4833030b19633f4c1b12bdc543dab4f5b0f481de710,test
/content/drive/MyDrive/MaizeData/prepared_images/rgb_bilinear_v1_224/a34891a487cc169b97dd04198d7ddc1aa17fbef0c5e54ed6d8d47e988a08aac0_224x224.png,/content/drive/MyDrive/MaizeData/BAD_SEED/IMG_20260707_090535.jpg,a34891a487cc169b97dd04198d7ddc1aa17fbef0c5e54ed6d8d47e988a08aac0,BAD_SEED,0,a34891a487cc169b97dd04198d7ddc1aa17fbef0c5e54ed6d8d47e988a08aac0,test
/content/drive/MyDrive/MaizeData/prepared_images/rgb_bilinear_v1_224/d8918a1414cb84deb4c5ce738693a1363acf5fc37e7acf311543a47a85ea93d7_224x224.png,/content/drive/MyDrive/MaizeData/GOOD_SEED/IMG_20260706_103525_1.jpg,d8918a1414cb84deb4c5ce738693a1363acf5fc37e7acf311543a47a85ea93d7,GOOD_SEED,1,d8918a1414cb84deb4c5ce738693a1363acf5fc37e7acf311543a47a85ea93d7,test
/content/drive/MyDrive/MaizeData/prepared_images/rgb_bilinear_v1_224/b1aa7447b05a35e32733e70e908c2300963ef3c1d525ebab3841a2676dda0051_224x224.png,/content/drive/MyDrive/MaizeData/BAD_SEED/IMG_20260707_100252_1.jpg,b1aa7447b05a35e32733e70e908c2300963ef3c1d525ebab3841a2676dda0051,BAD_SEED,0,b1aa7447b05a35e32733e70e908c2300963ef3c1d525ebab3841a2676dda0051,test
/content/drive/MyDrive/MaizeData/prepared_images/rgb_bilinear_v1_224/e04672cfedfb947c117ec6827c29f1ed4eb2b195bbb7b8bb3a5f27d9db892dd7_224x224.png,/content/drive/MyDrive/MaizeData/GOOD_SEED/IMG_20260706_074138.jpg,e04672cfedfb947c117ec6827c29f1ed4eb2b195bbb7b8bb3a5f27d9db892dd7,GOOD_SEED,1,e04672cfedfb947c117ec6827c29f1ed4eb2b195bbb7b8bb3a5f27d9db892dd7,test
/content/drive/MyDrive/MaizeData/prepared_images/rgb_bilinear_v1_224/afe37dd8668056389014d47f90780203f363008aded79a5798e228ba2596659b_224x224.png,/content/drive/MyDrive/MaizeData/BAD_SEED/IMG_20260709_185147.jpg,afe37dd8668056389014d47f90780203f363008aded79a5798e228ba2596659b,BAD_SEED,0,afe37dd8668056389014d47f90780203f363008aded79a5798e228ba2596659b,test
/content/drive/MyDrive/MaizeData/prepared_images/rgb_bilinear_v1_224/99ebda2ace61221d3ff0cfb82f340910de843810d4e42dff482f50a5104c459c_224x224.png,/content/drive/MyDrive/MaizeData/BAD_SEED/IMG_20260709_094617.jpg,99ebda2ace61221d3ff0cfb82f340910de843810d4e42dff482f50a5104c459c,BAD_SEED,0,99ebda2ace61221d3ff0cfb82f340910de843810d4e42dff482f50a5104c459c,test
/content/drive/MyDrive/MaizeData/prepared_images/rgb_bilinear_v1_224/1decd422e50ae72de6ca246628199fd098836a86cd6b744404e3d018f317cef1_224x224.png,/content/drive/MyDrive/MaizeData/BAD_SEED/IMG_20260707_090604.jpg,1decd422e50ae72de6ca246628199fd098836a86cd6b744404e3d018f317cef1,BAD_SEED,0,1decd422e50ae72de6ca246628199fd098836a86cd6b744404e3d018f317cef1,test
/content/drive/MyDrive/MaizeData/prepared_images/rgb_bilinear_v1_224/d9710a51134e42156872f2764f5077adbfafd637f11987c0cb83df597d7e892d_224x224.png,/content/drive/MyDrive/MaizeData/BAD_SEED/IMG_20260709_092847.jpg,d9710a51134e42156872f2764f5077adbfafd637f11987c0cb83df597d7e892d,BAD_SEED,0,d9710a51134e42156872f2764f5077adbfafd637f11987c0cb83df597d7e892d,test
/content/drive/MyDrive/MaizeData/prepared_images/rgb_bilinear_v1_224/c4c599603353075056f97641df3c37493c7904cce25bf21008b1a26f14a84db6_224x224.png,/content/drive/MyDrive/MaizeData/BAD_SEED/IMG_20260709_183452.jpg,c4c599603353075056f97641df3c37493c7904cce25bf21008b1a26f14a84db6,BAD_SEED,0,c4c599603353075056f97641df3c37493c7904cce25bf21008b1a26f14a84db6,test
/content/drive/MyDrive/MaizeData/prepared_images/rgb_bilinear_v1_224/d43fbc64c390f3cca2f68e944f4a628cacf0c43609d2ab40a19a0a74e08bf6aa_224x224.png,/content/drive/MyDrive/MaizeData/BAD_SEED/IMG_20260707_090954.jpg,d43fbc64c390f3cca2f68e944f4a628cacf0c43609d2ab40a19a0a74e08bf6aa,BAD_SEED,0,d43fbc64c390f3cca2f68e944f4a628cacf0c43609d2ab40a19a0a74e08bf6aa,test
/content/drive/MyDrive/MaizeData/prepared_images/rgb_bilinear_v1_224/6aa12c5a20fc86fd326d9483efa2f43e4afc5f548b9290953c90948e33287dc1_224x224.png,/content/drive/MyDrive/MaizeData/BAD_SEED/IMG_20260709_091509.jpg,6aa12c5a20fc86fd326d9483efa2f43e4afc5f548b9290953c90948e33287dc1,BAD_SEED,0,6aa12c5a20fc86fd326d9483efa2f43e4afc5f548b9290953c90948e33287dc1,test
/content/drive/MyDrive/MaizeData/prepared_images/rgb_bilinear_v1_224/16300d66b8e4b5837f79a13cf553eaa0820b43e5a4d8ea13d8911b21d47571fa_224x224.png,/content/drive/MyDrive/MaizeData/BAD_SEED/IMG_20260709_093607.jpg,16300d66b8e4b5837f79a13cf553eaa0820b43e5a4d8ea13d8911b21d47571fa,BAD_SEED,0,16300d66b8e4b5837f79a13cf553eaa0820b43e5a4d8ea13d8911b21d47571fa,test
/content/drive/MyDrive/MaizeData/prepared_images/rgb_bilinear_v1_224/24b0a5192e32754f4e8b77fdf098ee51131892943187c31e7efe10c7e178ed4e_224x224.png,/content/drive/MyDrive/MaizeData/BAD_SEED/IMG_20260709_175455.jpg,24b0a5192e32754f4e8b77fdf098ee51131892943187c31e7efe10c7e178ed4e,BAD_SEED,0,24b0a5192e32754f4e8b77fdf098ee51131892943187c31e7efe10c7e178ed4e,test
/content/drive/MyDrive/MaizeData/prepared_images/rgb_bilinear_v1_224/3329d008d262c309431d8bce1643079c36554c4bfe09758c790b1c842f9d11bd_224x224.png,/content/drive/MyDrive/MaizeData/GOOD_SEED/IMG_20260706_114201.jpg,3329d008d262c309431d8bce1643079c36554c4bfe09758c790b1c842f9d11bd,GOOD_SEED,1,3329d008d262c309431d8bce1643079c36554c4bfe09758c790b1c842f9d11bd,test
/content/drive/MyDrive/MaizeData/prepared_images/rgb_bilinear_v1_224/32698a8348453f55520aec60c702430b0b2bfbf70f58cdfc1553a22f2338a17e_224x224.png,/content/drive/MyDrive/MaizeData/BAD_SEED/IMG_20260707_091403.jpg,32698a8348453f55520aec60c702430b0b2bfbf70f58cdfc1553a22f2338a17e,BAD_SEED,0,32698a8348453f55520aec60c702430b0b2bfbf70f58cdfc1553a22f2338a17e,test
/content/drive/MyDrive/MaizeData/prepared_images/rgb_bilinear_v1_224/9ea2f492fc4717ce3eac89a3542f218a2bf70f4ce117fa98a3cd0f310ccbc94d_224x224.png,/content/drive/MyDrive/MaizeData/GOOD_SEED/IMG_20260706_074340.jpg,9ea2f492fc4717ce3eac89a3542f218a2bf70f4ce117fa98a3cd0f310ccbc94d,GOOD_SEED,1,9ea2f492fc4717ce3eac89a3542f218a2bf70f4ce117fa98a3cd0f310ccbc94d,test
/content/drive/MyDrive/MaizeData/prepared_images/rgb_bilinear_v1_224/fa0c49df5016a617328b93c637f1d6502304c6f468a334cd7cd641330872eb08_224x224.png,/content/drive/MyDrive/MaizeData/BAD_SEED/IMG_20260707_095459.jpg,fa0c49df5016a617328b93c637f1d6502304c6f468a334cd7cd641330872eb08,BAD_SEED,0,fa0c49df5016a617328b93c637f1d6502304c6f468a334cd7cd641330872eb08,test
/content/drive/MyDrive/MaizeData/prepared_images/rgb_bilinear_v1_224/6a0fdf823dc817f38039bbc50c9d4b1aeaef29893d59287887224a66b12c607a_224x224.png,/content/drive/MyDrive/MaizeData/GOOD_SEED/IMG_20260706_083531_1.jpg,6a0fdf823dc817f38039bbc50c9d4b1aeaef29893d59287887224a66b12c607a,GOOD_SEED,1,6a0fdf823dc817f38039bbc50c9d4b1aeaef29893d59287887224a66b12c607a,test
/content/drive/MyDrive/MaizeData/prepared_images/rgb_bilinear_v1_224/9b60ad2ac32b042db2ce4da0e89cd8ce43f021ecea61783331b4e063e31083d4_224x224.png,/content/drive/MyDrive/MaizeData/BAD_SEED/IMG_20260707_100236.jpg,9b60ad2ac32b042db2ce4da0e89cd8ce43f021ecea61783331b4e063e31083d4,BAD_SEED,0,9b60ad2ac32b042db2ce4da0e89cd8ce43f021ecea61783331b4e063e31083d4,test
/content/drive/MyDrive/MaizeData/prepared_images/rgb_bilinear_v1_224/51c2c33a8f47f99b920a27829d8c4a56ca54bbfae682025216e3c6c3b19df618_224x224.png,/content/drive/MyDrive/MaizeData/NO_MAIZE/IMG_5567.jpg,51c2c33a8f47f99b920a27829d8c4a56ca54bbfae682025216e3c6c3b19df618,NO_MAIZE,2,51c2c33a8f47f99b920a27829d8c4a56ca54bbfae682025216e3c6c3b19df618,test
/content/drive/MyDrive/MaizeData/prepared_images/rgb_bilinear_v1_224/8d179c63fbf7f66f9d2e0b9cb294ac2d25e0b393a6fe14074269be8116977a45_224x224.png,/content/drive/MyDrive/MaizeData/BAD_SEED/IMG_20260707_084351.jpg,8d179c63fbf7f66f9d2e0b9cb294ac2d25e0b393a6fe14074269be8116977a45,BAD_SEED,0,8d179c63fbf7f66f9d2e0b9cb294ac2d25e0b393a6fe14074269be8116977a45,test
/content/drive/MyDrive/MaizeData/prepared_images/rgb_bilinear_v1_224/3796af1ded190123c74b301d7eeb718a9835719e3bb38b8c22745ed4e4e70720_224x224.png,/content/drive/MyDrive/MaizeData/GOOD_SEED/IMG_20260706_083322.jpg,3796af1ded190123c74b301d7eeb718a9835719e3bb38b8c22745ed4e4e70720,GOOD_SEED,1,3796af1ded190123c74b301d7eeb718a9835719e3bb38b8c22745ed4e4e70720,test
/content/drive/MyDrive/MaizeData/prepared_images/rgb_bilinear_v1_224/a651dfa53797419abba5c88b7d75ce36f6470f600eea35759ec59118db6ae2c7_224x224.png,/content/drive/MyDrive/MaizeData/GOOD_SEED/IMG_20260706_073027.jpg,a651dfa53797419abba5c88b7d75ce36f6470f600eea35759ec59118db6ae2c7,GOOD_SEED,1,a651dfa53797419abba5c88b7d75ce36f6470f600eea35759ec59118db6ae2c7,test
/content/drive/MyDrive/MaizeData/prepared_images/rgb_bilinear_v1_224/d75171b9919ec70d8fcba481a28259c109178623bea790caa0c7beacdeba598c_224x224.png,/content/drive/MyDrive/MaizeData/BAD_SEED/IMG_20260709_183005_1.jpg,d75171b9919ec70d8fcba481a28259c109178623bea790caa0c7beacdeba598c,BAD_SEED,0,d75171b9919ec70d8fcba481a28259c109178623bea790caa0c7beacdeba598c,test
/content/drive/MyDrive/MaizeData/prepared_images/rgb_bilinear_v1_224/bd110404d080313fd608a8ce817f737dc35bdda763cbb66209fc0cadccae7e87_224x224.png,/content/drive/MyDrive/MaizeData/NO_MAIZE/IMG_5552.jpg,bd110404d080313fd608a8ce817f737dc35bdda763cbb66209fc0cadccae7e87,NO_MAIZE,2,bd110404d080313fd608a8ce817f737dc35bdda763cbb66209fc0cadccae7e87,test
/content/drive/MyDrive/MaizeData/prepared_images/rgb_bilinear_v1_224/4950b5b3a455b8032bddb1c5c2780d04a42f7060748c28d756c8aa6330e8f731_224x224.png,/content/drive/MyDrive/MaizeData/BAD_SEED/IMG_20260707_091649.jpg,4950b5b3a455b8032bddb1c5c2780d04a42f7060748c28d756c8aa6330e8f731,BAD_SEED,0,4950b5b3a455b8032bddb1c5c2780d04a42f7060748c28d756c8aa6330e8f731,test
/content/drive/MyDrive/MaizeData/prepared_images/rgb_bilinear_v1_224/d44de2b7ba02f12eda303eda808c486f97cabceb4eb40bf736edf06ef5af9f51_224x224.png,/content/drive/MyDrive/MaizeData/BAD_SEED/IMG_20260707_094054.jpg,d44de2b7ba02f12eda303eda808c486f97cabceb4eb40bf736edf06ef5af9f51,BAD_SEED,0,d44de2b7ba02f12eda303eda808c486f97cabceb4eb40bf736edf06ef5af9f51,test
/content/drive/MyDrive/MaizeData/prepared_images/rgb_bilinear_v1_224/b3e88fa5724a0a7c5b97a7fe2d077cdc865ec96750ec3ffb3da2f1d9527b3f23_224x224.png,/content/drive/MyDrive/MaizeData/GOOD_SEED/IMG_20260706_051456.jpg,b3e88fa5724a0a7c5b97a7fe2d077cdc865ec96750ec3ffb3da2f1d9527b3f23,GOOD_SEED,1,b3e88fa5724a0a7c5b97a7fe2d077cdc865ec96750ec3ffb3da2f1d9527b3f23,test
/content/drive/MyDrive/MaizeData/prepared_images/rgb_bilinear_v1_224/13ed27cfb69c0d6909b813ccf1da99ca181d2f6baacb65aa794fa94dcc4bb9ed_224x224.png,/content/drive/MyDrive/MaizeData/GOOD_SEED/IMG_20260706_074352.jpg,13ed27cfb69c0d6909b813ccf1da99ca181d2f6baacb65aa794fa94dcc4bb9ed,GOOD_SEED,1,13ed27cfb69c0d6909b813ccf1da99ca181d2f6baacb65aa794fa94dcc4bb9ed,test
/content/drive/MyDrive/MaizeData/prepared_images/rgb_bilinear_v1_224/4e1ca7bb5610082ca5331099e081b372a29ea6a681a0721bd72fe2a346f57853_224x224.png,/content/drive/MyDrive/MaizeData/GOOD_SEED/IMG_20260706_112729_1.jpg,4e1ca7bb5610082ca5331099e081b372a29ea6a681a0721bd72fe2a346f57853,GOOD_SEED,1,4e1ca7bb5610082ca5331099e081b372a29ea6a681a0721bd72fe2a346f57853,test
/content/drive/MyDrive/MaizeData/prepared_images/rgb_bilinear_v1_224/4009c2a73f8baf357a80159c2ee6780c520bc1d57e1a67e0d51a617449ccbcfe_224x224.png,/content/drive/MyDrive/MaizeData/BAD_SEED/IMG_20260707_090525_1.jpg,4009c2a73f8baf357a80159c2ee6780c520bc1d57e1a67e0d51a617449ccbcfe,BAD_SEED,0,4009c2a73f8baf357a80159c2ee6780c520bc1d57e1a67e0d51a617449ccbcfe,test
/content/drive/MyDrive/MaizeData/prepared_images/rgb_bilinear_v1_224/736d2b0b3c22e92c10338a819a53ff7ef61e30dd25fe3108cfa1e632b2433b95_224x224.png,/content/drive/MyDrive/MaizeData/BAD_SEED/IMG_20260707_095337.jpg,736d2b0b3c22e92c10338a819a53ff7ef61e30dd25fe3108cfa1e632b2433b95,BAD_SEED,0,736d2b0b3c22e92c10338a819a53ff7ef61e30dd25fe3108cfa1e632b2433b95,test
/content/drive/MyDrive/MaizeData/prepared_images/rgb_bilinear_v1_224/99025888ee323c433e6a136180956b8973b2f32a2d24c607e37c3833685093a5_224x224.png,/content/drive/MyDrive/MaizeData/BAD_SEED/IMG_20260709_095528_1.jpg,99025888ee323c433e6a136180956b8973b2f32a2d24c607e37c3833685093a5,BAD_SEED,0,99025888ee323c433e6a136180956b8973b2f32a2d24c607e37c3833685093a5,test
/content/drive/MyDrive/MaizeData/prepared_images/rgb_bilinear_v1_224/1a626470c3ade6633220bab6b7912d530eb2e615295913f4ca3a67c152927037_224x224.png,/content/drive/MyDrive/MaizeData/BAD_SEED/IMG_20260709_095543.jpg,1a626470c3ade6633220bab6b7912d530eb2e615295913f4ca3a67c152927037,BAD_SEED,0,1a626470c3ade6633220bab6b7912d530eb2e615295913f4ca3a67c152927037,test
/content/drive/MyDrive/MaizeData/prepared_images/rgb_bilinear_v1_224/c8ecd27be27e32e7842bdbff89b845f8cc58126bf9b0705283e3a566d905c807_224x224.png,/content/drive/MyDrive/MaizeData/GOOD_SEED/IMG_20260706_022033.jpg,c8ecd27be27e32e7842bdbff89b845f8cc58126bf9b0705283e3a566d905c807,GOOD_SEED,1,c8ecd27be27e32e7842bdbff89b845f8cc58126bf9b0705283e3a566d905c807,test
/content/drive/MyDrive/MaizeData/prepared_images/rgb_bilinear_v1_224/c6e8044e6f6ff7a1f28ff302bbc13e29f49f39eae269cd466493b729fb34d397_224x224.png,/content/drive/MyDrive/MaizeData/BAD_SEED/IMG_20260709_184446.jpg,c6e8044e6f6ff7a1f28ff302bbc13e29f49f39eae269cd466493b729fb34d397,BAD_SEED,0,c6e8044e6f6ff7a1f28ff302bbc13e29f49f39eae269cd466493b729fb34d397,test
/content/drive/MyDrive/MaizeData/prepared_images/rgb_bilinear_v1_224/0295d4873133b5bcb118c36ed4894783b00f0a29d2f51eaa943c916a8d0714f6_224x224.png,/content/drive/MyDrive/MaizeData/NO_MAIZE/IMG_5533.jpg,0295d4873133b5bcb118c36ed4894783b00f0a29d2f51eaa943c916a8d0714f6,NO_MAIZE,2,0295d4873133b5bcb118c36ed4894783b00f0a29d2f51eaa943c916a8d0714f6,test
/content/drive/MyDrive/MaizeData/prepared_images/rgb_bilinear_v1_224/b338cc25ac34df1cb0fe7ba0a2eb07c8b2b30d350b1302439da74d647e8a3780_224x224.png,/content/drive/MyDrive/MaizeData/BAD_SEED/IMG_20260707_085219.jpg,b338cc25ac34df1cb0fe7ba0a2eb07c8b2b30d350b1302439da74d647e8a3780,BAD_SEED,0,b338cc25ac34df1cb0fe7ba0a2eb07c8b2b30d350b1302439da74d647e8a3780,test
/content/drive/MyDrive/MaizeData/prepared_images/rgb_bilinear_v1_224/f7825d1d8a21c0fbdf0787c6bf7f7a78ea36de4c1d15434f8a91490d58e6a9a4_224x224.png,/content/drive/MyDrive/MaizeData/GOOD_SEED/IMG_20260706_075453.jpg,f7825d1d8a21c0fbdf0787c6bf7f7a78ea36de4c1d15434f8a91490d58e6a9a4,GOOD_SEED,1,f7825d1d8a21c0fbdf0787c6bf7f7a78ea36de4c1d15434f8a91490d58e6a9a4,test
/content/drive/MyDrive/MaizeData/prepared_images/rgb_bilinear_v1_224/3317110f616cee6639a9e9c4fb4ab77a6fcb79bacc1f46643f5c796c7fd209ca_224x224.png,/content/drive/MyDrive/MaizeData/BAD_SEED/IMG_20260707_100721.jpg,3317110f616cee6639a9e9c4fb4ab77a6fcb79bacc1f46643f5c796c7fd209ca,BAD_SEED,0,3317110f616cee6639a9e9c4fb4ab77a6fcb79bacc1f46643f5c796c7fd209ca,test
/content/drive/MyDrive/MaizeData/prepared_images/rgb_bilinear_v1_224/001523122e5406cf16b8f38d0b57d9c751805800f20181670ac11fe400ab766f_224x224.png,/content/drive/MyDrive/MaizeData/GOOD_SEED/IMG_20260706_113954.jpg,001523122e5406cf16b8f38d0b57d9c751805800f20181670ac11fe400ab766f,GOOD_SEED,1,001523122e5406cf16b8f38d0b57d9c751805800f20181670ac11fe400ab766f,test
/content/drive/MyDrive/MaizeData/prepared_images/rgb_bilinear_v1_224/bd6e11b653a969d9bf2636a1d4e208f83f7595758b41e61e0f609c5acfed0dce_224x224.png,/content/drive/MyDrive/MaizeData/GOOD_SEED/IMG_20260706_103853.jpg,bd6e11b653a969d9bf2636a1d4e208f83f7595758b41e61e0f609c5acfed0dce,GOOD_SEED,1,bd6e11b653a969d9bf2636a1d4e208f83f7595758b41e61e0f609c5acfed0dce,test
/content/drive/MyDrive/MaizeData/prepared_images/rgb_bilinear_v1_224/39497b3b760ea27dac1416cc4802ddb3819ac8fa4a0391d156c1bb4297d63b93_224x224.png,/content/drive/MyDrive/MaizeData/GOOD_SEED/IMG_20260706_052413.jpg,39497b3b760ea27dac1416cc4802ddb3819ac8fa4a0391d156c1bb4297d63b93,GOOD_SEED,1,39497b3b760ea27dac1416cc4802ddb3819ac8fa4a0391d156c1bb4297d63b93,test
/content/drive/MyDrive/MaizeData/prepared_images/rgb_bilinear_v1_224/c58346765782d20bdd64df1033d898ae9c29858f9d253639257649045dabef5b_224x224.png,/content/drive/MyDrive/MaizeData/BAD_SEED/IMG_20260707_101928.jpg,c58346765782d20bdd64df1033d898ae9c29858f9d253639257649045dabef5b,BAD_SEED,0,c58346765782d20bdd64df1033d898ae9c29858f9d253639257649045dabef5b,test
/content/drive/MyDrive/MaizeData/prepared_images/rgb_bilinear_v1_224/3e61d0034c42545d983d45d8408f614e59c4c59692d04f928da437432a420e29_224x224.png,/content/drive/MyDrive/MaizeData/BAD_SEED/IMG_20260707_093833.jpg,3e61d0034c42545d983d45d8408f614e59c4c59692d04f928da437432a420e29,BAD_SEED,0,3e61d0034c42545d983d45d8408f614e59c4c59692d04f928da437432a420e29,test
/content/drive/MyDrive/MaizeData/prepared_images/rgb_bilinear_v1_224/5202f9e2b484b6a2d2e1f6dcb8b4475a1607c605c842f11aba03bf6e596b6574_224x224.png,/content/drive/MyDrive/MaizeData/BAD_SEED/IMG_20260707_093851.jpg,5202f9e2b484b6a2d2e1f6dcb8b4475a1607c605c842f11aba03bf6e596b6574,BAD_SEED,0,5202f9e2b484b6a2d2e1f6dcb8b4475a1607c605c842f11aba03bf6e596b6574,test
/content/drive/MyDrive/MaizeData/prepared_images/rgb_bilinear_v1_224/97cd2328081b2581367d67051681a59c29b829865b2aebad5daf04026ff46983_224x224.png,/content/drive/MyDrive/MaizeData/BAD_SEED/IMG_20260707_085119_1.jpg,97cd2328081b2581367d67051681a59c29b829865b2aebad5daf04026ff46983,BAD_SEED,0,97cd2328081b2581367d67051681a59c29b829865b2aebad5daf04026ff46983,test
/content/drive/MyDrive/MaizeData/prepared_images/rgb_bilinear_v1_224/30118673812f9a2c81d2dac5e090e01ecacfdf13c002fa628032e627a94bef35_224x224.png,/content/drive/MyDrive/MaizeData/GOOD_SEED/IMG_20260706_082613.jpg,30118673812f9a2c81d2dac5e090e01ecacfdf13c002fa628032e627a94bef35,GOOD_SEED,1,30118673812f9a2c81d2dac5e090e01ecacfdf13c002fa628032e627a94bef35,test
/content/drive/MyDrive/MaizeData/prepared_images/rgb_bilinear_v1_224/ffa78854fd8fd71bca030ad4ffdb2dde404c6a42fb2f41806da17f2f738eeacb_224x224.png,/content/drive/MyDrive/MaizeData/BAD_SEED/IMG_20260709_093802.jpg,ffa78854fd8fd71bca030ad4ffdb2dde404c6a42fb2f41806da17f2f738eeacb,BAD_SEED,0,ffa78854fd8fd71bca030ad4ffdb2dde404c6a42fb2f41806da17f2f738eeacb,test
/content/drive/MyDrive/MaizeData/prepared_images/rgb_bilinear_v1_224/16832efccb1ea0ba927fc85a1840bbb2aeef58da6f4e4fe59946e67559da3ecf_224x224.png,/content/drive/MyDrive/MaizeData/GOOD_SEED/IMG_20260706_075337_1.jpg,16832efccb1ea0ba927fc85a1840bbb2aeef58da6f4e4fe59946e67559da3ecf,GOOD_SEED,1,16832efccb1ea0ba927fc85a1840bbb2aeef58da6f4e4fe59946e67559da3ecf,test
/content/drive/MyDrive/MaizeData/prepared_images/rgb_bilinear_v1_224/ee7f3d0012fc3583463809a5973c1f5efb9f7bb294606617a24124f614b2c999_224x224.png,/content/drive/MyDrive/MaizeData/BAD_SEED/IMG_20260709_183354.jpg,ee7f3d0012fc3583463809a5973c1f5efb9f7bb294606617a24124f614b2c999,BAD_SEED,0,ee7f3d0012fc3583463809a5973c1f5efb9f7bb294606617a24124f614b2c999,test
/content/drive/MyDrive/MaizeData/prepared_images/rgb_bilinear_v1_224/43b6b7d190965b117f3d26233907d6c895830faf75d18263dfd31862ab48df7c_224x224.png,/content/drive/MyDrive/MaizeData/NO_MAIZE/IMG_5627.jpg,43b6b7d190965b117f3d26233907d6c895830faf75d18263dfd31862ab48df7c,NO_MAIZE,2,43b6b7d190965b117f3d26233907d6c895830faf75d18263dfd31862ab48df7c,test
/content/drive/MyDrive/MaizeData/prepared_images/rgb_bilinear_v1_224/d38137a8ab275150c6fcc50bd0ab5ca776cd5675fb92707db1e9d0aed59be6b9_224x224.png,/content/drive/MyDrive/MaizeData/BAD_SEED/IMG_20260707_090446.jpg,d38137a8ab275150c6fcc50bd0ab5ca776cd5675fb92707db1e9d0aed59be6b9,BAD_SEED,0,d38137a8ab275150c6fcc50bd0ab5ca776cd5675fb92707db1e9d0aed59be6b9,test
/content/drive/MyDrive/MaizeData/prepared_images/rgb_bilinear_v1_224/65e630b21a515b226c3272c67a99ba5e382daf845310d90cc71869ab84b75509_224x224.png,/content/drive/MyDrive/MaizeData/GOOD_SEED/IMG_20260706_102139.jpg,65e630b21a515b226c3272c67a99ba5e382daf845310d90cc71869ab84b75509,GOOD_SEED,1,65e630b21a515b226c3272c67a99ba5e382daf845310d90cc71869ab84b75509,test
/content/drive/MyDrive/MaizeData/prepared_images/rgb_bilinear_v1_224/cc92f4a52f961bf862a955b9ddbe8b3a8b223c9798b129802b0c9f82939fd5fd_224x224.png,/content/drive/MyDrive/MaizeData/GOOD_SEED/IMG_20260706_073740.jpg,cc92f4a52f961bf862a955b9ddbe8b3a8b223c9798b129802b0c9f82939fd5fd,GOOD_SEED,1,cc92f4a52f961bf862a955b9ddbe8b3a8b223c9798b129802b0c9f82939fd5fd,test
/content/drive/MyDrive/MaizeData/prepared_images/rgb_bilinear_v1_224/be7bc02fc670b065f4ade3247c124ee14fa7b88a7873bb9892198d4e6b7310f5_224x224.png,/content/drive/MyDrive/MaizeData/BAD_SEED/IMG_20260709_180031.jpg,be7bc02fc670b065f4ade3247c124ee14fa7b88a7873bb9892198d4e6b7310f5,BAD_SEED,0,be7bc02fc670b065f4ade3247c124ee14fa7b88a7873bb9892198d4e6b7310f5,test
/content/drive/MyDrive/MaizeData/prepared_images/rgb_bilinear_v1_224/f3db352fdced3d44a0587b6ea50a4fe85e84ba1a215c8a23432afe90377908ca_224x224.png,/content/drive/MyDrive/MaizeData/BAD_SEED/IMG_20260707_090508.jpg,f3db352fdced3d44a0587b6ea50a4fe85e84ba1a215c8a23432afe90377908ca,BAD_SEED,0,f3db352fdced3d44a0587b6ea50a4fe85e84ba1a215c8a23432afe90377908ca,test
/content/drive/MyDrive/MaizeData/prepared_images/rgb_bilinear_v1_224/e1fe39d22379790b9a97f796ed24f88dcf8d83837150ca76e159d345af1cbdab_224x224.png,/content/drive/MyDrive/MaizeData/NO_MAIZE/IMG_5575.jpg,e1fe39d22379790b9a97f796ed24f88dcf8d83837150ca76e159d345af1cbdab,NO_MAIZE,2,e1fe39d22379790b9a97f796ed24f88dcf8d83837150ca76e159d345af1cbdab,test
/content/drive/MyDrive/MaizeData/prepared_images/rgb_bilinear_v1_224/e442c5ee4e34295631c0b5c1801ab80ad5eef4c041725e7a8b142e7b47681a99_224x224.png,/content/drive/MyDrive/MaizeData/GOOD_SEED/IMG_20260706_100546.jpg,e442c5ee4e34295631c0b5c1801ab80ad5eef4c041725e7a8b142e7b47681a99,GOOD_SEED,1,e442c5ee4e34295631c0b5c1801ab80ad5eef4c041725e7a8b142e7b47681a99,test
/content/drive/MyDrive/MaizeData/prepared_images/rgb_bilinear_v1_224/985ad00ab348a911687d30ad1088725be925dc21dffe1b359652f7463dcba42d_224x224.png,/content/drive/MyDrive/MaizeData/GOOD_SEED/IMG_20260706_080939.jpg,985ad00ab348a911687d30ad1088725be925dc21dffe1b359652f7463dcba42d,GOOD_SEED,1,985ad00ab348a911687d30ad1088725be925dc21dffe1b359652f7463dcba42d,test
/content/drive/MyDrive/MaizeData/prepared_images/rgb_bilinear_v1_224/04d926fa4ea798ba841b2d7bf2e529773fab2cbcb0b73ec8349c779c5879f915_224x224.png,/content/drive/MyDrive/MaizeData/BAD_SEED/IMG_20260709_090713.jpg,04d926fa4ea798ba841b2d7bf2e529773fab2cbcb0b73ec8349c779c5879f915,BAD_SEED,0,04d926fa4ea798ba841b2d7bf2e529773fab2cbcb0b73ec8349c779c5879f915,test
/content/drive/MyDrive/MaizeData/prepared_images/rgb_bilinear_v1_224/e4124fb6f304c70f74865dc2caf13e1ce10107f88769ddccc4acc63f205aafc5_224x224.png,/content/drive/MyDrive/MaizeData/GOOD_SEED/IMG_20260706_085207.jpg,e4124fb6f304c70f74865dc2caf13e1ce10107f88769ddccc4acc63f205aafc5,GOOD_SEED,1,e4124fb6f304c70f74865dc2caf13e1ce10107f88769ddccc4acc63f205aafc5,test
/content/drive/MyDrive/MaizeData/prepared_images/rgb_bilinear_v1_224/0964788d9614b58250b10de637a42130f3404b273eb6706787335da8a7f6fec4_224x224.png,/content/drive/MyDrive/MaizeData/GOOD_SEED/IMG_20260706_102930.jpg,0964788d9614b58250b10de637a42130f3404b273eb6706787335da8a7f6fec4,GOOD_SEED,1,0964788d9614b58250b10de637a42130f3404b273eb6706787335da8a7f6fec4,test
/content/drive/MyDrive/MaizeData/prepared_images/rgb_bilinear_v1_224/9e676bfc3b17a5bbbb45fb7918a9189b7cd96ace05a9fe0b19af4f0fa3bea670_224x224.png,/content/drive/MyDrive/MaizeData/GOOD_SEED/IMG_20260706_112323.jpg,9e676bfc3b17a5bbbb45fb7918a9189b7cd96ace05a9fe0b19af4f0fa3bea670,GOOD_SEED,1,9e676bfc3b17a5bbbb45fb7918a9189b7cd96ace05a9fe0b19af4f0fa3bea670,test
/content/drive/MyDrive/MaizeData/prepared_images/rgb_bilinear_v1_224/14cb7e2f8100121cc11202d649508ab7dfb27a4ad788598c82dd9cf7afe2a68a_224x224.png,/content/drive/MyDrive/MaizeData/BAD_SEED/IMG_20260709_094258.jpg,14cb7e2f8100121cc11202d649508ab7dfb27a4ad788598c82dd9cf7afe2a68a,BAD_SEED,0,14cb7e2f8100121cc11202d649508ab7dfb27a4ad788598c82dd9cf7afe2a68a,test
/content/drive/MyDrive/MaizeData/prepared_images/rgb_bilinear_v1_224/42725e0c824af36290b4f59b29031ed0074abdf8bdc662f6e93730bccdd04da0_224x224.png,/content/drive/MyDrive/MaizeData/GOOD_SEED/IMG_20260706_073122.jpg,42725e0c824af36290b4f59b29031ed0074abdf8bdc662f6e93730bccdd04da0,GOOD_SEED,1,42725e0c824af36290b4f59b29031ed0074abdf8bdc662f6e93730bccdd04da0,test
/content/drive/MyDrive/MaizeData/prepared_images/rgb_bilinear_v1_224/8578d02b6e983428681df4047fd26a5d27f24d29cd1b380b689def0f98845c4e_224x224.png,/content/drive/MyDrive/MaizeData/BAD_SEED/IMG_20260709_090941.jpg,8578d02b6e983428681df4047fd26a5d27f24d29cd1b380b689def0f98845c4e,BAD_SEED,0,8578d02b6e983428681df4047fd26a5d27f24d29cd1b380b689def0f98845c4e,test
/content/drive/MyDrive/MaizeData/prepared_images/rgb_bilinear_v1_224/f837869d834567343b023525c3ad0787d4365c47bdba8b125dbf92f2e9ce398d_224x224.png,/content/drive/MyDrive/MaizeData/BAD_SEED/IMG_20260707_095444.jpg,f837869d834567343b023525c3ad0787d4365c47bdba8b125dbf92f2e9ce398d,BAD_SEED,0,f837869d834567343b023525c3ad0787d4365c47bdba8b125dbf92f2e9ce398d,test
/content/drive/MyDrive/MaizeData/prepared_images/rgb_bilinear_v1_224/ce7901e752df5aa3cf64f8a4b0f17c93f16ae93cb02cdfd051a6be43537fd7a4_224x224.png,/content/drive/MyDrive/MaizeData/NO_MAIZE/IMG_5531.jpg,ce7901e752df5aa3cf64f8a4b0f17c93f16ae93cb02cdfd051a6be43537fd7a4,NO_MAIZE,2,ce7901e752df5aa3cf64f8a4b0f17c93f16ae93cb02cdfd051a6be43537fd7a4,test
/content/drive/MyDrive/MaizeData/prepared_images/rgb_bilinear_v1_224/a2926b25b8e014a4a8c8fa64ea156c0bab7f7b7118ff2fd0677ec7ed7beff277_224x224.png,/content/drive/MyDrive/MaizeData/GOOD_SEED/IMG_20260706_104155.jpg,a2926b25b8e014a4a8c8fa64ea156c0bab7f7b7118ff2fd0677ec7ed7beff277,GOOD_SEED,1,a2926b25b8e014a4a8c8fa64ea156c0bab7f7b7118ff2fd0677ec7ed7beff277,test
/content/drive/MyDrive/MaizeData/prepared_images/rgb_bilinear_v1_224/ee2cf96d2eff56e64a8c30cb4a12331b1587eabb4f8ff360a058a0621e1fd63d_224x224.png,/content/drive/MyDrive/MaizeData/GOOD_SEED/IMG_20260706_085748_1.jpg,ee2cf96d2eff56e64a8c30cb4a12331b1587eabb4f8ff360a058a0621e1fd63d,GOOD_SEED,1,ee2cf96d2eff56e64a8c30cb4a12331b1587eabb4f8ff360a058a0621e1fd63d,test
/content/drive/MyDrive/MaizeData/prepared_images/rgb_bilinear_v1_224/eb40542c2fa07ed401dffb8988891ef3955cb6ed63034b94d0447081e7695506_224x224.png,/content/drive/MyDrive/MaizeData/BAD_SEED/IMG_20260709_093140.jpg,eb40542c2fa07ed401dffb8988891ef3955cb6ed63034b94d0447081e7695506,BAD_SEED,0,eb40542c2fa07ed401dffb8988891ef3955cb6ed63034b94d0447081e7695506,test
/content/drive/MyDrive/MaizeData/prepared_images/rgb_bilinear_v1_224/33b01a21326d7518ff544353e334bf8964175308106d7f78cde2c86af14b8263_224x224.png,/content/drive/MyDrive/MaizeData/BAD_SEED/IMG_20260709_183319.jpg,33b01a21326d7518ff544353e334bf8964175308106d7f78cde2c86af14b8263,BAD_SEED,0,33b01a21326d7518ff544353e334bf8964175308106d7f78cde2c86af14b8263,test
/content/drive/MyDrive/MaizeData/prepared_images/rgb_bilinear_v1_224/32c1785dcbc2386988f2dab7f0f56cab74cc82761ce446f487744764f453ed0e_224x224.png,/content/drive/MyDrive/MaizeData/GOOD_SEED/IMG_20260706_102945.jpg,32c1785dcbc2386988f2dab7f0f56cab74cc82761ce446f487744764f453ed0e,GOOD_SEED,1,32c1785dcbc2386988f2dab7f0f56cab74cc82761ce446f487744764f453ed0e,test
/content/drive/MyDrive/MaizeData/prepared_images/rgb_bilinear_v1_224/1b2f39ea7d30988a81675b496cc7bfeb0a2c411bf96bc8b29cd7e9f3ddf39ca0_224x224.png,/content/drive/MyDrive/MaizeData/GOOD_SEED/IMG_20260706_080926_1.jpg,1b2f39ea7d30988a81675b496cc7bfeb0a2c411bf96bc8b29cd7e9f3ddf39ca0,GOOD_SEED,1,1b2f39ea7d30988a81675b496cc7bfeb0a2c411bf96bc8b29cd7e9f3ddf39ca0,test
/content/drive/MyDrive/MaizeData/prepared_images/rgb_bilinear_v1_224/0d25db4328875bf91b4d7f18fe0fd713821395c647353917383e32b2847441a8_224x224.png,/content/drive/MyDrive/MaizeData/GOOD_SEED/IMG_20260706_102624_1.jpg,0d25db4328875bf91b4d7f18fe0fd713821395c647353917383e32b2847441a8,GOOD_SEED,1,0d25db4328875bf91b4d7f18fe0fd713821395c647353917383e32b2847441a8,test
/content/drive/MyDrive/MaizeData/prepared_images/rgb_bilinear_v1_224/046a105a11b89f09d867c1da61e03dc2ef91d688c764afb9b00a8750a6575594_224x224.png,/content/drive/MyDrive/MaizeData/GOOD_SEED/IMG_20260706_090656.jpg,046a105a11b89f09d867c1da61e03dc2ef91d688c764afb9b00a8750a6575594,GOOD_SEED,1,046a105a11b89f09d867c1da61e03dc2ef91d688c764afb9b00a8750a6575594,test
/content/drive/MyDrive/MaizeData/prepared_images/rgb_bilinear_v1_224/ec4fba463c975becd0c915fd57fcb7603994bb73faa7bc515ca0fab1d9b43f7c_224x224.png,/content/drive/MyDrive/MaizeData/BAD_SEED/IMG_20260709_173857.jpg,ec4fba463c975becd0c915fd57fcb7603994bb73faa7bc515ca0fab1d9b43f7c,BAD_SEED,0,ec4fba463c975becd0c915fd57fcb7603994bb73faa7bc515ca0fab1d9b43f7c,test
/content/drive/MyDrive/MaizeData/prepared_images/rgb_bilinear_v1_224/b7a6211528e2cfd2f0808a81ea75ce09a0598486b7da09cd8506b2a3942cabd2_224x224.png,/content/drive/MyDrive/MaizeData/GOOD_SEED/IMG_20260706_090145.jpg,b7a6211528e2cfd2f0808a81ea75ce09a0598486b7da09cd8506b2a3942cabd2,GOOD_SEED,1,b7a6211528e2cfd2f0808a81ea75ce09a0598486b7da09cd8506b2a3942cabd2,test
/content/drive/MyDrive/MaizeData/prepared_images/rgb_bilinear_v1_224/9d27cb50bc13e0dcf815363af28e6ffeb35d12b6c1e17cd913f4f773759c3d45_224x224.png,/content/drive/MyDrive/MaizeData/GOOD_SEED/IMG_20260706_113925.jpg,9d27cb50bc13e0dcf815363af28e6ffeb35d12b6c1e17cd913f4f773759c3d45,GOOD_SEED,1,9d27cb50bc13e0dcf815363af28e6ffeb35d12b6c1e17cd913f4f773759c3d45,test
/content/drive/MyDrive/MaizeData/prepared_images/rgb_bilinear_v1_224/77e72b43d8fd1f311f323f6bcc5ec94e9b7b73c935c9509357d90b27f0b0c437_224x224.png,/content/drive/MyDrive/MaizeData/GOOD_SEED/IMG_20260706_112421.jpg,77e72b43d8fd1f311f323f6bcc5ec94e9b7b73c935c9509357d90b27f0b0c437,GOOD_SEED,1,77e72b43d8fd1f311f323f6bcc5ec94e9b7b73c935c9509357d90b27f0b0c437,test
